Workbook

Sheet Guide
B2: DULUX – SALES CHANNEL KPI & INCENTIVE TRACKER 2026
B3: Target → Phasing theo tuần → Actual → Performance tracking → Incentive
B5: 1. BỘ KPI ĐANG ÁP DỤNG
B6: LEAD KPI – 70% – review & trả theo QUÝ | C6: Invoiced Value 50% + Key account approach / Site check 20%. Hai chỉ số đo được thường xuyên để các bạn chạy và review hàng tuần/hàng quý.
B7: FOCUS KPI – 30% – chốt & trả CUỐI NĂM | C7: Spec-in Value 15% + Engaged Architect (Submit Design) 15%.
B8: Spec-in Design – theo dõi, weight 0% | C8: Số design nộp là chỉ số dẫn dắt của Spec-in Value (~50 MVND/design). Vẫn phase & track như 4 KPI kia nhưng chưa tính điểm – nếu quyết định tính điểm thì chỉ cần gõ weight vào KPI_Framework!F10 và chia lại 4 KPI còn lại cho tổng = 100%.
B10: 2. QUY TRÌNH SỬ DỤNG / HOW TO USE
B11: Bước 1 – Parameters | C11: Điền tên kênh, quý đang chốt. Chốt tỷ trọng Lead/Focus, đường trả thưởng (threshold–target–cap), pass gate, danh sách region.
B12: Bước 2 – KPI_Framework | C12: Chốt 5 KPI và weight. Tổng weight phải = 100% (ô kiểm tra sẽ báo đỏ nếu lệch).
B13: Bước 3 – Team_Master | C13: Nhập nhân sự: mã NV, team, region, line manager, area, số tháng hưởng, ATVP (quỹ thưởng mục tiêu cả năm).
B14: Bước 4 – Target_FY | C14: Nhập FY Target chính thức của từng người cho từng KPI (cột G). Ví dụ: Site check 215 roadshow, Engaged architect 80 D&B, Spec-in design 85, Spec-in value 4,250 MVND.
B15: Bước 5 – Weekly_Tracker ⭐ | C15: SHEET NHẬP LIỆU DUY NHẤT. Mỗi người 5 KPI × 3 dòng (Phasing / Actual / % Achieved), 12 tháng × 5 tuần. Phase target xuống từng tuần, hàng tuần điền Actual. Cột 'Check' ở Target_FY báo ngay nếu phasing cộng lại chưa khớp FY target.
B16: Bước 6 – Target_FY & Actual_Monthly | C16: Tự động: gom tuần → tháng → quý → luỹ kế YTD. Không nhập tay.
B17: Bước 7 – Tracking | C17: Tự động: achievement luỹ kế theo quý, payout factor từng KPI, Lead factor, Focus factor, pass gate, trạng thái RAG.
B18: Bước 8 – Incentive_Calc | C18: Tự động: tiền Lead trả từng quý + Focus trả cuối năm + tổng FY của từng người.
B19: Bước 9 – Dashboard | C19: Toàn kênh / theo region / theo từng người tại quý chọn ở Parameters!C7.
B21: 3. QUY TẮC TÍNH / CALCULATION RULES
B22: Lead KPI – 70% | C22: Đo LUỸ KẾ theo quý (Q3 = Jan–Sep). Tiền quý n = Lead pot × n/4 × factor luỹ kế đến quý n − số đã trả các quý trước.
B23: Focus KPI – 30% | C23: Đo luỹ kế cả năm, trả 1 lần sau khi chốt Q4, tối đa 150%.
B24: Payout curve | C24: < 80% → 0%. 80% → 50%. 100% → 100%. ≥ 120% → 150% (trần). Nội suy tuyến tính giữa các mốc. Sửa mốc tại Parameters mục C.
B25: Pass gate | C25: Kết quả Focus KPI khoá tiền Lead KPI: Focus ≥100% mở 100%; ≥90% mở 90%; ≥80% mở 80%; <80% không trả. Bật/tắt tại Parameters!C23.
B26: Prorate | C26: Người vào/ra giữa năm: điền số tháng hưởng ở Team_Master cột K, ATVP tự prorate.
B28: 4. QUY ƯỚC MÀU / COLOR LEGEND
B29: Chữ XANH DƯƠNG trên nền vàng nhạt | C29: Ô NHẬP LIỆU – chỉ gõ vào các ô này (Weekly_Tracker, Target_FY cột G, Team_Master, Parameters).
B30: Chữ ĐEN | C30: Công thức – không sửa.
B31: Chữ XANH LÁ | C31: Lấy từ sheet khác – không sửa.
B32: Nền xanh nhạt / vàng nhạt / xám | C32: Nhóm Lead KPI · nhóm Focus KPI · KPI chỉ theo dõi.
B34: 5. ĐIỂM CẦN CHỐT VỚI HR / BU
B35: a. KPI thứ 5 có tính điểm không? | C35: Hiện Spec-in Design để weight 0%. Nếu chốt tính điểm cho đủ 5 mục thì chia lại weight (VD Focus 30% = Spec-in value 10% + Engaged 10% + Design 10%).
B36: b. Payout tại ngưỡng 80% | C36: Đang giả định 50%. File Product Consultant chỉ ghi performance range 80–120, không ghi mức trả tại 80%.
B37: c. Hai bậc giữa của pass gate | C37: File mẫu chỉ ghi ≥100% trả 100% và <80% trả 0%; mức 90% và 80% đang giả định 90%/80%.
B38: d. Định nghĩa Site check hợp lệ | C38: Cần chốt: thế nào là 1 roadshow/site check được tính (check-in trên app? có biên bản? tối thiểu bao nhiêu phút?).
B39: e. Định nghĩa Engaged Architect | C39: Tính theo tài khoản KTS duy nhất/năm hay theo lượt submit? Điều kiện ghi nhận trên CRM.
B40: f. Spec-in Value | C40: Ghi nhận lúc spec-in hay lúc convert ra đơn? Xử lý thế nào khi dự án rớt?
B41: g. ATVP từng người | C41: Do HR cấp – file đang để số minh hoạ.
B42: h. Clawback | C42: Mặc định KHÔNG thu hồi khi quý sau tụt (Parameters!C31 = N).
B44: 6. DỮ LIỆU MẪU
B45: 6 nhân sự mẫu (SE-001…SE-006) | C45: Phasing cả năm + Actual Jan–Sep là SỐ MINH HOẠ. Xoá trước khi dùng thật: xoá dòng 6–11 ở Team_Master, xoá vùng tuần ở Weekly_Tracker và cột G ở Target_FY.
B46: Không chèn/xoá dòng giữa bảng | C46: Target_FY / Actual_Monthly / Weekly_Tracker / Tracking / Incentive_Calc khớp dòng theo đúng thứ tự Team_Master. Template có sẵn 15 slot nhân sự.
B48: Version 2.0 · 2026-09-17 · bộ KPI: Invoiced Value / Site check / Spec-in Value / Engaged Architect / Spec-in Design

Sheet Parameters
B2: PARAMETERS / THÔNG SỐ ĐIỀU KHIỂN
B3: Tất cả sheet khác lấy thông số từ đây. Chỉ sửa ô màu vàng.
B5: A. THÔNG TIN CHUNG / GENERAL
B6: Sales channel / Tên kênh | C6: Dulux – <điền tên kênh> | D6: VD: Project / Specification channel.
B7: Quý đang chốt (1–4) / Reporting quarter | C7: 3 | D7: Dashboard hiển thị luỹ kế đến quý này.
B8: Đơn vị tiền / Currency unit | C8: MVND | D8: Triệu đồng – giữ nhất quán mọi sheet.
B9: B. CHIA TỶ TRỌNG THƯỞNG / VARIABLE PAY SPLIT
B10: Lead KPI share – trả theo QUÝ | C10: 0.7
B11: Focus KPI share – trả theo NĂM | C11: 0.3
B12: Check = 100% | C12: =C10+C11 | D12: =IF(ROUND(C10+C11,6)=1,"OK","LỖI: tổng phải = 100%")
B13: C. ĐƯỜNG TRẢ THƯỞNG / PAYOUT CURVE
B14: Mốc / Point | C14: Giá trị | D14: Ghi chú
B15: Threshold achievement (dưới mức này = 0đ) | C15: 0.8 | D15: Performance range 80–120 theo file mẫu.
B16: Payout tại threshold | C16: 0.5 | D16: GIẢ ĐỊNH – cần HR xác nhận.
B17: Target achievement | C17: 1
B18: Payout tại target | C18: 1
B19: Max achievement (cap) | C19: 1.2
B20: Payout tại cap | C20: 1.5 | D20: Trần 150% theo ghi chú file mẫu.
B21: Giữa các mốc: nội suy tuyến tính. Trên cap: giữ nguyên mức cap.
B22: D. PASS GATE – Focus KPI khoá tiền Lead KPI
B23: Gate ON / OFF | C23: ON | D23: OFF = trả đủ Lead KPI, bỏ qua gate.
B24: Focus KPI achievement ≥ | C24: % tiền Lead được trả | D24: Ghi chú
B25: 1 | C25: 1 | D25: Theo file mẫu: ≥100% → trả 100%.
B26: 0.9 | C26: 0.9 | D26: GIẢ ĐỊNH – cần chốt.
B27: 0.8 | C27: 0.8 | D27: GIẢ ĐỊNH – cần chốt.
B28: < 80% | C28: 0 | D28: Theo file mẫu: <80% → trả 0%.
B29: E. TRUE-UP / CLAWBACK
B30: Cơ chế luỹ kế: tiền quý = số hưởng luỹ kế − số đã trả.
B31: Cho phép true-up âm (thu hồi) Y/N | C31: N | D31: N = quý tụt thì trả 0, không thu hồi.
B32: F. DANH SÁCH REGION / REGION LIST
B33: HA NOI | D33: Sửa/thêm region tại B33:B40 – Dashboard đọc đúng danh sách này.
B34: HCMC
B35: NORTH
B36: NCENT
B37: SCENT
B38: HCMEX
B39: MEKONG
B41: G. LỊCH QUÝ / THÁNG / TUẦN
B42: Q1 = Jan–Mar · Q2 = Apr–Jun · Q3 = Jul–Sep · Q4 = Oct–Dec | D42: Weekly_Tracker: mỗi tháng có 5 ô tuần (W1–W5); tháng chỉ có 4 tuần thì để trống W5.

Sheet KPI_Framework
B2: 2026 KPIs OF SALES FORCE INCENTIVE – <TÊN KÊNH> – FY2026
B3: Tracking / Incentive đọc weight trực tiếp từ cột Weight bên dưới. Sửa weight ở đây là cả file đổi theo.
B5: KPI code | C5: KPI (EN) | D5: Tên KPI (VN) | E5: Group | F5: Weight | G5: Weight in group | H5: Measurement frequency | I5: Payout | J5: Unit | K5: Data source | L5: Định nghĩa / Definition
B6: K1 | C6: Invoiced Value | D6: Doanh số xuất hoá đơn | E6: Lead | F6: 0.5 | G6: =IFERROR(F6/SUMIF($E$6:$E$10,E6,$F$6:$F$10),0) | H6: Quarterly cumulative | I6: Quarterly | J6: MVND | K6: DERP / Invoice report | L6: Giá trị hoá đơn thực xuất cho khách hàng / dự án thuộc danh sách phụ trách.
B7: K2 | C7: Key account approach / Site check | D7: Site check – tiếp cận key account | E7: Lead | F7: 0.2 | G7: =IFERROR(F7/SUMIF($E$6:$E$10,E7,$F$6:$F$10),0) | H7: Quarterly cumulative | I7: Quarterly | J7: Roadshow | K7: Mini Sales app / CRM | L7: Số lượt roadshow / site check hợp lệ (có check-in, có biên bản trên app).
B8: K3 | C8: Spec-in Value | D8: Giá trị dự án được chỉ định | E8: Focus | F8: 0.15 | G8: =IFERROR(F8/SUMIF($E$6:$E$10,E8,$F$6:$F$10),0) | H8: Yearly cumulative | I8: Annual | J8: MVND | K8: CRM | L8: Giá trị dự án Dulux được spec-in trong năm (chuẩn ~50 MVND / design).
B9: K4 | C9: Engaged Architect (Submit Design) | D9: Kiến trúc sư engaged (nộp design) | E9: Focus | F9: 0.15 | G9: =IFERROR(F9/SUMIF($E$6:$E$10,E9,$F$6:$F$10),0) | H9: Yearly cumulative | I9: Annual | J9: D&B | K9: CRM | L9: Số KTS/nhà thầu D&B engaged – tính theo tài khoản duy nhất có submit design trong năm.
B10: K5 | C10: Spec-in Design (submitted design) | D10: Số design được nộp | E10: Tracking | F10: 0 | G10: =IFERROR(F10/SUMIF($E$6:$E$10,E10,$F$6:$F$10),0) | H10: Yearly cumulative | I10: n/a | J10: Designs | K10: CRM | L10: Chỉ số dẫn dắt của K3 (design x 50 MVND). Weight 0 – chỉ theo dõi, chưa tính điểm.
E11: TOTAL | F11: =SUM(F6:F10) | H11: =IF(ROUND(SUM(F6:F10),6)=1,"OK – tổng weight = 100%","LỖI: tổng weight phải = 100%")
E12: Lead group | F12: =SUMIF($E$6:$E$10,"Lead",$F$6:$F$10) | H12: =IF(ROUND(F12,6)=ROUND(Parameters!$C$10,6),"OK – khớp Parameters","LỆCH so với Parameters!C10")
E13: Focus group | F13: =SUMIF($E$6:$E$10,"Focus",$F$6:$F$10) | H13: =IF(ROUND(F13,6)=ROUND(Parameters!$C$11,6),"OK – khớp Parameters","LỆCH so với Parameters!C11")
B15: */ Lead KPIs: đo luỹ kế theo quý, trả thưởng hàng quý, cap 150%.
B16: */ Focus KPIs: đo luỹ kế cả năm, trả 1 lần cuối năm, tối đa 150%.
B17: */ Pass gate: Focus KPI quyết định % tiền Lead KPI được giải ngân (Parameters mục D).
B18: */ K5 Spec-in Design weight 0% – chỉ theo dõi. Muốn tính điểm: gõ weight vào F10 và chia lại F6:F9 cho tổng = 100%.
B19: */ Điều kiện ghi nhận: tên & mã nhân viên phải khớp giữa DERP / CRM / Mini Sales app.

Sheet Team_Master
B2: TEAM MASTER – DANH SÁCH NHÂN SỰ & QUỸ THƯỞNG
B3: Nhập từ cột Emp Code đến ATVP. Thứ tự dòng ở đây quyết định thứ tự khối của mọi sheet khác – KHÔNG chèn/xoá dòng giữa bảng, chỉ ghi đè hoặc xoá nội dung.
B5: No | C5: Emp Code | D5: Team | E5: Region | F5: Line Manager | G5: Name of Sales Person | H5: Area | I5: Role | J5: Status | K5: Eligible months (0–12) | L5: ATVP full year | M5: ATVP prorated | N5: Lead pot (70%) | O5: Focus pot (30%) | P5: Note
B6: =IF($C6="","",ROW()-5) | C6: SE-001 | D6: SPEC | E6: HA NOI | F6: Nguyen Thi Lan | G6: HUNG | H6: Ha Noi 1 | I6: Sales Executive | J6: Active | K6: 12 | L6: 120 | M6: =IF($C6="","",L6*MIN(K6,12)/12) | N6: =IF($C6="","",M6*Parameters!$C$10) | O6: =IF($C6="","",M6*Parameters!$C$11) | P6: SAMPLE – xoá trước khi dùng thật
B7: =IF($C7="","",ROW()-5) | C7: SE-002 | D7: SPEC | E7: HA NOI | F7: Nguyen Thi Lan | G7: DUY | H7: Ha Noi 2 | I7: Sales Executive | J7: Active | K7: 12 | L7: 120 | M7: =IF($C7="","",L7*MIN(K7,12)/12) | N7: =IF($C7="","",M7*Parameters!$C$10) | O7: =IF($C7="","",M7*Parameters!$C$11) | P7: SAMPLE – xoá trước khi dùng thật
B8: =IF($C8="","",ROW()-5) | C8: SE-003 | D8: SPEC | E8: HCMC | F8: Tran Quang Minh | G8: QUYEN | H8: HCMC 1 | I8: Sales Executive | J8: Active | K8: 12 | L8: 130 | M8: =IF($C8="","",L8*MIN(K8,12)/12) | N8: =IF($C8="","",M8*Parameters!$C$10) | O8: =IF($C8="","",M8*Parameters!$C$11) | P8: SAMPLE – xoá trước khi dùng thật
B9: =IF($C9="","",ROW()-5) | C9: SE-004 | D9: SPEC | E9: HCMC | F9: Tran Quang Minh | G9: Pham Minh Chau | H9: HCMC 2 | I9: Sales Executive | J9: Active | K9: 12 | L9: 130 | M9: =IF($C9="","",L9*MIN(K9,12)/12) | N9: =IF($C9="","",M9*Parameters!$C$10) | O9: =IF($C9="","",M9*Parameters!$C$11) | P9: SAMPLE – xoá trước khi dùng thật
B10: =IF($C10="","",ROW()-5) | C10: SE-005 | D10: SPEC | E10: NORTH | F10: Nguyen Thi Lan | G10: Vo Thi Em | H10: Bac Ninh | I10: Sales Supervisor | J10: Active | K10: 12 | L10: 110 | M10: =IF($C10="","",L10*MIN(K10,12)/12) | N10: =IF($C10="","",M10*Parameters!$C$10) | O10: =IF($C10="","",M10*Parameters!$C$11) | P10: SAMPLE – xoá trước khi dùng thật
B11: =IF($C11="","",ROW()-5) | C11: SE-006 | D11: SPEC | E11: MEKONG | F11: Tran Quang Minh | G11: Ngo Van Phuc | H11: Can Tho | I11: Sales Executive | J11: Active | K11: 12 | L11: 110 | M11: =IF($C11="","",L11*MIN(K11,12)/12) | N11: =IF($C11="","",M11*Parameters!$C$10) | O11: =IF($C11="","",M11*Parameters!$C$11) | P11: SAMPLE – xoá trước khi dùng thật
B12: =IF($C12="","",ROW()-5) | K12: 12 | M12: =IF($C12="","",L12*MIN(K12,12)/12) | N12: =IF($C12="","",M12*Parameters!$C$10) | O12: =IF($C12="","",M12*Parameters!$C$11)
B13: =IF($C13="","",ROW()-5) | K13: 12 | M13: =IF($C13="","",L13*MIN(K13,12)/12) | N13: =IF($C13="","",M13*Parameters!$C$10) | O13: =IF($C13="","",M13*Parameters!$C$11)
B14: =IF($C14="","",ROW()-5) | K14: 12 | M14: =IF($C14="","",L14*MIN(K14,12)/12) | N14: =IF($C14="","",M14*Parameters!$C$10) | O14: =IF($C14="","",M14*Parameters!$C$11)
B15: =IF($C15="","",ROW()-5) | K15: 12 | M15: =IF($C15="","",L15*MIN(K15,12)/12) | N15: =IF($C15="","",M15*Parameters!$C$10) | O15: =IF($C15="","",M15*Parameters!$C$11)
B16: =IF($C16="","",ROW()-5) | K16: 12 | M16: =IF($C16="","",L16*MIN(K16,12)/12) | N16: =IF($C16="","",M16*Parameters!$C$10) | O16: =IF($C16="","",M16*Parameters!$C$11)
B17: =IF($C17="","",ROW()-5) | K17: 12 | M17: =IF($C17="","",L17*MIN(K17,12)/12) | N17: =IF($C17="","",M17*Parameters!$C$10) | O17: =IF($C17="","",M17*Parameters!$C$11)
B18: =IF($C18="","",ROW()-5) | K18: 12 | M18: =IF($C18="","",L18*MIN(K18,12)/12) | N18: =IF($C18="","",M18*Parameters!$C$10) | O18: =IF($C18="","",M18*Parameters!$C$11)
B19: =IF($C19="","",ROW()-5) | K19: 12 | M19: =IF($C19="","",L19*MIN(K19,12)/12) | N19: =IF($C19="","",M19*Parameters!$C$10) | O19: =IF($C19="","",M19*Parameters!$C$11)
B20: =IF($C20="","",ROW()-5) | K20: 12 | M20: =IF($C20="","",L20*MIN(K20,12)/12) | N20: =IF($C20="","",M20*Parameters!$C$10) | O20: =IF($C20="","",M20*Parameters!$C$11)
K21: TOTAL | L21: =SUM(L6:L20) | M21: =SUM(M6:M20) | N21: =SUM(N6:N20) | O21: =SUM(O6:O20)
B23: ATVP = Annual Target Variable Pay (quỹ thưởng mục tiêu cả năm của 1 người, do HR cấp), đơn vị theo Parameters!C8.

Sheet Weekly_Tracker
B2: WEEKLY TRACKER – PHASING / ACTUAL / % ACHIEVED (sheet nhập liệu chính)
A3: Mỗi người 5 KPI × 3 dòng. Gõ Phasing cả năm 1 lần, hàng tuần gõ Actual. Tháng nào chỉ có 4 tuần thì để trống cột W5. Mọi sheet khác tự gom từ đây.
A4: THÔNG TIN / ID | H4: Jan | M4: Feb | R4: Mar | W4: Apr | AB4: May | AG4: Jun | AL4: Jul | AQ4: Aug | AV4: Sep | BA4: Oct | BF4: Nov | BK4: Dec
A5: Emp Code | B5: Name | C5: KPI | D5: KPI name | E5: Unit | F5: Phasing / Actual | G5: FY total | H5: W1 | I5: W2 | J5: W3 | K5: W4 | L5: W5 | M5: W1 | N5: W2 | O5: W3 | P5: W4 | Q5: W5 | R5: W1 | S5: W2 | T5: W3 | U5: W4 | V5: W5 | W5: W1 | X5: W2 | Y5: W3 | Z5: W4 | AA5: W5 | AB5: W1 | AC5: W2 | AD5: W3 | AE5: W4 | AF5: W5 | AG5: W1 | AH5: W2 | AI5: W3 | AJ5: W4 | AK5: W5 | AL5: W1 | AM5: W2 | AN5: W3 | AO5: W4 | AP5: W5 | AQ5: W1 | AR5: W2 | AS5: W3 | AT5: W4 | AU5: W5 | AV5: W1 | AW5: W2 | AX5: W3 | AY5: W4 | AZ5: W5 | BA5: W1 | BB5: W2 | BC5: W3 | BD5: W4 | BE5: W5 | BF5: W1 | BG5: W2 | BH5: W3 | BI5: W4 | BJ5: W5 | BK5: W1 | BL5: W2 | BM5: W3 | BN5: W4 | BO5: W5
A6: =IFERROR(INDEX(Team_Master!$C$6:$C$20,1),"") | B6: =IFERROR(INDEX(Team_Master!$G$6:$G$20,1),"") | C6: K1 | D6: Invoiced Value | E6: MVND | F6: Phasing | G6: =SUM(H6:BO6) | H6: 212 | I6: 212 | J6: 212 | K6: 214 | M6: 155 | N6: 155 | O6: 155 | P6: 155 | R6: 237 | S6: 237 | T6: 237 | U6: 239 | W6: 250 | X6: 250 | Y6: 250 | Z6: 250 | AB6: 255 | AC6: 255 | AD6: 255 | AE6: 255 | AG6: 262 | AH6: 262 | AI6: 262 | AJ6: 264 | AL6: 250 | AM6: 250 | AN6: 250 | AO6: 250 | AQ6: 257 | AR6: 257 | AS6: 257 | AT6: 259 | AV6: 270 | AW6: 270 | AX6: 270 | AY6: 270 | BA6: 280 | BB6: 280 | BC6: 280 | BD6: 280 | BF6: 287 | BG6: 287 | BH6: 287 | BI6: 289 | BK6: 282 | BL6: 282 | BM6: 282 | BN6: 284
F7: Actual | G7: =SUM(H7:BO7) | H7: 215 | I7: 223 | J7: 252 | K7: 218 | M7: 160 | N7: 165 | O7: 142 | P7: 160 | R7: 256 | S7: 270 | T7: 208 | U7: 229 | W7: 220 | X7: 286 | Y7: 275 | Z7: 215 | AB7: 308 | AC7: 307 | AD7: 277 | AE7: 274 | AG7: 237 | AH7: 223 | AI7: 273 | AJ7: 229 | AL7: 229 | AM7: 234 | AN7: 214 | AO7: 254 | AQ7: 259 | AR7: 297 | AS7: 267 | AT7: 280 | AV7: 278 | AW7: 294 | AX7: 274 | AY7: 256
F8: % Achieved | G8: =IFERROR(G7/G6,"") | H8: =IFERROR(H7/H6,"") | I8: =IFERROR(I7/I6,"") | J8: =IFERROR(J7/J6,"") | K8: =IFERROR(K7/K6,"") | L8: =IFERROR(L7/L6,"") | M8: =IFERROR(M7/M6,"") | N8: =IFERROR(N7/N6,"") | ... BO8: =IFERROR(BO7/BO6,"")
C9: K2 | D9: Key account approach / Site check | E9: Roadshow | F9: Phasing | G9: =SUM(H9:BO9) | H9: 3 | I9: 3 | J9: 3 | K9: 6 | M9: 2 | N9: 2 | O9: 2 | P9: 5 | R9: 4 | S9: 4 | T9: 4 | U9: 5 | W9: 4 | X9: 4 | Y9: 4 | Z9: 6 | AB9: 4 | AC9: 4 | AD9: 4 | AE9: 6 | AG9: 4 | AH9: 4 | AI9: 4 | AJ9: 7 | AL9: 4 | AM9: 4 | AN9: 4 | AO9: 6 | AQ9: 4 | AR9: 4 | AS9: 4 | AT9: 6 | AV9: 4 | AW9: 4 | AX9: 4 | AY9: 7 | BA9: 5 | BB9: 5 | BC9: 5 | BD9: 5 | BF9: 5 | BG9: 5 | BH9: 5 | BI9: 6 | BK9: 5 | BL9: 5 | BM9: 5 | BN9: 6
F10: Actual | G10: =SUM(H10:BO10) | H10: 4 | I10: 4 | J10: 3 | K10: 7 | M10: 2 | N10: 2 | O10: 2 | P10: 4 | R10: 5 | S10: 4 | T10: 5 | U10: 5 | W10: 5 | X10: 5 | Y10: 3 | Z10: 6 | AB10: 5 | AC10: 4 | AD10: 5 | AE10: 6 | AG10: 3 | AH10: 4 | AI10: 5 | AJ10: 7 | AL10: 4 | AM10: 4 | AN10: 5 | AO10: 7 | AQ10: 4 | AR10: 4 | AS10: 4 | AT10: 5 | AV10: 5 | AW10: 4 | AX10: 4 | AY10: 7
F11: % Achieved | G11: =IFERROR(G10/G9,"") | H11: =IFERROR(H10/H9,"") | I11: =IFERROR(I10/I9,"") | J11: =IFERROR(J10/J9,"") | K11: =IFERROR(K10/K9,"") | L11: =IFERROR(L10/L9,"") | M11: =IFERROR(M10/M9,"") | N11: =IFERROR(N10/N9,"") | ... BO11: =IFERROR(BO10/BO9,"")
C12: K3 | D12: Spec-in Value | E12: MVND | F12: Phasing | G12: =SUM(H12:BO12) | H12: 75 | I12: 75 | J12: 75 | K12: 76 | M12: 55 | N12: 55 | O12: 55 | P12: 55 | R12: 84 | S12: 84 | T12: 84 | U12: 84 | W12: 88 | X12: 88 | Y12: 88 | Z12: 90 | AB12: 90 | AC12: 90 | AD12: 90 | AE12: 91 | AG12: 93 | AH12: 93 | AI12: 93 | AJ12: 93 | AL12: 88 | AM12: 88 | AN12: 88 | AO12: 90 | AQ12: 91 | AR12: 91 | AS12: 91 | AT12: 92 | AV12: 95 | AW12: 95 | AX12: 95 | AY12: 97 | BA12: 99 | BB12: 99 | BC12: 99 | BD12: 100 | BF12: 101 | BG12: 101 | BH12: 101 | BI12: 104 | BK12: 100 | BL12: 100 | BM12: 100 | BN12: 101
F13: Actual | G13: =SUM(H13:BO13) | H13: 69 | I13: 84 | J13: 67 | K13: 82 | M13: 49 | N13: 55 | O13: 51 | P13: 52 | R13: 101 | S13: 96 | T13: 80 | U13: 99 | W13: 81 | X13: 87 | Y13: 102 | Z13: 97 | AB13: 79 | AC13: 109 | AD13: 83 | AE13: 86 | AG13: 105 | AH13: 90 | AI13: 89 | AJ13: 81 | AL13: 77 | AM13: 93 | AN13: 82 | AO13: 96 | AQ13: 89 | AR13: 92 | AS13: 109 | AT13: 94 | AV13: 100 | AW13: 111 | AX13: 87 | AY13: 87
F14: % Achieved | G14: =IFERROR(G13/G12,"") | H14: =IFERROR(H13/H12,"") | I14: =IFERROR(I13/I12,"") | J14: =IFERROR(J13/J12,"") | K14: =IFERROR(K13/K12,"") | L14: =IFERROR(L13/L12,"") | M14: =IFERROR(M13/M12,"") | N14: =IFERROR(N13/N12,"") | ... BO14: =IFERROR(BO13/BO12,"")
C15: K4 | D15: Engaged Architect (Submit Design) | E15: D&B | F15: Phasing | G15: =SUM(H15:BO15) | H15: 1 | I15: 1 | J15: 1 | K15: 3 | M15: 1 | N15: 1 | O15: 1 | P15: 1 | R15: 1 | S15: 1 | T15: 1 | U15: 3 | W15: 1 | X15: 1 | Y15: 1 | Z15: 4 | AB15: 1 | AC15: 1 | AD15: 1 | AE15: 4 | AG15: 1 | AH15: 1 | AI15: 1 | AJ15: 4 | AL15: 1 | AM15: 1 | AN15: 1 | AO15: 4 | AQ15: 1 | AR15: 1 | AS15: 1 | AT15: 4 | AV15: 1 | AW15: 1 | AX15: 1 | AY15: 4 | BA15: 1 | BB15: 1 | BC15: 1 | BD15: 4 | BF15: 2 | BG15: 2 | BH15: 2 | BI15: 2 | BK15: 1 | BL15: 1 | BM15: 1 | BN15: 4
F16: Actual | G16: =SUM(H16:BO16) | H16: 1 | I16: 1 | J16: 1 | K16: 3 | M16: 1 | N16: 1 | O16: 1 | P16: 1 | R16: 1 | S16: 1 | T16: 1 | U16: 3 | W16: 1 | X16: 1 | Y16: 1 | Z16: 4 | AB16: 1 | AC16: 1 | AD16: 1 | AE16: 4 | AG16: 1 | AH16: 1 | AI16: 1 | AJ16: 4 | AL16: 1 | AM16: 1 | AN16: 1 | AO16: 4 | AQ16: 1 | AR16: 1 | AS16: 1 | AT16: 4 | AV16: 1 | AW16: 1 | AX16: 1 | AY16: 4
F17: % Achieved | G17: =IFERROR(G16/G15,"") | H17: =IFERROR(H16/H15,"") | I17: =IFERROR(I16/I15,"") | J17: =IFERROR(J16/J15,"") | K17: =IFERROR(K16/K15,"") | L17: =IFERROR(L16/L15,"") | M17: =IFERROR(M16/M15,"") | N17: =IFERROR(N16/N15,"") | ... BO17: =IFERROR(BO16/BO15,"")
C18: K5 | D18: Spec-in Design (submitted design) | E18: Designs | F18: Phasing | G18: =SUM(H18:BO18) | H18: 1 | I18: 1 | J18: 1 | K18: 3 | M18: 1 | N18: 1 | O18: 1 | P18: 1 | R18: 1 | S18: 1 | T18: 1 | U18: 4 | W18: 1 | X18: 1 | Y18: 1 | Z18: 4 | AB18: 1 | AC18: 1 | AD18: 1 | AE18: 4 | AG18: 1 | AH18: 1 | AI18: 1 | AJ18: 4 | AL18: 1 | AM18: 1 | AN18: 1 | AO18: 4 | AQ18: 1 | AR18: 1 | AS18: 1 | AT18: 4 | AV18: 2 | AW18: 2 | AX18: 2 | AY18: 2 | BA18: 2 | BB18: 2 | BC18: 2 | BD18: 2 | BF18: 2 | BG18: 2 | BH18: 2 | BI18: 2 | BK18: 2 | BL18: 2 | BM18: 2 | BN18: 3
F19: Actual | G19: =SUM(H19:BO19) | H19: 1 | I19: 1 | J19: 1 | K19: 4 | M19: 1 | N19: 1 | O19: 1 | P19: 1 | R19: 1 | S19: 1 | T19: 1 | U19: 5 | W19: 1 | X19: 1 | Y19: 1 | Z19: 4 | AB19: 1 | AC19: 1 | AD19: 1 | AE19: 5 | AG19: 1 | AH19: 1 | AI19: 1 | AJ19: 5 | AL19: 1 | AM19: 1 | AN19: 1 | AO19: 5 | AQ19: 1 | AR19: 1 | AS19: 1 | AT19: 5 | AV19: 2 | AW19: 2 | AX19: 2 | AY19: 2
F20: % Achieved | G20: =IFERROR(G19/G18,"") | H20: =IFERROR(H19/H18,"") | I20: =IFERROR(I19/I18,"") | J20: =IFERROR(J19/J18,"") | K20: =IFERROR(K19/K18,"") | L20: =IFERROR(L19/L18,"") | M20: =IFERROR(M19/M18,"") | N20: =IFERROR(N19/N18,"") | ... BO20: =IFERROR(BO19/BO18,"")
A21: =IFERROR(INDEX(Team_Master!$C$6:$C$20,2),"") | B21: =IFERROR(INDEX(Team_Master!$G$6:$G$20,2),"") | C21: K1 | D21: Invoiced Value | E21: MVND | F21: Phasing | G21: =SUM(H21:BO21) | H21: 186 | I21: 186 | J21: 186 | K21: 186 | M21: 135 | N21: 135 | O21: 135 | P21: 137 | R21: 207 | S21: 207 | T21: 207 | U21: 210 | W21: 218 | X21: 218 | Y21: 218 | Z21: 221 | AB21: 223 | AC21: 223 | AD21: 223 | AE21: 223 | AG21: 229 | AH21: 229 | AI21: 229 | AJ21: 232 | AL21: 218 | AM21: 218 | AN21: 218 | AO21: 221 | AQ21: 225 | AR21: 225 | AS21: 225 | AT21: 226 | AV21: 236 | AW21: 236 | AX21: 236 | AY21: 237 | BA21: 245 | BB21: 245 | BC21: 245 | BD21: 245 | BF21: 251 | BG21: 251 | BH21: 251 | BI21: 253 | BK21: 247 | BL21: 247 | BM21: 247 | BN21: 249
F22: Actual | G22: =SUM(H22:BO22) | H22: 183 | I22: 167 | J22: 180 | K22: 182 | M22: 108 | N22: 133 | O22: 149 | P22: 146 | R22: 211 | S22: 187 | T22: 211 | U22: 203 | W22: 201 | X22: 230 | Y22: 174 | Z22: 226 | AB22: 174 | AC22: 217 | AD22: 208 | AE22: 189 | AG22: 231 | AH22: 215 | AI22: 224 | AJ22: 251 | AL22: 187 | AM22: 169 | AN22: 190 | AO22: 221 | AQ22: 189 | AR22: 186 | AS22: 242 | AT22: 225 | AV22: 217 | AW22: 253 | AX22: 208 | AY22: 236
F23: % Achieved | G23: =IFERROR(G22/G21,"") | H23: =IFERROR(H22/H21,"") | I23: =IFERROR(I22/I21,"") | J23: =IFERROR(J22/J21,"") | K23: =IFERROR(K22/K21,"") | L23: =IFERROR(L22/L21,"") | M23: =IFERROR(M22/M21,"") | N23: =IFERROR(N22/N21,"") | ... BO23: =IFERROR(BO22/BO21,"")
C24: K2 | D24: Key account approach / Site check | E24: Roadshow | F24: Phasing | G24: =SUM(H24:BO24) | H24: 3 | I24: 3 | J24: 3 | K24: 6 | M24: 2 | N24: 2 | O24: 2 | P24: 5 | R24: 4 | S24: 4 | T24: 4 | U24: 5 | W24: 4 | X24: 4 | Y24: 4 | Z24: 6 | AB24: 4 | AC24: 4 | AD24: 4 | AE24: 6 | AG24: 4 | AH24: 4 | AI24: 4 | AJ24: 7 | AL24: 4 | AM24: 4 | AN24: 4 | AO24: 6 | AQ24: 4 | AR24: 4 | AS24: 4 | AT24: 7 | AV24: 4 | AW24: 4 | AX24: 4 | AY24: 7 | BA24: 5 | BB24: 5 | BC24: 5 | BD24: 5 | BF24: 5 | BG24: 5 | BH24: 5 | BI24: 6 | BK24: 5 | BL24: 5 | BM24: 5 | BN24: 6
F25: Actual | G25: =SUM(H25:BO25) | H25: 3 | I25: 3 | J25: 3 | K25: 6 | M25: 2 | N25: 2 | O25: 2 | P25: 4 | R25: 3 | S25: 4 | T25: 4 | U25: 5 | W25: 4 | X25: 4 | Y25: 3 | Z25: 5 | AB25: 4 | AC25: 3 | AD25: 3 | AE25: 5 | AG25: 4 | AH25: 4 | AI25: 4 | AJ25: 7 | AL25: 4 | AM25: 4 | AN25: 3 | AO25: 5 | AQ25: 4 | AR25: 3 | AS25: 4 | AT25: 7 | AV25: 4 | AW25: 4 | AX25: 3 | AY25: 6
F26: % Achieved | G26: =IFERROR(G25/G24,"") | H26: =IFERROR(H25/H24,"") | I26: =IFERROR(I25/I24,"") | J26: =IFERROR(J25/J24,"") | K26: =IFERROR(K25/K24,"") | L26: =IFERROR(L25/L24,"") | M26: =IFERROR(M25/M24,"") | N26: =IFERROR(N25/N24,"") | ... BO26: =IFERROR(BO25/BO24,"")
C27: K3 | D27: Spec-in Value | E27: MVND | F27: Phasing | G27: =SUM(H27:BO27) | H27: 69 | I27: 69 | J27: 69 | K27: 69 | M27: 50 | N27: 50 | O27: 50 | P27: 52 | R27: 77 | S27: 77 | T27: 77 | U27: 78 | W27: 81 | X27: 81 | Y27: 81 | Z27: 82 | AB27: 83 | AC27: 83 | AD27: 83 | AE27: 83 | AG27: 85 | AH27: 85 | AI27: 85 | AJ27: 86 | AL27: 81 | AM27: 81 | AN27: 81 | AO27: 82 | AQ27: 83 | AR27: 83 | AS27: 83 | AT27: 86 | AV27: 87 | AW27: 87 | AX27: 87 | AY27: 90 | BA27: 91 | BB27: 91 | BC27: 91 | BD27: 91 | BF27: 93 | BG27: 93 | BH27: 93 | BI27: 95 | BK27: 91 | BL27: 91 | BM27: 91 | BN27: 93
F28: Actual | G28: =SUM(H28:BO28) | H28: 64 | I28: 54 | J28: 73 | K28: 59 | M28: 41 | N28: 39 | O28: 49 | P28: 48 | R28: 76 | S28: 76 | T28: 80 | U28: 85 | W28: 81 | X28: 68 | Y28: 75 | Z28: 68 | AB28: 64 | AC28: 77 | AD28: 84 | AE28: 69 | AG28: 73 | AH28: 75 | AI28: 86 | AJ28: 81 | AL28: 79 | AM28: 83 | AN28: 73 | AO28: 85 | AQ28: 89 | AR28: 66 | AS28: 90 | AT28: 87 | AV28: 71 | AW28: 80 | AX28: 85 | AY28: 97
F29: % Achieved | G29: =IFERROR(G28/G27,"") | H29: =IFERROR(H28/H27,"") | I29: =IFERROR(I28/I27,"") | J29: =IFERROR(J28/J27,"") | K29: =IFERROR(K28/K27,"") | L29: =IFERROR(L28/L27,"") | M29: =IFERROR(M28/M27,"") | N29: =IFERROR(N28/N27,"") | ... BO29: =IFERROR(BO28/BO27,"")
C30: K4 | D30: Engaged Architect (Submit Design) | E30: D&B | F30: Phasing | G30: =SUM(H30:BO30) | H30: 1 | I30: 1 | J30: 1 | K30: 2 | M30: 1 | N30: 1 | O30: 1 | P30: 1 | R30: 1 | S30: 1 | T30: 1 | U30: 3 | W30: 1 | X30: 1 | Y30: 1 | Z30: 3 | AB30: 1 | AC30: 1 | AD30: 1 | AE30: 3 | AG30: 1 | AH30: 1 | AI30: 1 | AJ30: 4 | AL30: 1 | AM30: 1 | AN30: 1 | AO30: 3 | AQ30: 1 | AR30: 1 | AS30: 1 | AT30: 3 | AV30: 1 | AW30: 1 | AX30: 1 | AY30: 4 | BA30: 1 | BB30: 1 | BC30: 1 | BD30: 4 | BF30: 1 | BG30: 1 | BH30: 1 | BI30: 4 | BK30: 2 | BL30: 2 | BM30: 2 | BN30: 2
F31: Actual | G31: =SUM(H31:BO31) | H31: 1 | I31: 1 | J31: 1 | K31: 2 | M31: 1 | N31: 1 | O31: 1 | P31: 1 | R31: 1 | S31: 1 | T31: 1 | U31: 3 | W31: 1 | X31: 1 | Y31: 1 | Z31: 3 | AB31: 1 | AC31: 1 | AD31: 1 | AE31: 3 | AG31: 1 | AH31: 1 | AI31: 1 | AJ31: 4 | AL31: 1 | AM31: 1 | AN31: 1 | AO31: 2 | AQ31: 1 | AR31: 1 | AS31: 1 | AT31: 2 | AV31: 1 | AW31: 1 | AX31: 1 | AY31: 3
F32: % Achieved | G32: =IFERROR(G31/G30,"") | H32: =IFERROR(H31/H30,"") | I32: =IFERROR(I31/I30,"") | J32: =IFERROR(J31/J30,"") | K32: =IFERROR(K31/K30,"") | L32: =IFERROR(L31/L30,"") | M32: =IFERROR(M31/M30,"") | N32: =IFERROR(N31/N30,"") | ... BO32: =IFERROR(BO31/BO30,"")
C33: K5 | D33: Spec-in Design (submitted design) | E33: Designs | F33: Phasing | G33: =SUM(H33:BO33) | H33: 1 | I33: 1 | J33: 1 | K33: 3 | M33: 1 | N33: 1 | O33: 1 | P33: 1 | R33: 1 | S33: 1 | T33: 1 | U33: 3 | W33: 1 | X33: 1 | Y33: 1 | Z33: 3 | AB33: 1 | AC33: 1 | AD33: 1 | AE33: 4 | AG33: 1 | AH33: 1 | AI33: 1 | AJ33: 4 | AL33: 1 | AM33: 1 | AN33: 1 | AO33: 3 | AQ33: 1 | AR33: 1 | AS33: 1 | AT33: 4 | AV33: 1 | AW33: 1 | AX33: 1 | AY33: 4 | BA33: 1 | BB33: 1 | BC33: 1 | BD33: 4 | BF33: 1 | BG33: 1 | BH33: 1 | BI33: 4 | BK33: 2 | BL33: 2 | BM33: 2 | BN33: 2
F34: Actual | G34: =SUM(H34:BO34) | H34: 1 | I34: 1 | J34: 1 | K34: 3 | M34: 1 | N34: 1 | O34: 1 | P34: 1 | R34: 1 | S34: 1 | T34: 1 | U34: 3 | W34: 1 | X34: 1 | Y34: 1 | Z34: 3 | AB34: 1 | AC34: 1 | AD34: 1 | AE34: 4 | AG34: 1 | AH34: 1 | AI34: 1 | AJ34: 4 | AL34: 1 | AM34: 1 | AN34: 1 | AO34: 3 | AQ34: 1 | AR34: 1 | AS34: 1 | AT34: 4 | AV34: 1 | AW34: 1 | AX34: 1 | AY34: 4
F35: % Achieved | G35: =IFERROR(G34/G33,"") | H35: =IFERROR(H34/H33,"") | I35: =IFERROR(I34/I33,"") | J35: =IFERROR(J34/J33,"") | K35: =IFERROR(K34/K33,"") | L35: =IFERROR(L34/L33,"") | M35: =IFERROR(M34/M33,"") | N35: =IFERROR(N34/N33,"") | ... BO35: =IFERROR(BO34/BO33,"")
A36: =IFERROR(INDEX(Team_Master!$C$6:$C$20,3),"") | B36: =IFERROR(INDEX(Team_Master!$G$6:$G$20,3),"") | C36: K1 | D36: Invoiced Value | E36: MVND | F36: Phasing | G36: =SUM(H36:BO36) | H36: 244 | I36: 244 | J36: 244 | K36: 246 | M36: 178 | N36: 178 | O36: 178 | P36: 179 | R36: 273 | S36: 273 | T36: 273 | U36: 273 | W36: 287 | X36: 287 | Y36: 287 | Z36: 289 | AB36: 293 | AC36: 293 | AD36: 293 | AE36: 294 | AG36: 302 | AH36: 302 | AI36: 302 | AJ36: 302 | AL36: 287 | AM36: 287 | AN36: 287 | AO36: 289 | AQ36: 296 | AR36: 296 | AS36: 296 | AT36: 296 | AV36: 310 | AW36: 310 | AX36: 310 | AY36: 312 | BA36: 322 | BB36: 322 | BC36: 322 | BD36: 322 | BF36: 330 | BG36: 330 | BH36: 330 | BI36: 332 | BK36: 325 | BL36: 325 | BM36: 325 | BN36: 325
F37: Actual | G37: =SUM(H37:BO37) | H37: 282 | I37: 222 | J37: 267 | K37: 257 | M37: 224 | N37: 222 | O37: 176 | P37: 191 | R37: 255 | S37: 288 | T37: 328 | U37: 337 | W37: 307 | X37: 290 | Y37: 276 | Z37: 325 | AB37: 365 | AC37: 274 | AD37: 348 | AE37: 263 | AG37: 290 | AH37: 294 | AI37: 348 | AJ37: 305 | AL37: 294 | AM37: 323 | AN37: 266 | AO37: 338 | AQ37: 276 | AR37: 321 | AS37: 291 | AT37: 285 | AV37: 338 | AW37: 327 | AX37: 320 | AY37: 326
F38: % Achieved | G38: =IFERROR(G37/G36,"") | H38: =IFERROR(H37/H36,"") | I38: =IFERROR(I37/I36,"") | J38: =IFERROR(J37/J36,"") | K38: =IFERROR(K37/K36,"") | L38: =IFERROR(L37/L36,"") | M38: =IFERROR(M37/M36,"") | N38: =IFERROR(N37/N36,"") | ... BO38: =IFERROR(BO37/BO36,"")
C39: K2 | D39: Key account approach / Site check | E39: Roadshow | F39: Phasing | G39: =SUM(H39:BO39) | H39: 4 | I39: 4 | J39: 4 | K39: 4 | M39: 3 | N39: 3 | O39: 3 | P39: 3 | R39: 4 | S39: 4 | T39: 4 | U39: 6 | W39: 4 | X39: 4 | Y39: 4 | Z39: 7 | AB39: 5 | AC39: 5 | AD39: 5 | AE39: 5 | AG39: 5 | AH39: 5 | AI39: 5 | AJ39: 5 | AL39: 4 | AM39: 4 | AN39: 4 | AO39: 7 | AQ39: 5 | AR39: 5 | AS39: 5 | AT39: 5 | AV39: 5 | AW39: 5 | AX39: 5 | AY39: 6 | BA39: 5 | BB39: 5 | BC39: 5 | BD39: 6 | BF39: 5 | BG39: 5 | BH39: 5 | BI39: 7 | BK39: 5 | BL39: 5 | BM39: 5 | BN39: 7
F40: Actual | G40: =SUM(H40:BO40) | H40: 4 | I40: 4 | J40: 4 | K40: 5 | M40: 3 | N40: 3 | O40: 4 | P40: 3 | R40: 5 | S40: 4 | T40: 5 | U40: 7 | W40: 5 | X40: 4 | Y40: 4 | Z40: 9 | AB40: 5 | AC40: 6 | AD40: 6 | AE40: 5 | AG40: 5 | AH40: 6 | AI40: 5 | AJ40: 5 | AL40: 5 | AM40: 4 | AN40: 5 | AO40: 7 | AQ40: 5 | AR40: 6 | AS40: 4 | AT40: 5 | AV40: 6 | AW40: 6 | AX40: 6 | AY40: 6
F41: % Achieved | G41: =IFERROR(G40/G39,"") | H41: =IFERROR(H40/H39,"") | I41: =IFERROR(I40/I39,"") | J41: =IFERROR(J40/J39,"") | K41: =IFERROR(K40/K39,"") | L41: =IFERROR(L40/L39,"") | M41: =IFERROR(M40/M39,"") | N41: =IFERROR(N40/N39,"") | ... BO41: =IFERROR(BO40/BO39,"")
C42: K3 | D42: Spec-in Value | E42: MVND | F42: Phasing | G42: =SUM(H42:BO42) | H42: 81 | I42: 81 | J42: 81 | K42: 83 | M42: 59 | N42: 59 | O42: 59 | P42: 61 | R42: 91 | S42: 91 | T42: 91 | U42: 91 | W42: 95 | X42: 95 | Y42: 95 | Z42: 98 | AB42: 97 | AC42: 97 | AD42: 97 | AE42: 100 | AG42: 100 | AH42: 100 | AI42: 100 | AJ42: 102 | AL42: 95 | AM42: 95 | AN42: 95 | AO42: 98 | AQ42: 98 | AR42: 98 | AS42: 98 | AT42: 101 | AV42: 103 | AW42: 103 | AX42: 103 | AY42: 105 | BA42: 107 | BB42: 107 | BC42: 107 | BD42: 108 | BF42: 110 | BG42: 110 | BH42: 110 | BI42: 111 | BK42: 108 | BL42: 108 | BM42: 108 | BN42: 110
F43: Actual | G43: =SUM(H43:BO43) | H43: 88 | I43: 96 | J43: 88 | K43: 96 | M43: 57 | N43: 54 | O43: 55 | P43: 55 | R43: 100 | S43: 99 | T43: 101 | U43: 86 | W43: 91 | X43: 92 | Y43: 115 | Z43: 125 | AB43: 121 | AC43: 89 | AD43: 88 | AE43: 126 | AG43: 107 | AH43: 118 | AI43: 101 | AJ43: 109 | AL43: 103 | AM43: 100 | AN43: 106 | AO43: 87 | AQ43: 113 | AR43: 119 | AS43: 94 | AT43: 107 | AV43: 121 | AW43: 107 | AX43: 99 | AY43: 100
F44: % Achieved | G44: =IFERROR(G43/G42,"") | H44: =IFERROR(H43/H42,"") | I44: =IFERROR(I43/I42,"") | J44: =IFERROR(J43/J42,"") | K44: =IFERROR(K43/K42,"") | L44: =IFERROR(L43/L42,"") | M44: =IFERROR(M43/M42,"") | N44: =IFERROR(N43/N42,"") | ... BO44: =IFERROR(BO43/BO42,"")
C45: K4 | D45: Engaged Architect (Submit Design) | E45: D&B | F45: Phasing | G45: =SUM(H45:BO45) | H45: 1 | I45: 1 | J45: 1 | K45: 3 | M45: 1 | N45: 1 | O45: 1 | P45: 2 | R45: 1 | S45: 1 | T45: 1 | U45: 4 | W45: 1 | X45: 1 | Y45: 1 | Z45: 4 | AB45: 1 | AC45: 1 | AD45: 1 | AE45: 4 | AG45: 2 | AH45: 2 | AI45: 2 | AJ45: 2 | AL45: 1 | AM45: 1 | AN45: 1 | AO45: 4 | AQ45: 2 | AR45: 2 | AS45: 2 | AT45: 2 | AV45: 2 | AW45: 2 | AX45: 2 | AY45: 2 | BA45: 2 | BB45: 2 | BC45: 2 | BD45: 2 | BF45: 2 | BG45: 2 | BH45: 2 | BI45: 2 | BK45: 2 | BL45: 2 | BM45: 2 | BN45: 3
F46: Actual | G46: =SUM(H46:BO46) | H46: 1 | I46: 1 | J46: 1 | K46: 4 | M46: 1 | N46: 1 | O46: 1 | P46: 2 | R46: 1 | S46: 1 | T46: 1 | U46: 5 | W46: 1 | X46: 1 | Y46: 1 | Z46: 5 | AB46: 1 | AC46: 1 | AD46: 1 | AE46: 5 | AG46: 2 | AH46: 2 | AI46: 2 | AJ46: 2 | AL46: 1 | AM46: 1 | AN46: 1 | AO46: 4 | AQ46: 2 | AR46: 2 | AS46: 2 | AT46: 2 | AV46: 2 | AW46: 3 | AX46: 2 | AY46: 2
F47: % Achieved | G47: =IFERROR(G46/G45,"") | H47: =IFERROR(H46/H45,"") | I47: =IFERROR(I46/I45,"") | J47: =IFERROR(J46/J45,"") | K47: =IFERROR(K46/K45,"") | L47: =IFERROR(L46/L45,"") | M47: =IFERROR(M46/M45,"") | N47: =IFERROR(N46/N45,"") | ... BO47: =IFERROR(BO46/BO45,"")
C48: K5 | D48: Spec-in Design (submitted design) | E48: Designs | F48: Phasing | G48: =SUM(H48:BO48) | H48: 1 | I48: 1 | J48: 1 | K48: 4 | M48: 1 | N48: 1 | O48: 1 | P48: 2 | R48: 1 | S48: 1 | T48: 1 | U48: 4 | W48: 2 | X48: 2 | Y48: 2 | Z48: 2 | AB48: 2 | AC48: 2 | AD48: 2 | AE48: 2 | AG48: 2 | AH48: 2 | AI48: 2 | AJ48: 2 | AL48: 2 | AM48: 2 | AN48: 2 | AO48: 2 | AQ48: 2 | AR48: 2 | AS48: 2 | AT48: 2 | AV48: 2 | AW48: 2 | AX48: 2 | AY48: 2 | BA48: 2 | BB48: 2 | BC48: 2 | BD48: 3 | BF48: 2 | BG48: 2 | BH48: 2 | BI48: 3 | BK48: 1 | BL48: 1 | BM48: 1 | BN48: 4
F49: Actual | G49: =SUM(H49:BO49) | H49: 1 | I49: 1 | J49: 1 | K49: 4 | M49: 1 | N49: 1 | O49: 1 | P49: 2 | R49: 1 | S49: 1 | T49: 1 | U49: 5 | W49: 2 | X49: 2 | Y49: 2 | Z49: 2 | AB49: 2 | AC49: 2 | AD49: 2 | AE49: 2 | AG49: 2 | AH49: 2 | AI49: 3 | AJ49: 2 | AL49: 3 | AM49: 2 | AN49: 2 | AO49: 2 | AQ49: 2 | AR49: 2 | AS49: 2 | AT49: 2 | AV49: 2 | AW49: 2 | AX49: 2 | AY49: 2
F50: % Achieved | G50: =IFERROR(G49/G48,"") | H50: =IFERROR(H49/H48,"") | I50: =IFERROR(I49/I48,"") | J50: =IFERROR(J49/J48,"") | K50: =IFERROR(K49/K48,"") | L50: =IFERROR(L49/L48,"") | M50: =IFERROR(M49/M48,"") | N50: =IFERROR(N49/N48,"") | ... BO50: =IFERROR(BO49/BO48,"")
A51: =IFERROR(INDEX(Team_Master!$C$6:$C$20,4),"") | B51: =IFERROR(INDEX(Team_Master!$G$6:$G$20,4),"") | C51: K1 | D51: Invoiced Value | E51: MVND | F51: Phasing | G51: =SUM(H51:BO51) | H51: 198 | I51: 198 | J51: 198 | K51: 199 | M51: 144 | N51: 144 | O51: 144 | P51: 147 | R51: 221 | S51: 221 | T51: 221 | U51: 224 | W51: 233 | X51: 233 | Y51: 233 | Z51: 234 | AB51: 238 | AC51: 238 | AD51: 238 | AE51: 238 | AG51: 245 | AH51: 245 | AI51: 245 | AJ51: 245 | AL51: 233 | AM51: 233 | AN51: 233 | AO51: 234 | AQ51: 240 | AR51: 240 | AS51: 240 | AT51: 241 | AV51: 252 | AW51: 252 | AX51: 252 | AY51: 252 | BA51: 261 | BB51: 261 | BC51: 261 | BD51: 262 | BF51: 268 | BG51: 268 | BH51: 268 | BI51: 269 | BK51: 264 | BL51: 264 | BM51: 264 | BN51: 264
F52: Actual | G52: =SUM(H52:BO52) | H52: 181 | I52: 147 | J52: 202 | K52: 170 | M52: 128 | N52: 131 | O52: 121 | P52: 119 | R52: 205 | S52: 199 | T52: 179 | U52: 212 | W52: 190 | X52: 169 | Y52: 186 | Z52: 172 | AB52: 184 | AC52: 229 | AD52: 201 | AE52: 239 | AG52: 235 | AH52: 181 | AI52: 254 | AJ52: 250 | AL52: 174 | AM52: 235 | AN52: 200 | AO52: 204 | AQ52: 247 | AR52: 192 | AS52: 213 | AT52: 245 | AV52: 240 | AW52: 219 | AX52: 260 | AY52: 247
F53: % Achieved | G53: =IFERROR(G52/G51,"") | H53: =IFERROR(H52/H51,"") | I53: =IFERROR(I52/I51,"") | J53: =IFERROR(J52/J51,"") | K53: =IFERROR(K52/K51,"") | L53: =IFERROR(L52/L51,"") | M53: =IFERROR(M52/M51,"") | N53: =IFERROR(N52/N51,"") | ... BO53: =IFERROR(BO52/BO51,"")
C54: K2 | D54: Key account approach / Site check | E54: Roadshow | F54: Phasing | G54: =SUM(H54:BO54) | H54: 3 | I54: 3 | J54: 3 | K54: 6 | M54: 2 | N54: 2 | O54: 2 | P54: 5 | R54: 4 | S54: 4 | T54: 4 | U54: 4 | W54: 4 | X54: 4 | Y54: 4 | Z54: 5 | AB54: 4 | AC54: 4 | AD54: 4 | AE54: 5 | AG54: 4 | AH54: 4 | AI54: 4 | AJ54: 6 | AL54: 4 | AM54: 4 | AN54: 4 | AO54: 5 | AQ54: 4 | AR54: 4 | AS54: 4 | AT54: 6 | AV54: 4 | AW54: 4 | AX54: 4 | AY54: 6 | BA54: 4 | BB54: 4 | BC54: 4 | BD54: 7 | BF54: 5 | BG54: 5 | BH54: 5 | BI54: 5 | BK54: 4 | BL54: 4 | BM54: 4 | BN54: 7
F55: Actual | G55: =SUM(H55:BO55) | H55: 3 | I55: 2 | J55: 3 | K55: 5 | M55: 2 | N55: 1 | O55: 2 | P55: 4 | R55: 3 | S55: 4 | T55: 3 | U55: 3 | W55: 4 | X55: 3 | Y55: 4 | Z55: 4 | AB55: 4 | AC55: 4 | AD55: 4 | AE55: 4 | AG55: 3 | AH55: 4 | AI55: 4 | AJ55: 6 | AL55: 3 | AM55: 3 | AN55: 4 | AO55: 5 | AQ55: 4 | AR55: 4 | AS55: 4 | AT55: 5 | AV55: 3 | AW55: 4 | AX55: 4 | AY55: 6
F56: % Achieved | G56: =IFERROR(G55/G54,"") | H56: =IFERROR(H55/H54,"") | I56: =IFERROR(I55/I54,"") | J56: =IFERROR(J55/J54,"") | K56: =IFERROR(K55/K54,"") | L56: =IFERROR(L55/L54,"") | M56: =IFERROR(M55/M54,"") | N56: =IFERROR(N55/N54,"") | ... BO56: =IFERROR(BO55/BO54,"")
C57: K3 | D57: Spec-in Value | E57: MVND | F57: Phasing | G57: =SUM(H57:BO57) | H57: 72 | I57: 72 | J57: 72 | K57: 74 | M57: 53 | N57: 53 | O57: 53 | P57: 53 | R57: 81 | S57: 81 | T57: 81 | U57: 82 | W57: 85 | X57: 85 | Y57: 85 | Z57: 87 | AB57: 87 | AC57: 87 | AD57: 87 | AE57: 87 | AG57: 89 | AH57: 89 | AI57: 89 | AJ57: 92 | AL57: 85 | AM57: 85 | AN57: 85 | AO57: 87 | AQ57: 88 | AR57: 88 | AS57: 88 | AT57: 88 | AV57: 92 | AW57: 92 | AX57: 92 | AY57: 93 | BA57: 95 | BB57: 95 | BC57: 95 | BD57: 98 | BF57: 98 | BG57: 98 | BH57: 98 | BI57: 99 | BK57: 96 | BL57: 96 | BM57: 96 | BN57: 97
F58: Actual | G58: =SUM(H58:BO58) | H58: 53 | I58: 53 | J58: 58 | K58: 63 | M58: 49 | N58: 40 | O58: 47 | P58: 39 | R58: 61 | S58: 76 | T58: 73 | U58: 76 | W58: 71 | X58: 74 | Y58: 67 | Z58: 72 | AB58: 83 | AC58: 86 | AD58: 65 | AE58: 66 | AG58: 87 | AH58: 82 | AI58: 86 | AJ58: 73 | AL58: 73 | AM58: 68 | AN58: 83 | AO58: 73 | AQ58: 82 | AR58: 91 | AS58: 73 | AT58: 79 | AV58: 88 | AW58: 93 | AX58: 79 | AY58: 78
F59: % Achieved | G59: =IFERROR(G58/G57,"") | H59: =IFERROR(H58/H57,"") | I59: =IFERROR(I58/I57,"") | J59: =IFERROR(J58/J57,"") | K59: =IFERROR(K58/K57,"") | L59: =IFERROR(L58/L57,"") | M59: =IFERROR(M58/M57,"") | N59: =IFERROR(N58/N57,"") | ... BO59: =IFERROR(BO58/BO57,"")
C60: K4 | D60: Engaged Architect (Submit Design) | E60: D&B | F60: Phasing | G60: =SUM(H60:BO60) | H60: 1 | I60: 1 | J60: 1 | K60: 3 | M60: 1 | N60: 1 | O60: 1 | P60: 1 | R60: 1 | S60: 1 | T60: 1 | U60: 3 | W60: 1 | X60: 1 | Y60: 1 | Z60: 3 | AB60: 1 | AC60: 1 | AD60: 1 | AE60: 4 | AG60: 1 | AH60: 1 | AI60: 1 | AJ60: 4 | AL60: 1 | AM60: 1 | AN60: 1 | AO60: 3 | AQ60: 1 | AR60: 1 | AS60: 1 | AT60: 4 | AV60: 1 | AW60: 1 | AX60: 1 | AY60: 4 | BA60: 1 | BB60: 1 | BC60: 1 | BD60: 4 | BF60: 1 | BG60: 1 | BH60: 1 | BI60: 4 | BK60: 2 | BL60: 2 | BM60: 2 | BN60: 2
F61: Actual | G61: =SUM(H61:BO61) | H61: 1 | I61: 1 | J61: 1 | K61: 2 | M61: 1 | N61: 1 | O61: 1 | P61: 1 | R61: 1 | S61: 1 | T61: 1 | U61: 3 | W61: 1 | X61: 1 | Y61: 1 | Z61: 3 | AB61: 1 | AC61: 1 | AD61: 1 | AE61: 4 | AG61: 1 | AH61: 1 | AI61: 1 | AJ61: 4 | AL61: 1 | AM61: 1 | AN61: 1 | AO61: 3 | AQ61: 1 | AR61: 1 | AS61: 1 | AT61: 3 | AV61: 1 | AW61: 1 | AX61: 1 | AY61: 3
F62: % Achieved | G62: =IFERROR(G61/G60,"") | H62: =IFERROR(H61/H60,"") | I62: =IFERROR(I61/I60,"") | J62: =IFERROR(J61/J60,"") | K62: =IFERROR(K61/K60,"") | L62: =IFERROR(L61/L60,"") | M62: =IFERROR(M61/M60,"") | N62: =IFERROR(N61/N60,"") | ... BO62: =IFERROR(BO61/BO60,"")
C63: K5 | D63: Spec-in Design (submitted design) | E63: Designs | F63: Phasing | G63: =SUM(H63:BO63) | H63: 1 | I63: 1 | J63: 1 | K63: 3 | M63: 1 | N63: 1 | O63: 1 | P63: 1 | R63: 1 | S63: 1 | T63: 1 | U63: 3 | W63: 1 | X63: 1 | Y63: 1 | Z63: 4 | AB63: 1 | AC63: 1 | AD63: 1 | AE63: 4 | AG63: 1 | AH63: 1 | AI63: 1 | AJ63: 4 | AL63: 1 | AM63: 1 | AN63: 1 | AO63: 4 | AQ63: 1 | AR63: 1 | AS63: 1 | AT63: 4 | AV63: 1 | AW63: 1 | AX63: 1 | AY63: 4 | BA63: 2 | BB63: 2 | BC63: 2 | BD63: 2 | BF63: 2 | BG63: 2 | BH63: 2 | BI63: 2 | BK63: 2 | BL63: 2 | BM63: 2 | BN63: 2
F64: Actual | G64: =SUM(H64:BO64) | H64: 1 | I64: 1 | J64: 1 | K64: 3 | M64: 1 | N64: 1 | O64: 1 | P64: 1 | R64: 1 | S64: 1 | T64: 1 | U64: 3 | W64: 1 | X64: 1 | Y64: 1 | Z64: 4 | AB64: 1 | AC64: 1 | AD64: 1 | AE64: 4 | AG64: 1 | AH64: 1 | AI64: 1 | AJ64: 4 | AL64: 1 | AM64: 1 | AN64: 1 | AO64: 4 | AQ64: 1 | AR64: 1 | AS64: 1 | AT64: 4 | AV64: 1 | AW64: 1 | AX64: 1 | AY64: 4
F65: % Achieved | G65: =IFERROR(G64/G63,"") | H65: =IFERROR(H64/H63,"") | I65: =IFERROR(I64/I63,"") | J65: =IFERROR(J64/J63,"") | K65: =IFERROR(K64/K63,"") | L65: =IFERROR(L64/L63,"") | M65: =IFERROR(M64/M63,"") | N65: =IFERROR(N64/N63,"") | ... BO65: =IFERROR(BO64/BO63,"")
A66: =IFERROR(INDEX(Team_Master!$C$6:$C$20,5),"") | B66: =IFERROR(INDEX(Team_Master!$G$6:$G$20,5),"") | C66: K1 | D66: Invoiced Value | E66: MVND | F66: Phasing | G66: =SUM(H66:BO66) | H66: 152 | I66: 152 | J66: 152 | K66: 153 | M66: 111 | N66: 111 | O66: 111 | P66: 111 | R66: 170 | S66: 170 | T66: 170 | U66: 171 | W66: 179 | X66: 179 | Y66: 179 | Z66: 180 | AB66: 182 | AC66: 182 | AD66: 182 | AE66: 185 | AG66: 188 | AH66: 188 | AI66: 188 | AJ66: 188 | AL66: 179 | AM66: 179 | AN66: 179 | AO66: 180 | AQ66: 184 | AR66: 184 | AS66: 184 | AT66: 186 | AV66: 193 | AW66: 193 | AX66: 193 | AY66: 195 | BA66: 200 | BB66: 200 | BC66: 200 | BD66: 203 | BF66: 206 | BG66: 206 | BH66: 206 | BI66: 206 | BK66: 202 | BL66: 202 | BM66: 202 | BN66: 204
F67: Actual | G67: =SUM(H67:BO67) | H67: 152 | I67: 165 | J67: 145 | K67: 143 | M67: 128 | N67: 117 | O67: 110 | P67: 111 | R67: 182 | S67: 181 | T67: 193 | U67: 164 | W67: 198 | X67: 188 | Y67: 200 | Z67: 198 | AB67: 202 | AC67: 205 | AD67: 210 | AE67: 192 | AG67: 188 | AH67: 200 | AI67: 206 | AJ67: 181 | AL67: 172 | AM67: 155 | AN67: 193 | AO67: 210 | AQ67: 174 | AR67: 160 | AS67: 163 | AT67: 179 | AV67: 177 | AW67: 223 | AX67: 161 | AY67: 180
F68: % Achieved | G68: =IFERROR(G67/G66,"") | H68: =IFERROR(H67/H66,"") | I68: =IFERROR(I67/I66,"") | J68: =IFERROR(J67/J66,"") | K68: =IFERROR(K67/K66,"") | L68: =IFERROR(L67/L66,"") | M68: =IFERROR(M67/M66,"") | N68: =IFERROR(N67/N66,"") | ... BO68: =IFERROR(BO67/BO66,"")
C69: K2 | D69: Key account approach / Site check | E69: Roadshow | F69: Phasing | G69: =SUM(H69:BO69) | H69: 3 | I69: 3 | J69: 3 | K69: 4 | M69: 2 | N69: 2 | O69: 2 | P69: 4 | R69: 3 | S69: 3 | T69: 3 | U69: 6 | W69: 4 | X69: 4 | Y69: 4 | Z69: 4 | AB69: 4 | AC69: 4 | AD69: 4 | AE69: 4 | AG69: 4 | AH69: 4 | AI69: 4 | AJ69: 5 | AL69: 4 | AM69: 4 | AN69: 4 | AO69: 4 | AQ69: 4 | AR69: 4 | AS69: 4 | AT69: 4 | AV69: 4 | AW69: 4 | AX69: 4 | AY69: 5 | BA69: 4 | BB69: 4 | BC69: 4 | BD69: 6 | BF69: 4 | BG69: 4 | BH69: 4 | BI69: 6 | BK69: 4 | BL69: 4 | BM69: 4 | BN69: 6
F70: Actual | G70: =SUM(H70:BO70) | H70: 3 | I70: 3 | J70: 3 | K70: 4 | M70: 2 | N70: 2 | O70: 2 | P70: 5 | R70: 2 | S70: 3 | T70: 3 | U70: 5 | W70: 4 | X70: 4 | Y70: 4 | Z70: 4 | AB70: 4 | AC70: 4 | AD70: 3 | AE70: 4 | AG70: 4 | AH70: 4 | AI70: 4 | AJ70: 5 | AL70: 4 | AM70: 5 | AN70: 5 | AO70: 4 | AQ70: 4 | AR70: 5 | AS70: 4 | AT70: 4 | AV70: 3 | AW70: 5 | AX70: 4 | AY70: 5
F71: % Achieved | G71: =IFERROR(G70/G69,"") | H71: =IFERROR(H70/H69,"") | I71: =IFERROR(I70/I69,"") | J71: =IFERROR(J70/J69,"") | K71: =IFERROR(K70/K69,"") | L71: =IFERROR(L70/L69,"") | M71: =IFERROR(M70/M69,"") | N71: =IFERROR(N70/N69,"") | ... BO71: =IFERROR(BO70/BO69,"")
C72: K3 | D72: Spec-in Value | E72: MVND | F72: Phasing | G72: =SUM(H72:BO72) | H72: 60 | I72: 60 | J72: 60 | K72: 61 | M72: 44 | N72: 44 | O72: 44 | P72: 44 | R72: 67 | S72: 67 | T72: 67 | U72: 68 | W72: 70 | X72: 70 | Y72: 70 | Z72: 73 | AB72: 72 | AC72: 72 | AD72: 72 | AE72: 73 | AG72: 74 | AH72: 74 | AI72: 74 | AJ72: 76 | AL72: 70 | AM72: 70 | AN72: 70 | AO72: 73 | AQ72: 73 | AR72: 73 | AS72: 73 | AT72: 73 | AV72: 76 | AW72: 76 | AX72: 76 | AY72: 78 | BA72: 79 | BB72: 79 | BC72: 79 | BD72: 80 | BF72: 81 | BG72: 81 | BH72: 81 | BI72: 83 | BK72: 80 | BL72: 80 | BM72: 80 | BN72: 80
F73: Actual | G73: =SUM(H73:BO73) | H73: 60 | I73: 60 | J73: 55 | K73: 71 | M73: 46 | N73: 39 | O73: 36 | P73: 43 | R73: 63 | S73: 73 | T73: 71 | U73: 70 | W73: 61 | X73: 61 | Y73: 65 | Z73: 66 | AB73: 81 | AC73: 72 | AD73: 75 | AE73: 85 | AG73: 67 | AH73: 74 | AI73: 64 | AJ73: 83 | AL73: 57 | AM73: 77 | AN73: 78 | AO73: 81 | AQ73: 61 | AR73: 66 | AS73: 78 | AT73: 62 | AV73: 75 | AW73: 74 | AX73: 88 | AY73: 80
F74: % Achieved | G74: =IFERROR(G73/G72,"") | H74: =IFERROR(H73/H72,"") | I74: =IFERROR(I73/I72,"") | J74: =IFERROR(J73/J72,"") | K74: =IFERROR(K73/K72,"") | L74: =IFERROR(L73/L72,"") | M74: =IFERROR(M73/M72,"") | N74: =IFERROR(N73/N72,"") | ... BO74: =IFERROR(BO73/BO72,"")
C75: K4 | D75: Engaged Architect (Submit Design) | E75: D&B | F75: Phasing | G75: =SUM(H75:BO75) | H75: 1 | I75: 1 | J75: 1 | K75: 2 | M75: 0 | N75: 0 | O75: 0 | P75: 3 | R75: 1 | S75: 1 | T75: 1 | U75: 2 | W75: 1 | X75: 1 | Y75: 1 | Z75: 2 | AB75: 1 | AC75: 1 | AD75: 1 | AE75: 3 | AG75: 1 | AH75: 1 | AI75: 1 | AJ75: 3 | AL75: 1 | AM75: 1 | AN75: 1 | AO75: 2 | AQ75: 1 | AR75: 1 | AS75: 1 | AT75: 3 | AV75: 1 | AW75: 1 | AX75: 1 | AY75: 3 | BA75: 1 | BB75: 1 | BC75: 1 | BD75: 3 | BF75: 1 | BG75: 1 | BH75: 1 | BI75: 3 | BK75: 1 | BL75: 1 | BM75: 1 | BN75: 3
F76: Actual | G76: =SUM(H76:BO76) | H76: 1 | I76: 1 | J76: 1 | K76: 2 | M76: 0 | N76: 0 | O76: 0 | P76: 3 | R76: 1 | S76: 1 | T76: 1 | U76: 2 | W76: 1 | X76: 1 | Y76: 1 | Z76: 2 | AB76: 1 | AC76: 1 | AD76: 1 | AE76: 3 | AG76: 1 | AH76: 1 | AI76: 1 | AJ76: 3 | AL76: 1 | AM76: 1 | AN76: 1 | AO76: 2 | AQ76: 1 | AR76: 1 | AS76: 1 | AT76: 3 | AV76: 1 | AW76: 1 | AX76: 1 | AY76: 3
F77: % Achieved | G77: =IFERROR(G76/G75,"") | H77: =IFERROR(H76/H75,"") | I77: =IFERROR(I76/I75,"") | J77: =IFERROR(J76/J75,"") | K77: =IFERROR(K76/K75,"") | L77: =IFERROR(L76/L75,"") | M77: =IFERROR(M76/M75,"") | N77: =IFERROR(N76/N75,"") | ... BO77: =IFERROR(BO76/BO75,"")
C78: K5 | D78: Spec-in Design (submitted design) | E78: Designs | F78: Phasing | G78: =SUM(H78:BO78) | H78: 1 | I78: 1 | J78: 1 | K78: 2 | M78: 1 | N78: 1 | O78: 1 | P78: 1 | R78: 1 | S78: 1 | T78: 1 | U78: 2 | W78: 1 | X78: 1 | Y78: 1 | Z78: 3 | AB78: 1 | AC78: 1 | AD78: 1 | AE78: 3 | AG78: 1 | AH78: 1 | AI78: 1 | AJ78: 3 | AL78: 1 | AM78: 1 | AN78: 1 | AO78: 3 | AQ78: 1 | AR78: 1 | AS78: 1 | AT78: 3 | AV78: 1 | AW78: 1 | AX78: 1 | AY78: 3 | BA78: 1 | BB78: 1 | BC78: 1 | BD78: 3 | BF78: 1 | BG78: 1 | BH78: 1 | BI78: 4 | BK78: 1 | BL78: 1 | BM78: 1 | BN78: 2
F79: Actual | G79: =SUM(H79:BO79) | H79: 1 | I79: 1 | J79: 1 | K79: 2 | M79: 1 | N79: 1 | O79: 1 | P79: 1 | R79: 1 | S79: 1 | T79: 1 | U79: 2 | W79: 1 | X79: 1 | Y79: 1 | Z79: 3 | AB79: 1 | AC79: 1 | AD79: 1 | AE79: 3 | AG79: 1 | AH79: 1 | AI79: 1 | AJ79: 3 | AL79: 1 | AM79: 1 | AN79: 1 | AO79: 3 | AQ79: 1 | AR79: 1 | AS79: 1 | AT79: 3 | AV79: 1 | AW79: 1 | AX79: 1 | AY79: 3
F80: % Achieved | G80: =IFERROR(G79/G78,"") | H80: =IFERROR(H79/H78,"") | I80: =IFERROR(I79/I78,"") | J80: =IFERROR(J79/J78,"") | K80: =IFERROR(K79/K78,"") | L80: =IFERROR(L79/L78,"") | M80: =IFERROR(M79/M78,"") | N80: =IFERROR(N79/N78,"") | ... BO80: =IFERROR(BO79/BO78,"")
A81: =IFERROR(INDEX(Team_Master!$C$6:$C$20,6),"") | B81: =IFERROR(INDEX(Team_Master!$G$6:$G$20,6),"") | C81: K1 | D81: Invoiced Value | E81: MVND | F81: Phasing | G81: =SUM(H81:BO81) | H81: 140 | I81: 140 | J81: 140 | K81: 140 | M81: 102 | N81: 102 | O81: 102 | P81: 102 | R81: 156 | S81: 156 | T81: 156 | U81: 157 | W81: 164 | X81: 164 | Y81: 164 | Z81: 166 | AB81: 168 | AC81: 168 | AD81: 168 | AE81: 168 | AG81: 172 | AH81: 172 | AI81: 172 | AJ81: 175 | AL81: 164 | AM81: 164 | AN81: 164 | AO81: 166 | AQ81: 169 | AR81: 169 | AS81: 169 | AT81: 171 | AV81: 177 | AW81: 177 | AX81: 177 | AY81: 180 | BA81: 184 | BB81: 184 | BC81: 184 | BD81: 185 | BF81: 189 | BG81: 189 | BH81: 189 | BI81: 190 | BK81: 186 | BL81: 186 | BM81: 186 | BN81: 187
F82: Actual | G82: =SUM(H82:BO82) | H82: 172 | I82: 175 | J82: 150 | K82: 147 | M82: 111 | N82: 94 | O82: 110 | P82: 122 | R82: 205 | S82: 193 | T82: 185 | U82: 183 | W82: 152 | X82: 173 | Y82: 173 | Z82: 196 | AB82: 161 | AC82: 180 | AD82: 189 | AE82: 208 | AG82: 215 | AH82: 200 | AI82: 169 | AJ82: 215 | AL82: 210 | AM82: 187 | AN82: 174 | AO82: 186 | AQ82: 165 | AR82: 204 | AS82: 222 | AT82: 193 | AV82: 214 | AW82: 222 | AX82: 177 | AY82: 234
F83: % Achieved | G83: =IFERROR(G82/G81,"") | H83: =IFERROR(H82/H81,"") | I83: =IFERROR(I82/I81,"") | J83: =IFERROR(J82/J81,"") | K83: =IFERROR(K82/K81,"") | L83: =IFERROR(L82/L81,"") | M83: =IFERROR(M82/M81,"") | N83: =IFERROR(N82/N81,"") | ... BO83: =IFERROR(BO82/BO81,"")
C84: K2 | D84: Key account approach / Site check | E84: Roadshow | F84: Phasing | G84: =SUM(H84:BO84) | H84: 3 | I84: 3 | J84: 3 | K84: 4 | M84: 2 | N84: 2 | O84: 2 | P84: 3 | R84: 3 | S84: 3 | T84: 3 | U84: 5 | W84: 3 | X84: 3 | Y84: 3 | Z84: 6 | AB84: 3 | AC84: 3 | AD84: 3 | AE84: 6 | AG84: 4 | AH84: 4 | AI84: 4 | AJ84: 4 | AL84: 3 | AM84: 3 | AN84: 3 | AO84: 6 | AQ84: 3 | AR84: 3 | AS84: 3 | AT84: 6 | AV84: 4 | AW84: 4 | AX84: 4 | AY84: 4 | BA84: 4 | BB84: 4 | BC84: 4 | BD84: 5 | BF84: 4 | BG84: 4 | BH84: 4 | BI84: 5 | BK84: 4 | BL84: 4 | BM84: 4 | BN84: 6
F85: Actual | G85: =SUM(H85:BO85) | H85: 4 | I85: 3 | J85: 3 | K85: 4 | M85: 2 | N85: 2 | O85: 2 | P85: 4 | R85: 3 | S85: 3 | T85: 3 | U85: 7 | W85: 3 | X85: 4 | Y85: 3 | Z85: 7 | AB85: 3 | AC85: 3 | AD85: 4 | AE85: 8 | AG85: 5 | AH85: 5 | AI85: 4 | AJ85: 5 | AL85: 3 | AM85: 4 | AN85: 3 | AO85: 7 | AQ85: 4 | AR85: 3 | AS85: 3 | AT85: 6 | AV85: 4 | AW85: 4 | AX85: 5 | AY85: 5
F86: % Achieved | G86: =IFERROR(G85/G84,"") | H86: =IFERROR(H85/H84,"") | I86: =IFERROR(I85/I84,"") | J86: =IFERROR(J85/J84,"") | K86: =IFERROR(K85/K84,"") | L86: =IFERROR(L85/L84,"") | M86: =IFERROR(M85/M84,"") | N86: =IFERROR(N85/N84,"") | ... BO86: =IFERROR(BO85/BO84,"")
C87: K3 | D87: Spec-in Value | E87: MVND | F87: Phasing | G87: =SUM(H87:BO87) | H87: 55 | I87: 55 | J87: 55 | K87: 55 | M87: 40 | N87: 40 | O87: 40 | P87: 40 | R87: 61 | S87: 61 | T87: 61 | U87: 62 | W87: 64 | X87: 64 | Y87: 64 | Z87: 66 | AB87: 66 | AC87: 66 | AD87: 66 | AE87: 66 | AG87: 67 | AH87: 67 | AI87: 67 | AJ87: 70 | AL87: 64 | AM87: 64 | AN87: 64 | AO87: 66 | AQ87: 66 | AR87: 66 | AS87: 66 | AT87: 68 | AV87: 69 | AW87: 69 | AX87: 69 | AY87: 72 | BA87: 72 | BB87: 72 | BC87: 72 | BD87: 73 | BF87: 74 | BG87: 74 | BH87: 74 | BI87: 75 | BK87: 73 | BL87: 73 | BM87: 73 | BN87: 74
F88: Actual | G88: =SUM(H88:BO88) | H88: 65 | I88: 57 | J88: 65 | K88: 67 | M88: 43 | N88: 46 | O88: 50 | P88: 37 | R88: 61 | S88: 68 | T88: 60 | U88: 67 | W88: 73 | X88: 63 | Y88: 72 | Z88: 68 | AB88: 76 | AC88: 69 | AD88: 78 | AE88: 62 | AG88: 80 | AH88: 65 | AI88: 87 | AJ88: 81 | AL88: 71 | AM88: 69 | AN88: 75 | AO88: 79 | AQ88: 81 | AR88: 81 | AS88: 74 | AT88: 90 | AV88: 87 | AW88: 87 | AX88: 75 | AY88: 79
F89: % Achieved | G89: =IFERROR(G88/G87,"") | H89: =IFERROR(H88/H87,"") | I89: =IFERROR(I88/I87,"") | J89: =IFERROR(J88/J87,"") | K89: =IFERROR(K88/K87,"") | L89: =IFERROR(L88/L87,"") | M89: =IFERROR(M88/M87,"") | N89: =IFERROR(N88/N87,"") | ... BO89: =IFERROR(BO88/BO87,"")
C90: K4 | D90: Engaged Architect (Submit Design) | E90: D&B | F90: Phasing | G90: =SUM(H90:BO90) | H90: 1 | I90: 1 | J90: 1 | K90: 1 | M90: 0 | N90: 0 | O90: 0 | P90: 3 | R90: 1 | S90: 1 | T90: 1 | U90: 2 | W90: 1 | X90: 1 | Y90: 1 | Z90: 2 | AB90: 1 | AC90: 1 | AD90: 1 | AE90: 2 | AG90: 1 | AH90: 1 | AI90: 1 | AJ90: 2 | AL90: 1 | AM90: 1 | AN90: 1 | AO90: 2 | AQ90: 1 | AR90: 1 | AS90: 1 | AT90: 2 | AV90: 1 | AW90: 1 | AX90: 1 | AY90: 2 | BA90: 1 | BB90: 1 | BC90: 1 | BD90: 3 | BF90: 1 | BG90: 1 | BH90: 1 | BI90: 3 | BK90: 1 | BL90: 1 | BM90: 1 | BN90: 3
F91: Actual | G91: =SUM(H91:BO91) | H91: 1 | I91: 1 | J91: 1 | K91: 1 | M91: 0 | N91: 0 | O91: 0 | P91: 3 | R91: 1 | S91: 1 | T91: 1 | U91: 2 | W91: 1 | X91: 1 | Y91: 1 | Z91: 2 | AB91: 1 | AC91: 1 | AD91: 1 | AE91: 2 | AG91: 1 | AH91: 1 | AI91: 1 | AJ91: 2 | AL91: 1 | AM91: 1 | AN91: 1 | AO91: 2 | AQ91: 1 | AR91: 1 | AS91: 1 | AT91: 3 | AV91: 1 | AW91: 1 | AX91: 1 | AY91: 2
F92: % Achieved | G92: =IFERROR(G91/G90,"") | H92: =IFERROR(H91/H90,"") | I92: =IFERROR(I91/I90,"") | J92: =IFERROR(J91/J90,"") | K92: =IFERROR(K91/K90,"") | L92: =IFERROR(L91/L90,"") | M92: =IFERROR(M91/M90,"") | N92: =IFERROR(N91/N90,"") | ... BO92: =IFERROR(BO91/BO90,"")
C93: K5 | D93: Spec-in Design (submitted design) | E93: Designs | F93: Phasing | G93: =SUM(H93:BO93) | H93: 1 | I93: 1 | J93: 1 | K93: 1 | M93: 0 | N93: 0 | O93: 0 | P93: 3 | R93: 1 | S93: 1 | T93: 1 | U93: 2 | W93: 1 | X93: 1 | Y93: 1 | Z93: 2 | AB93: 1 | AC93: 1 | AD93: 1 | AE93: 2 | AG93: 1 | AH93: 1 | AI93: 1 | AJ93: 2 | AL93: 1 | AM93: 1 | AN93: 1 | AO93: 2 | AQ93: 1 | AR93: 1 | AS93: 1 | AT93: 2 | AV93: 1 | AW93: 1 | AX93: 1 | AY93: 3 | BA93: 1 | BB93: 1 | BC93: 1 | BD93: 3 | BF93: 1 | BG93: 1 | BH93: 1 | BI93: 3 | BK93: 1 | BL93: 1 | BM93: 1 | BN93: 4
F94: Actual | G94: =SUM(H94:BO94) | H94: 1 | I94: 1 | J94: 1 | K94: 1 | M94: 0 | N94: 0 | O94: 0 | P94: 3 | R94: 1 | S94: 1 | T94: 1 | U94: 2 | W94: 1 | X94: 1 | Y94: 1 | Z94: 2 | AB94: 1 | AC94: 1 | AD94: 1 | AE94: 3 | AG94: 1 | AH94: 1 | AI94: 1 | AJ94: 3 | AL94: 1 | AM94: 1 | AN94: 1 | AO94: 3 | AQ94: 1 | AR94: 1 | AS94: 1 | AT94: 2 | AV94: 1 | AW94: 1 | AX94: 1 | AY94: 4
F95: % Achieved | G95: =IFERROR(G94/G93,"") | H95: =IFERROR(H94/H93,"") | I95: =IFERROR(I94/I93,"") | J95: =IFERROR(J94/J93,"") | K95: =IFERROR(K94/K93,"") | L95: =IFERROR(L94/L93,"") | M95: =IFERROR(M94/M93,"") | N95: =IFERROR(N94/N93,"") | ... BO95: =IFERROR(BO94/BO93,"")
A96: =IFERROR(INDEX(Team_Master!$C$6:$C$20,7),"") | B96: =IFERROR(INDEX(Team_Master!$G$6:$G$20,7),"") | C96: K1 | D96: Invoiced Value | E96: MVND | F96: Phasing | G96: =SUM(H96:BO96)
F97: Actual | G97: =SUM(H97:BO97)
F98: % Achieved | G98: =IFERROR(G97/G96,"") | H98: =IFERROR(H97/H96,"") | I98: =IFERROR(I97/I96,"") | J98: =IFERROR(J97/J96,"") | K98: =IFERROR(K97/K96,"") | L98: =IFERROR(L97/L96,"") | M98: =IFERROR(M97/M96,"") | N98: =IFERROR(N97/N96,"") | ... BO98: =IFERROR(BO97/BO96,"")
C99: K2 | D99: Key account approach / Site check | E99: Roadshow | F99: Phasing | G99: =SUM(H99:BO99)
F100: Actual | G100: =SUM(H100:BO100)
F101: % Achieved | G101: =IFERROR(G100/G99,"") | H101: =IFERROR(H100/H99,"") | I101: =IFERROR(I100/I99,"") | J101: =IFERROR(J100/J99,"") | K101: =IFERROR(K100/K99,"") | L101: =IFERROR(L100/L99,"") | M101: =IFERROR(M100/M99,"") | N101: =IFERROR(N100/N99,"") | ... BO101: =IFERROR(BO100/BO99,"")
...

Sheet Target_FY
B2: TARGET / PHASING FY2026 – gom từ Weekly_Tracker
B3: Chỉ nhập cột 'FY Target (nhập)' – các cột còn lại gom từ phasing tuần. Cột 'Check phasing' báo lệch nếu phasing cả năm chưa khớp FY target.
L4: TỰ GOM TỪ WEEKLY_TRACKER →
A5: Key | B5: Emp Code | C5: Name of Sales Person | D5: KPI | E5: KPI name | F5: Unit | G5: FY total | H5: Q1 | I5: Q2 | J5: Q3 | K5: Q4 | L5: Jan | M5: Feb | N5: Mar | O5: Apr | P5: May | Q5: Jun | R5: Jul | S5: Aug | T5: Sep | U5: Oct | V5: Nov | W5: Dec | X5: YTD Q1 | Y5: YTD Q2 | Z5: YTD Q3 | AA5: YTD Q4 | AB5: FY Target (nhập) | AC5: Check phasing
A6: =IF($B6="","",$B6&"|"&$D6) | B6: =IFERROR(INDEX(Team_Master!$C$6:$C$20,1),"") | C6: =IFERROR(INDEX(Team_Master!$G$6:$G$20,1),"") | D6: K1 | E6: Invoiced Value | F6: MVND | G6: =SUM(H6:K6) | H6: =SUM(L6:N6) | I6: =SUM(O6:Q6) | J6: =SUM(R6:T6) | K6: =SUM(U6:W6) | L6: =SUM(Weekly_Tracker!H6:L6) | M6: =SUM(Weekly_Tracker!M6:Q6) | N6: =SUM(Weekly_Tracker!R6:V6) | O6: =SUM(Weekly_Tracker!W6:AA6) | P6: =SUM(Weekly_Tracker!AB6:AF6) | Q6: =SUM(Weekly_Tracker!AG6:AK6) | R6: =SUM(Weekly_Tracker!AL6:AP6) | S6: =SUM(Weekly_Tracker!AQ6:AU6) | T6: =SUM(Weekly_Tracker!AV6:AZ6) | U6: =SUM(Weekly_Tracker!BA6:BE6) | V6: =SUM(Weekly_Tracker!BF6:BJ6) | W6: =SUM(Weekly_Tracker!BK6:BO6) | X6: =H6 | Y6: =X6+I6 | Z6: =Y6+J6 | AA6: =Z6+K6 | AB6: 12000 | AC6: =IF($B6="","",IF(AB6=0,"chưa nhập FY target",IF(ROUND(G6-AB6,2)=0,"OK","Lệch "&TEXT(G6-AB6,"#,##0"))))
A7: =IF($B7="","",$B7&"|"&$D7) | B7: =IFERROR(INDEX(Team_Master!$C$6:$C$20,1),"") | C7: =IFERROR(INDEX(Team_Master!$G$6:$G$20,1),"") | D7: K2 | E7: Key account approach / Site check | F7: Roadshow | G7: =SUM(H7:K7) | H7: =SUM(L7:N7) | I7: =SUM(O7:Q7) | J7: =SUM(R7:T7) | K7: =SUM(U7:W7) | L7: =SUM(Weekly_Tracker!H9:L9) | M7: =SUM(Weekly_Tracker!M9:Q9) | N7: =SUM(Weekly_Tracker!R9:V9) | O7: =SUM(Weekly_Tracker!W9:AA9) | P7: =SUM(Weekly_Tracker!AB9:AF9) | Q7: =SUM(Weekly_Tracker!AG9:AK9) | R7: =SUM(Weekly_Tracker!AL9:AP9) | S7: =SUM(Weekly_Tracker!AQ9:AU9) | T7: =SUM(Weekly_Tracker!AV9:AZ9) | U7: =SUM(Weekly_Tracker!BA9:BE9) | V7: =SUM(Weekly_Tracker!BF9:BJ9) | W7: =SUM(Weekly_Tracker!BK9:BO9) | X7: =H7 | Y7: =X7+I7 | Z7: =Y7+J7 | AA7: =Z7+K7 | AB7: 215 | AC7: =IF($B7="","",IF(AB7=0,"chưa nhập FY target",IF(ROUND(G7-AB7,2)=0,"OK","Lệch "&TEXT(G7-AB7,"#,##0"))))
A8: =IF($B8="","",$B8&"|"&$D8) | B8: =IFERROR(INDEX(Team_Master!$C$6:$C$20,1),"") | C8: =IFERROR(INDEX(Team_Master!$G$6:$G$20,1),"") | D8: K3 | E8: Spec-in Value | F8: MVND | G8: =SUM(H8:K8) | H8: =SUM(L8:N8) | I8: =SUM(O8:Q8) | J8: =SUM(R8:T8) | K8: =SUM(U8:W8) | L8: =SUM(Weekly_Tracker!H12:L12) | M8: =SUM(Weekly_Tracker!M12:Q12) | N8: =SUM(Weekly_Tracker!R12:V12) | O8: =SUM(Weekly_Tracker!W12:AA12) | P8: =SUM(Weekly_Tracker!AB12:AF12) | Q8: =SUM(Weekly_Tracker!AG12:AK12) | R8: =SUM(Weekly_Tracker!AL12:AP12) | S8: =SUM(Weekly_Tracker!AQ12:AU12) | T8: =SUM(Weekly_Tracker!AV12:AZ12) | U8: =SUM(Weekly_Tracker!BA12:BE12) | V8: =SUM(Weekly_Tracker!BF12:BJ12) | W8: =SUM(Weekly_Tracker!BK12:BO12) | X8: =H8 | Y8: =X8+I8 | Z8: =Y8+J8 | AA8: =Z8+K8 | AB8: 4250 | AC8: =IF($B8="","",IF(AB8=0,"chưa nhập FY target",IF(ROUND(G8-AB8,2)=0,"OK","Lệch "&TEXT(G8-AB8,"#,##0"))))
A9: =IF($B9="","",$B9&"|"&$D9) | B9: =IFERROR(INDEX(Team_Master!$C$6:$C$20,1),"") | C9: =IFERROR(INDEX(Team_Master!$G$6:$G$20,1),"") | D9: K4 | E9: Engaged Architect (Submit Design) | F9: D&B | G9: =SUM(H9:K9) | H9: =SUM(L9:N9) | I9: =SUM(O9:Q9) | J9: =SUM(R9:T9) | K9: =SUM(U9:W9) | L9: =SUM(Weekly_Tracker!H15:L15) | M9: =SUM(Weekly_Tracker!M15:Q15) | N9: =SUM(Weekly_Tracker!R15:V15) | O9: =SUM(Weekly_Tracker!W15:AA15) | P9: =SUM(Weekly_Tracker!AB15:AF15) | Q9: =SUM(Weekly_Tracker!AG15:AK15) | R9: =SUM(Weekly_Tracker!AL15:AP15) | S9: =SUM(Weekly_Tracker!AQ15:AU15) | T9: =SUM(Weekly_Tracker!AV15:AZ15) | U9: =SUM(Weekly_Tracker!BA15:BE15) | V9: =SUM(Weekly_Tracker!BF15:BJ15) | W9: =SUM(Weekly_Tracker!BK15:BO15) | X9: =H9 | Y9: =X9+I9 | Z9: =Y9+J9 | AA9: =Z9+K9 | AB9: 80 | AC9: =IF($B9="","",IF(AB9=0,"chưa nhập FY target",IF(ROUND(G9-AB9,2)=0,"OK","Lệch "&TEXT(G9-AB9,"#,##0"))))
A10: =IF($B10="","",$B10&"|"&$D10) | B10: =IFERROR(INDEX(Team_Master!$C$6:$C$20,1),"") | C10: =IFERROR(INDEX(Team_Master!$G$6:$G$20,1),"") | D10: K5 | E10: Spec-in Design (submitted design) | F10: Designs | G10: =SUM(H10:K10) | H10: =SUM(L10:N10) | I10: =SUM(O10:Q10) | J10: =SUM(R10:T10) | K10: =SUM(U10:W10) | L10: =SUM(Weekly_Tracker!H18:L18) | M10: =SUM(Weekly_Tracker!M18:Q18) | N10: =SUM(Weekly_Tracker!R18:V18) | O10: =SUM(Weekly_Tracker!W18:AA18) | P10: =SUM(Weekly_Tracker!AB18:AF18) | Q10: =SUM(Weekly_Tracker!AG18:AK18) | R10: =SUM(Weekly_Tracker!AL18:AP18) | S10: =SUM(Weekly_Tracker!AQ18:AU18) | T10: =SUM(Weekly_Tracker!AV18:AZ18) | U10: =SUM(Weekly_Tracker!BA18:BE18) | V10: =SUM(Weekly_Tracker!BF18:BJ18) | W10: =SUM(Weekly_Tracker!BK18:BO18) | X10: =H10 | Y10: =X10+I10 | Z10: =Y10+J10 | AA10: =Z10+K10 | AB10: 85 | AC10: =IF($B10="","",IF(AB10=0,"chưa nhập FY target",IF(ROUND(G10-AB10,2)=0,"OK","Lệch "&TEXT(G10-AB10,"#,##0"))))
A11: =IF($B11="","",$B11&"|"&$D11) | B11: =IFERROR(INDEX(Team_Master!$C$6:$C$20,2),"") | C11: =IFERROR(INDEX(Team_Master!$G$6:$G$20,2),"") | D11: K1 | E11: Invoiced Value | F11: MVND | G11: =SUM(H11:K11) | H11: =SUM(L11:N11) | I11: =SUM(O11:Q11) | J11: =SUM(R11:T11) | K11: =SUM(U11:W11) | L11: =SUM(Weekly_Tracker!H21:L21) | M11: =SUM(Weekly_Tracker!M21:Q21) | N11: =SUM(Weekly_Tracker!R21:V21) | O11: =SUM(Weekly_Tracker!W21:AA21) | P11: =SUM(Weekly_Tracker!AB21:AF21) | Q11: =SUM(Weekly_Tracker!AG21:AK21) | R11: =SUM(Weekly_Tracker!AL21:AP21) | S11: =SUM(Weekly_Tracker!AQ21:AU21) | T11: =SUM(Weekly_Tracker!AV21:AZ21) | U11: =SUM(Weekly_Tracker!BA21:BE21) | V11: =SUM(Weekly_Tracker!BF21:BJ21) | W11: =SUM(Weekly_Tracker!BK21:BO21) | X11: =H11 | Y11: =X11+I11 | Z11: =Y11+J11 | AA11: =Z11+K11 | AB11: 10500 | AC11: =IF($B11="","",IF(AB11=0,"chưa nhập FY target",IF(ROUND(G11-AB11,2)=0,"OK","Lệch "&TEXT(G11-AB11,"#,##0"))))
A12: =IF($B12="","",$B12&"|"&$D12) | B12: =IFERROR(INDEX(Team_Master!$C$6:$C$20,2),"") | C12: =IFERROR(INDEX(Team_Master!$G$6:$G$20,2),"") | D12: K2 | E12: Key account approach / Site check | F12: Roadshow | G12: =SUM(H12:K12) | H12: =SUM(L12:N12) | I12: =SUM(O12:Q12) | J12: =SUM(R12:T12) | K12: =SUM(U12:W12) | L12: =SUM(Weekly_Tracker!H24:L24) | M12: =SUM(Weekly_Tracker!M24:Q24) | N12: =SUM(Weekly_Tracker!R24:V24) | O12: =SUM(Weekly_Tracker!W24:AA24) | P12: =SUM(Weekly_Tracker!AB24:AF24) | Q12: =SUM(Weekly_Tracker!AG24:AK24) | R12: =SUM(Weekly_Tracker!AL24:AP24) | S12: =SUM(Weekly_Tracker!AQ24:AU24) | T12: =SUM(Weekly_Tracker!AV24:AZ24) | U12: =SUM(Weekly_Tracker!BA24:BE24) | V12: =SUM(Weekly_Tracker!BF24:BJ24) | W12: =SUM(Weekly_Tracker!BK24:BO24) | X12: =H12 | Y12: =X12+I12 | Z12: =Y12+J12 | AA12: =Z12+K12 | AB12: 216 | AC12: =IF($B12="","",IF(AB12=0,"chưa nhập FY target",IF(ROUND(G12-AB12,2)=0,"OK","Lệch "&TEXT(G12-AB12,"#,##0"))))
A13: =IF($B13="","",$B13&"|"&$D13) | B13: =IFERROR(INDEX(Team_Master!$C$6:$C$20,2),"") | C13: =IFERROR(INDEX(Team_Master!$G$6:$G$20,2),"") | D13: K3 | E13: Spec-in Value | F13: MVND | G13: =SUM(H13:K13) | H13: =SUM(L13:N13) | I13: =SUM(O13:Q13) | J13: =SUM(R13:T13) | K13: =SUM(U13:W13) | L13: =SUM(Weekly_Tracker!H27:L27) | M13: =SUM(Weekly_Tracker!M27:Q27) | N13: =SUM(Weekly_Tracker!R27:V27) | O13: =SUM(Weekly_Tracker!W27:AA27) | P13: =SUM(Weekly_Tracker!AB27:AF27) | Q13: =SUM(Weekly_Tracker!AG27:AK27) | R13: =SUM(Weekly_Tracker!AL27:AP27) | S13: =SUM(Weekly_Tracker!AQ27:AU27) | T13: =SUM(Weekly_Tracker!AV27:AZ27) | U13: =SUM(Weekly_Tracker!BA27:BE27) | V13: =SUM(Weekly_Tracker!BF27:BJ27) | W13: =SUM(Weekly_Tracker!BK27:BO27) | X13: =H13 | Y13: =X13+I13 | Z13: =Y13+J13 | AA13: =Z13+K13 | AB13: 3900 | AC13: =IF($B13="","",IF(AB13=0,"chưa nhập FY target",IF(ROUND(G13-AB13,2)=0,"OK","Lệch "&TEXT(G13-AB13,"#,##0"))))
A14: =IF($B14="","",$B14&"|"&$D14) | B14: =IFERROR(INDEX(Team_Master!$C$6:$C$20,2),"") | C14: =IFERROR(INDEX(Team_Master!$G$6:$G$20,2),"") | D14: K4 | E14: Engaged Architect (Submit Design) | F14: D&B | G14: =SUM(H14:K14) | H14: =SUM(L14:N14) | I14: =SUM(O14:Q14) | J14: =SUM(R14:T14) | K14: =SUM(U14:W14) | L14: =SUM(Weekly_Tracker!H30:L30) | M14: =SUM(Weekly_Tracker!M30:Q30) | N14: =SUM(Weekly_Tracker!R30:V30) | O14: =SUM(Weekly_Tracker!W30:AA30) | P14: =SUM(Weekly_Tracker!AB30:AF30) | Q14: =SUM(Weekly_Tracker!AG30:AK30) | R14: =SUM(Weekly_Tracker!AL30:AP30) | S14: =SUM(Weekly_Tracker!AQ30:AU30) | T14: =SUM(Weekly_Tracker!AV30:AZ30) | U14: =SUM(Weekly_Tracker!BA30:BE30) | V14: =SUM(Weekly_Tracker!BF30:BJ30) | W14: =SUM(Weekly_Tracker!BK30:BO30) | X14: =H14 | Y14: =X14+I14 | Z14: =Y14+J14 | AA14: =Z14+K14 | AB14: 75 | AC14: =IF($B14="","",IF(AB14=0,"chưa nhập FY target",IF(ROUND(G14-AB14,2)=0,"OK","Lệch "&TEXT(G14-AB14,"#,##0"))))
A15: =IF($B15="","",$B15&"|"&$D15) | B15: =IFERROR(INDEX(Team_Master!$C$6:$C$20,2),"") | C15: =IFERROR(INDEX(Team_Master!$G$6:$G$20,2),"") | D15: K5 | E15: Spec-in Design (submitted design) | F15: Designs | G15: =SUM(H15:K15) | H15: =SUM(L15:N15) | I15: =SUM(O15:Q15) | J15: =SUM(R15:T15) | K15: =SUM(U15:W15) | L15: =SUM(Weekly_Tracker!H33:L33) | M15: =SUM(Weekly_Tracker!M33:Q33) | N15: =SUM(Weekly_Tracker!R33:V33) | O15: =SUM(Weekly_Tracker!W33:AA33) | P15: =SUM(Weekly_Tracker!AB33:AF33) | Q15: =SUM(Weekly_Tracker!AG33:AK33) | R15: =SUM(Weekly_Tracker!AL33:AP33) | S15: =SUM(Weekly_Tracker!AQ33:AU33) | T15: =SUM(Weekly_Tracker!AV33:AZ33) | U15: =SUM(Weekly_Tracker!BA33:BE33) | V15: =SUM(Weekly_Tracker!BF33:BJ33) | W15: =SUM(Weekly_Tracker!BK33:BO33) | X15: =H15 | Y15: =X15+I15 | Z15: =Y15+J15 | AA15: =Z15+K15 | AB15: 78 | AC15: =IF($B15="","",IF(AB15=0,"chưa nhập FY target",IF(ROUND(G15-AB15,2)=0,"OK","Lệch "&TEXT(G15-AB15,"#,##0"))))
A16: =IF($B16="","",$B16&"|"&$D16) | B16: =IFERROR(INDEX(Team_Master!$C$6:$C$20,3),"") | C16: =IFERROR(INDEX(Team_Master!$G$6:$G$20,3),"") | D16: K1 | E16: Invoiced Value | F16: MVND | G16: =SUM(H16:K16) | H16: =SUM(L16:N16) | I16: =SUM(O16:Q16) | J16: =SUM(R16:T16) | K16: =SUM(U16:W16) | L16: =SUM(Weekly_Tracker!H36:L36) | M16: =SUM(Weekly_Tracker!M36:Q36) | N16: =SUM(Weekly_Tracker!R36:V36) | O16: =SUM(Weekly_Tracker!W36:AA36) | P16: =SUM(Weekly_Tracker!AB36:AF36) | Q16: =SUM(Weekly_Tracker!AG36:AK36) | R16: =SUM(Weekly_Tracker!AL36:AP36) | S16: =SUM(Weekly_Tracker!AQ36:AU36) | T16: =SUM(Weekly_Tracker!AV36:AZ36) | U16: =SUM(Weekly_Tracker!BA36:BE36) | V16: =SUM(Weekly_Tracker!BF36:BJ36) | W16: =SUM(Weekly_Tracker!BK36:BO36) | X16: =H16 | Y16: =X16+I16 | Z16: =Y16+J16 | AA16: =Z16+K16 | AB16: 13800 | AC16: =IF($B16="","",IF(AB16=0,"chưa nhập FY target",IF(ROUND(G16-AB16,2)=0,"OK","Lệch "&TEXT(G16-AB16,"#,##0"))))
A17: =IF($B17="","",$B17&"|"&$D17) | B17: =IFERROR(INDEX(Team_Master!$C$6:$C$20,3),"") | C17: =IFERROR(INDEX(Team_Master!$G$6:$G$20,3),"") | D17: K2 | E17: Key account approach / Site check | F17: Roadshow | G17: =SUM(H17:K17) | H17: =SUM(L17:N17) | I17: =SUM(O17:Q17) | J17: =SUM(R17:T17) | K17: =SUM(U17:W17) | L17: =SUM(Weekly_Tracker!H39:L39) | M17: =SUM(Weekly_Tracker!M39:Q39) | N17: =SUM(Weekly_Tracker!R39:V39) | O17: =SUM(Weekly_Tracker!W39:AA39) | P17: =SUM(Weekly_Tracker!AB39:AF39) | Q17: =SUM(Weekly_Tracker!AG39:AK39) | R17: =SUM(Weekly_Tracker!AL39:AP39) | S17: =SUM(Weekly_Tracker!AQ39:AU39) | T17: =SUM(Weekly_Tracker!AV39:AZ39) | U17: =SUM(Weekly_Tracker!BA39:BE39) | V17: =SUM(Weekly_Tracker!BF39:BJ39) | W17: =SUM(Weekly_Tracker!BK39:BO39) | X17: =H17 | Y17: =X17+I17 | Z17: =Y17+J17 | AA17: =Z17+K17 | AB17: 230 | AC17: =IF($B17="","",IF(AB17=0,"chưa nhập FY target",IF(ROUND(G17-AB17,2)=0,"OK","Lệch "&TEXT(G17-AB17,"#,##0"))))
A18: =IF($B18="","",$B18&"|"&$D18) | B18: =IFERROR(INDEX(Team_Master!$C$6:$C$20,3),"") | C18: =IFERROR(INDEX(Team_Master!$G$6:$G$20,3),"") | D18: K3 | E18: Spec-in Value | F18: MVND | G18: =SUM(H18:K18) | H18: =SUM(L18:N18) | I18: =SUM(O18:Q18) | J18: =SUM(R18:T18) | K18: =SUM(U18:W18) | L18: =SUM(Weekly_Tracker!H42:L42) | M18: =SUM(Weekly_Tracker!M42:Q42) | N18: =SUM(Weekly_Tracker!R42:V42) | O18: =SUM(Weekly_Tracker!W42:AA42) | P18: =SUM(Weekly_Tracker!AB42:AF42) | Q18: =SUM(Weekly_Tracker!AG42:AK42) | R18: =SUM(Weekly_Tracker!AL42:AP42) | S18: =SUM(Weekly_Tracker!AQ42:AU42) | T18: =SUM(Weekly_Tracker!AV42:AZ42) | U18: =SUM(Weekly_Tracker!BA42:BE42) | V18: =SUM(Weekly_Tracker!BF42:BJ42) | W18: =SUM(Weekly_Tracker!BK42:BO42) | X18: =H18 | Y18: =X18+I18 | Z18: =Y18+J18 | AA18: =Z18+K18 | AB18: 4600 | AC18: =IF($B18="","",IF(AB18=0,"chưa nhập FY target",IF(ROUND(G18-AB18,2)=0,"OK","Lệch "&TEXT(G18-AB18,"#,##0"))))
A19: =IF($B19="","",$B19&"|"&$D19) | B19: =IFERROR(INDEX(Team_Master!$C$6:$C$20,3),"") | C19: =IFERROR(INDEX(Team_Master!$G$6:$G$20,3),"") | D19: K4 | E19: Engaged Architect (Submit Design) | F19: D&B | G19: =SUM(H19:K19) | H19: =SUM(L19:N19) | I19: =SUM(O19:Q19) | J19: =SUM(R19:T19) | K19: =SUM(U19:W19) | L19: =SUM(Weekly_Tracker!H45:L45) | M19: =SUM(Weekly_Tracker!M45:Q45) | N19: =SUM(Weekly_Tracker!R45:V45) | O19: =SUM(Weekly_Tracker!W45:AA45) | P19: =SUM(Weekly_Tracker!AB45:AF45) | Q19: =SUM(Weekly_Tracker!AG45:AK45) | R19: =SUM(Weekly_Tracker!AL45:AP45) | S19: =SUM(Weekly_Tracker!AQ45:AU45) | T19: =SUM(Weekly_Tracker!AV45:AZ45) | U19: =SUM(Weekly_Tracker!BA45:BE45) | V19: =SUM(Weekly_Tracker!BF45:BJ45) | W19: =SUM(Weekly_Tracker!BK45:BO45) | X19: =H19 | Y19: =X19+I19 | Z19: =Y19+J19 | AA19: =Z19+K19 | AB19: 88 | AC19: =IF($B19="","",IF(AB19=0,"chưa nhập FY target",IF(ROUND(G19-AB19,2)=0,"OK","Lệch "&TEXT(G19-AB19,"#,##0"))))
A20: =IF($B20="","",$B20&"|"&$D20) | B20: =IFERROR(INDEX(Team_Master!$C$6:$C$20,3),"") | C20: =IFERROR(INDEX(Team_Master!$G$6:$G$20,3),"") | D20: K5 | E20: Spec-in Design (submitted design) | F20: Designs | G20: =SUM(H20:K20) | H20: =SUM(L20:N20) | I20: =SUM(O20:Q20) | J20: =SUM(R20:T20) | K20: =SUM(U20:W20) | L20: =SUM(Weekly_Tracker!H48:L48) | M20: =SUM(Weekly_Tracker!M48:Q48) | N20: =SUM(Weekly_Tracker!R48:V48) | O20: =SUM(Weekly_Tracker!W48:AA48) | P20: =SUM(Weekly_Tracker!AB48:AF48) | Q20: =SUM(Weekly_Tracker!AG48:AK48) | R20: =SUM(Weekly_Tracker!AL48:AP48) | S20: =SUM(Weekly_Tracker!AQ48:AU48) | T20: =SUM(Weekly_Tracker!AV48:AZ48) | U20: =SUM(Weekly_Tracker!BA48:BE48) | V20: =SUM(Weekly_Tracker!BF48:BJ48) | W20: =SUM(Weekly_Tracker!BK48:BO48) | X20: =H20 | Y20: =X20+I20 | Z20: =Y20+J20 | AA20: =Z20+K20 | AB20: 92 | AC20: =IF($B20="","",IF(AB20=0,"chưa nhập FY target",IF(ROUND(G20-AB20,2)=0,"OK","Lệch "&TEXT(G20-AB20,"#,##0"))))
A21: =IF($B21="","",$B21&"|"&$D21) | B21: =IFERROR(INDEX(Team_Master!$C$6:$C$20,4),"") | C21: =IFERROR(INDEX(Team_Master!$G$6:$G$20,4),"") | D21: K1 | E21: Invoiced Value | F21: MVND | G21: =SUM(H21:K21) | H21: =SUM(L21:N21) | I21: =SUM(O21:Q21) | J21: =SUM(R21:T21) | K21: =SUM(U21:W21) | L21: =SUM(Weekly_Tracker!H51:L51) | M21: =SUM(Weekly_Tracker!M51:Q51) | N21: =SUM(Weekly_Tracker!R51:V51) | O21: =SUM(Weekly_Tracker!W51:AA51) | P21: =SUM(Weekly_Tracker!AB51:AF51) | Q21: =SUM(Weekly_Tracker!AG51:AK51) | R21: =SUM(Weekly_Tracker!AL51:AP51) | S21: =SUM(Weekly_Tracker!AQ51:AU51) | T21: =SUM(Weekly_Tracker!AV51:AZ51) | U21: =SUM(Weekly_Tracker!BA51:BE51) | V21: =SUM(Weekly_Tracker!BF51:BJ51) | W21: =SUM(Weekly_Tracker!BK51:BO51) | X21: =H21 | Y21: =X21+I21 | Z21: =Y21+J21 | AA21: =Z21+K21 | AB21: 11200 | AC21: =IF($B21="","",IF(AB21=0,"chưa nhập FY target",IF(ROUND(G21-AB21,2)=0,"OK","Lệch "&TEXT(G21-AB21,"#,##0"))))
A22: =IF($B22="","",$B22&"|"&$D22) | B22: =IFERROR(INDEX(Team_Master!$C$6:$C$20,4),"") | C22: =IFERROR(INDEX(Team_Master!$G$6:$G$20,4),"") | D22: K2 | E22: Key account approach / Site check | F22: Roadshow | G22: =SUM(H22:K22) | H22: =SUM(L22:N22) | I22: =SUM(O22:Q22) | J22: =SUM(R22:T22) | K22: =SUM(U22:W22) | L22: =SUM(Weekly_Tracker!H54:L54) | M22: =SUM(Weekly_Tracker!M54:Q54) | N22: =SUM(Weekly_Tracker!R54:V54) | O22: =SUM(Weekly_Tracker!W54:AA54) | P22: =SUM(Weekly_Tracker!AB54:AF54) | Q22: =SUM(Weekly_Tracker!AG54:AK54) | R22: =SUM(Weekly_Tracker!AL54:AP54) | S22: =SUM(Weekly_Tracker!AQ54:AU54) | T22: =SUM(Weekly_Tracker!AV54:AZ54) | U22: =SUM(Weekly_Tracker!BA54:BE54) | V22: =SUM(Weekly_Tracker!BF54:BJ54) | W22: =SUM(Weekly_Tracker!BK54:BO54) | X22: =H22 | Y22: =X22+I22 | Z22: =Y22+J22 | AA22: =Z22+K22 | AB22: 205 | AC22: =IF($B22="","",IF(AB22=0,"chưa nhập FY target",IF(ROUND(G22-AB22,2)=0,"OK","Lệch "&TEXT(G22-AB22,"#,##0"))))
A23: =IF($B23="","",$B23&"|"&$D23) | B23: =IFERROR(INDEX(Team_Master!$C$6:$C$20,4),"") | C23: =IFERROR(INDEX(Team_Master!$G$6:$G$20,4),"") | D23: K3 | E23: Spec-in Value | F23: MVND | G23: =SUM(H23:K23) | H23: =SUM(L23:N23) | I23: =SUM(O23:Q23) | J23: =SUM(R23:T23) | K23: =SUM(U23:W23) | L23: =SUM(Weekly_Tracker!H57:L57) | M23: =SUM(Weekly_Tracker!M57:Q57) | N23: =SUM(Weekly_Tracker!R57:V57) | O23: =SUM(Weekly_Tracker!W57:AA57) | P23: =SUM(Weekly_Tracker!AB57:AF57) | Q23: =SUM(Weekly_Tracker!AG57:AK57) | R23: =SUM(Weekly_Tracker!AL57:AP57) | S23: =SUM(Weekly_Tracker!AQ57:AU57) | T23: =SUM(Weekly_Tracker!AV57:AZ57) | U23: =SUM(Weekly_Tracker!BA57:BE57) | V23: =SUM(Weekly_Tracker!BF57:BJ57) | W23: =SUM(Weekly_Tracker!BK57:BO57) | X23: =H23 | Y23: =X23+I23 | Z23: =Y23+J23 | AA23: =Z23+K23 | AB23: 4100 | AC23: =IF($B23="","",IF(AB23=0,"chưa nhập FY target",IF(ROUND(G23-AB23,2)=0,"OK","Lệch "&TEXT(G23-AB23,"#,##0"))))
A24: =IF($B24="","",$B24&"|"&$D24) | B24: =IFERROR(INDEX(Team_Master!$C$6:$C$20,4),"") | C24: =IFERROR(INDEX(Team_Master!$G$6:$G$20,4),"") | D24: K4 | E24: Engaged Architect (Submit Design) | F24: D&B | G24: =SUM(H24:K24) | H24: =SUM(L24:N24) | I24: =SUM(O24:Q24) | J24: =SUM(R24:T24) | K24: =SUM(U24:W24) | L24: =SUM(Weekly_Tracker!H60:L60) | M24: =SUM(Weekly_Tracker!M60:Q60) | N24: =SUM(Weekly_Tracker!R60:V60) | O24: =SUM(Weekly_Tracker!W60:AA60) | P24: =SUM(Weekly_Tracker!AB60:AF60) | Q24: =SUM(Weekly_Tracker!AG60:AK60) | R24: =SUM(Weekly_Tracker!AL60:AP60) | S24: =SUM(Weekly_Tracker!AQ60:AU60) | T24: =SUM(Weekly_Tracker!AV60:AZ60) | U24: =SUM(Weekly_Tracker!BA60:BE60) | V24: =SUM(Weekly_Tracker!BF60:BJ60) | W24: =SUM(Weekly_Tracker!BK60:BO60) | X24: =H24 | Y24: =X24+I24 | Z24: =Y24+J24 | AA24: =Z24+K24 | AB24: 78 | AC24: =IF($B24="","",IF(AB24=0,"chưa nhập FY target",IF(ROUND(G24-AB24,2)=0,"OK","Lệch "&TEXT(G24-AB24,"#,##0"))))
A25: =IF($B25="","",$B25&"|"&$D25) | B25: =IFERROR(INDEX(Team_Master!$C$6:$C$20,4),"") | C25: =IFERROR(INDEX(Team_Master!$G$6:$G$20,4),"") | D25: K5 | E25: Spec-in Design (submitted design) | F25: Designs | G25: =SUM(H25:K25) | H25: =SUM(L25:N25) | I25: =SUM(O25:Q25) | J25: =SUM(R25:T25) | K25: =SUM(U25:W25) | L25: =SUM(Weekly_Tracker!H63:L63) | M25: =SUM(Weekly_Tracker!M63:Q63) | N25: =SUM(Weekly_Tracker!R63:V63) | O25: =SUM(Weekly_Tracker!W63:AA63) | P25: =SUM(Weekly_Tracker!AB63:AF63) | Q25: =SUM(Weekly_Tracker!AG63:AK63) | R25: =SUM(Weekly_Tracker!AL63:AP63) | S25: =SUM(Weekly_Tracker!AQ63:AU63) | T25: =SUM(Weekly_Tracker!AV63:AZ63) | U25: =SUM(Weekly_Tracker!BA63:BE63) | V25: =SUM(Weekly_Tracker!BF63:BJ63) | W25: =SUM(Weekly_Tracker!BK63:BO63) | X25: =H25 | Y25: =X25+I25 | Z25: =Y25+J25 | AA25: =Z25+K25 | AB25: 82 | AC25: =IF($B25="","",IF(AB25=0,"chưa nhập FY target",IF(ROUND(G25-AB25,2)=0,"OK","Lệch "&TEXT(G25-AB25,"#,##0"))))
A26: =IF($B26="","",$B26&"|"&$D26) | B26: =IFERROR(INDEX(Team_Master!$C$6:$C$20,5),"") | C26: =IFERROR(INDEX(Team_Master!$G$6:$G$20,5),"") | D26: K1 | E26: Invoiced Value | F26: MVND | G26: =SUM(H26:K26) | H26: =SUM(L26:N26) | I26: =SUM(O26:Q26) | J26: =SUM(R26:T26) | K26: =SUM(U26:W26) | L26: =SUM(Weekly_Tracker!H66:L66) | M26: =SUM(Weekly_Tracker!M66:Q66) | N26: =SUM(Weekly_Tracker!R66:V66) | O26: =SUM(Weekly_Tracker!W66:AA66) | P26: =SUM(Weekly_Tracker!AB66:AF66) | Q26: =SUM(Weekly_Tracker!AG66:AK66) | R26: =SUM(Weekly_Tracker!AL66:AP66) | S26: =SUM(Weekly_Tracker!AQ66:AU66) | T26: =SUM(Weekly_Tracker!AV66:AZ66) | U26: =SUM(Weekly_Tracker!BA66:BE66) | V26: =SUM(Weekly_Tracker!BF66:BJ66) | W26: =SUM(Weekly_Tracker!BK66:BO66) | X26: =H26 | Y26: =X26+I26 | Z26: =Y26+J26 | AA26: =Z26+K26 | AB26: 8600 | AC26: =IF($B26="","",IF(AB26=0,"chưa nhập FY target",IF(ROUND(G26-AB26,2)=0,"OK","Lệch "&TEXT(G26-AB26,"#,##0"))))
A27: =IF($B27="","",$B27&"|"&$D27) | B27: =IFERROR(INDEX(Team_Master!$C$6:$C$20,5),"") | C27: =IFERROR(INDEX(Team_Master!$G$6:$G$20,5),"") | D27: K2 | E27: Key account approach / Site check | F27: Roadshow | G27: =SUM(H27:K27) | H27: =SUM(L27:N27) | I27: =SUM(O27:Q27) | J27: =SUM(R27:T27) | K27: =SUM(U27:W27) | L27: =SUM(Weekly_Tracker!H69:L69) | M27: =SUM(Weekly_Tracker!M69:Q69) | N27: =SUM(Weekly_Tracker!R69:V69) | O27: =SUM(Weekly_Tracker!W69:AA69) | P27: =SUM(Weekly_Tracker!AB69:AF69) | Q27: =SUM(Weekly_Tracker!AG69:AK69) | R27: =SUM(Weekly_Tracker!AL69:AP69) | S27: =SUM(Weekly_Tracker!AQ69:AU69) | T27: =SUM(Weekly_Tracker!AV69:AZ69) | U27: =SUM(Weekly_Tracker!BA69:BE69) | V27: =SUM(Weekly_Tracker!BF69:BJ69) | W27: =SUM(Weekly_Tracker!BK69:BO69) | X27: =H27 | Y27: =X27+I27 | Z27: =Y27+J27 | AA27: =Z27+K27 | AB27: 190 | AC27: =IF($B27="","",IF(AB27=0,"chưa nhập FY target",IF(ROUND(G27-AB27,2)=0,"OK","Lệch "&TEXT(G27-AB27,"#,##0"))))
A28: =IF($B28="","",$B28&"|"&$D28) | B28: =IFERROR(INDEX(Team_Master!$C$6:$C$20,5),"") | C28: =IFERROR(INDEX(Team_Master!$G$6:$G$20,5),"") | D28: K3 | E28: Spec-in Value | F28: MVND | G28: =SUM(H28:K28) | H28: =SUM(L28:N28) | I28: =SUM(O28:Q28) | J28: =SUM(R28:T28) | K28: =SUM(U28:W28) | L28: =SUM(Weekly_Tracker!H72:L72) | M28: =SUM(Weekly_Tracker!M72:Q72) | N28: =SUM(Weekly_Tracker!R72:V72) | O28: =SUM(Weekly_Tracker!W72:AA72) | P28: =SUM(Weekly_Tracker!AB72:AF72) | Q28: =SUM(Weekly_Tracker!AG72:AK72) | R28: =SUM(Weekly_Tracker!AL72:AP72) | S28: =SUM(Weekly_Tracker!AQ72:AU72) | T28: =SUM(Weekly_Tracker!AV72:AZ72) | U28: =SUM(Weekly_Tracker!BA72:BE72) | V28: =SUM(Weekly_Tracker!BF72:BJ72) | W28: =SUM(Weekly_Tracker!BK72:BO72) | X28: =H28 | Y28: =X28+I28 | Z28: =Y28+J28 | AA28: =Z28+K28 | AB28: 3400 | AC28: =IF($B28="","",IF(AB28=0,"chưa nhập FY target",IF(ROUND(G28-AB28,2)=0,"OK","Lệch "&TEXT(G28-AB28,"#,##0"))))
A29: =IF($B29="","",$B29&"|"&$D29) | B29: =IFERROR(INDEX(Team_Master!$C$6:$C$20,5),"") | C29: =IFERROR(INDEX(Team_Master!$G$6:$G$20,5),"") | D29: K4 | E29: Engaged Architect (Submit Design) | F29: D&B | G29: =SUM(H29:K29) | H29: =SUM(L29:N29) | I29: =SUM(O29:Q29) | J29: =SUM(R29:T29) | K29: =SUM(U29:W29) | L29: =SUM(Weekly_Tracker!H75:L75) | M29: =SUM(Weekly_Tracker!M75:Q75) | N29: =SUM(Weekly_Tracker!R75:V75) | O29: =SUM(Weekly_Tracker!W75:AA75) | P29: =SUM(Weekly_Tracker!AB75:AF75) | Q29: =SUM(Weekly_Tracker!AG75:AK75) | R29: =SUM(Weekly_Tracker!AL75:AP75) | S29: =SUM(Weekly_Tracker!AQ75:AU75) | T29: =SUM(Weekly_Tracker!AV75:AZ75) | U29: =SUM(Weekly_Tracker!BA75:BE75) | V29: =SUM(Weekly_Tracker!BF75:BJ75) | W29: =SUM(Weekly_Tracker!BK75:BO75) | X29: =H29 | Y29: =X29+I29 | Z29: =Y29+J29 | AA29: =Z29+K29 | AB29: 65 | AC29: =IF($B29="","",IF(AB29=0,"chưa nhập FY target",IF(ROUND(G29-AB29,2)=0,"OK","Lệch "&TEXT(G29-AB29,"#,##0"))))
A30: =IF($B30="","",$B30&"|"&$D30) | B30: =IFERROR(INDEX(Team_Master!$C$6:$C$20,5),"") | C30: =IFERROR(INDEX(Team_Master!$G$6:$G$20,5),"") | D30: K5 | E30: Spec-in Design (submitted design) | F30: Designs | G30: =SUM(H30:K30) | H30: =SUM(L30:N30) | I30: =SUM(O30:Q30) | J30: =SUM(R30:T30) | K30: =SUM(U30:W30) | L30: =SUM(Weekly_Tracker!H78:L78) | M30: =SUM(Weekly_Tracker!M78:Q78) | N30: =SUM(Weekly_Tracker!R78:V78) | O30: =SUM(Weekly_Tracker!W78:AA78) | P30: =SUM(Weekly_Tracker!AB78:AF78) | Q30: =SUM(Weekly_Tracker!AG78:AK78) | R30: =SUM(Weekly_Tracker!AL78:AP78) | S30: =SUM(Weekly_Tracker!AQ78:AU78) | T30: =SUM(Weekly_Tracker!AV78:AZ78) | U30: =SUM(Weekly_Tracker!BA78:BE78) | V30: =SUM(Weekly_Tracker!BF78:BJ78) | W30: =SUM(Weekly_Tracker!BK78:BO78) | X30: =H30 | Y30: =X30+I30 | Z30: =Y30+J30 | AA30: =Z30+K30 | AB30: 68 | AC30: =IF($B30="","",IF(AB30=0,"chưa nhập FY target",IF(ROUND(G30-AB30,2)=0,"OK","Lệch "&TEXT(G30-AB30,"#,##0"))))
A31: =IF($B31="","",$B31&"|"&$D31) | B31: =IFERROR(INDEX(Team_Master!$C$6:$C$20,6),"") | C31: =IFERROR(INDEX(Team_Master!$G$6:$G$20,6),"") | D31: K1 | E31: Invoiced Value | F31: MVND | G31: =SUM(H31:K31) | H31: =SUM(L31:N31) | I31: =SUM(O31:Q31) | J31: =SUM(R31:T31) | K31: =SUM(U31:W31) | L31: =SUM(Weekly_Tracker!H81:L81) | M31: =SUM(Weekly_Tracker!M81:Q81) | N31: =SUM(Weekly_Tracker!R81:V81) | O31: =SUM(Weekly_Tracker!W81:AA81) | P31: =SUM(Weekly_Tracker!AB81:AF81) | Q31: =SUM(Weekly_Tracker!AG81:AK81) | R31: =SUM(Weekly_Tracker!AL81:AP81) | S31: =SUM(Weekly_Tracker!AQ81:AU81) | T31: =SUM(Weekly_Tracker!AV81:AZ81) | U31: =SUM(Weekly_Tracker!BA81:BE81) | V31: =SUM(Weekly_Tracker!BF81:BJ81) | W31: =SUM(Weekly_Tracker!BK81:BO81) | X31: =H31 | Y31: =X31+I31 | Z31: =Y31+J31 | AA31: =Z31+K31 | AB31: 7900 | AC31: =IF($B31="","",IF(AB31=0,"chưa nhập FY target",IF(ROUND(G31-AB31,2)=0,"OK","Lệch "&TEXT(G31-AB31,"#,##0"))))
A32: =IF($B32="","",$B32&"|"&$D32) | B32: =IFERROR(INDEX(Team_Master!$C$6:$C$20,6),"") | C32: =IFERROR(INDEX(Team_Master!$G$6:$G$20,6),"") | D32: K2 | E32: Key account approach / Site check | F32: Roadshow | G32: =SUM(H32:K32) | H32: =SUM(L32:N32) | I32: =SUM(O32:Q32) | J32: =SUM(R32:T32) | K32: =SUM(U32:W32) | L32: =SUM(Weekly_Tracker!H84:L84) | M32: =SUM(Weekly_Tracker!M84:Q84) | N32: =SUM(Weekly_Tracker!R84:V84) | O32: =SUM(Weekly_Tracker!W84:AA84) | P32: =SUM(Weekly_Tracker!AB84:AF84) | Q32: =SUM(Weekly_Tracker!AG84:AK84) | R32: =SUM(Weekly_Tracker!AL84:AP84) | S32: =SUM(Weekly_Tracker!AQ84:AU84) | T32: =SUM(Weekly_Tracker!AV84:AZ84) | U32: =SUM(Weekly_Tracker!BA84:BE84) | V32: =SUM(Weekly_Tracker!BF84:BJ84) | W32: =SUM(Weekly_Tracker!BK84:BO84) | X32: =H32 | Y32: =X32+I32 | Z32: =Y32+J32 | AA32: =Z32+K32 | AB32: 180 | AC32: =IF($B32="","",IF(AB32=0,"chưa nhập FY target",IF(ROUND(G32-AB32,2)=0,"OK","Lệch "&TEXT(G32-AB32,"#,##0"))))
A33: =IF($B33="","",$B33&"|"&$D33) | B33: =IFERROR(INDEX(Team_Master!$C$6:$C$20,6),"") | C33: =IFERROR(INDEX(Team_Master!$G$6:$G$20,6),"") | D33: K3 | E33: Spec-in Value | F33: MVND | G33: =SUM(H33:K33) | H33: =SUM(L33:N33) | I33: =SUM(O33:Q33) | J33: =SUM(R33:T33) | K33: =SUM(U33:W33) | L33: =SUM(Weekly_Tracker!H87:L87) | M33: =SUM(Weekly_Tracker!M87:Q87) | N33: =SUM(Weekly_Tracker!R87:V87) | O33: =SUM(Weekly_Tracker!W87:AA87) | P33: =SUM(Weekly_Tracker!AB87:AF87) | Q33: =SUM(Weekly_Tracker!AG87:AK87) | R33: =SUM(Weekly_Tracker!AL87:AP87) | S33: =SUM(Weekly_Tracker!AQ87:AU87) | T33: =SUM(Weekly_Tracker!AV87:AZ87) | U33: =SUM(Weekly_Tracker!BA87:BE87) | V33: =SUM(Weekly_Tracker!BF87:BJ87) | W33: =SUM(Weekly_Tracker!BK87:BO87) | X33: =H33 | Y33: =X33+I33 | Z33: =Y33+J33 | AA33: =Z33+K33 | AB33: 3100 | AC33: =IF($B33="","",IF(AB33=0,"chưa nhập FY target",IF(ROUND(G33-AB33,2)=0,"OK","Lệch "&TEXT(G33-AB33,"#,##0"))))
A34: =IF($B34="","",$B34&"|"&$D34) | B34: =IFERROR(INDEX(Team_Master!$C$6:$C$20,6),"") | C34: =IFERROR(INDEX(Team_Master!$G$6:$G$20,6),"") | D34: K4 | E34: Engaged Architect (Submit Design) | F34: D&B | G34: =SUM(H34:K34) | H34: =SUM(L34:N34) | I34: =SUM(O34:Q34) | J34: =SUM(R34:T34) | K34: =SUM(U34:W34) | L34: =SUM(Weekly_Tracker!H90:L90) | M34: =SUM(Weekly_Tracker!M90:Q90) | N34: =SUM(Weekly_Tracker!R90:V90) | O34: =SUM(Weekly_Tracker!W90:AA90) | P34: =SUM(Weekly_Tracker!AB90:AF90) | Q34: =SUM(Weekly_Tracker!AG90:AK90) | R34: =SUM(Weekly_Tracker!AL90:AP90) | S34: =SUM(Weekly_Tracker!AQ90:AU90) | T34: =SUM(Weekly_Tracker!AV90:AZ90) | U34: =SUM(Weekly_Tracker!BA90:BE90) | V34: =SUM(Weekly_Tracker!BF90:BJ90) | W34: =SUM(Weekly_Tracker!BK90:BO90) | X34: =H34 | Y34: =X34+I34 | Z34: =Y34+J34 | AA34: =Z34+K34 | AB34: 60 | AC34: =IF($B34="","",IF(AB34=0,"chưa nhập FY target",IF(ROUND(G34-AB34,2)=0,"OK","Lệch "&TEXT(G34-AB34,"#,##0"))))
A35: =IF($B35="","",$B35&"|"&$D35) | B35: =IFERROR(INDEX(Team_Master!$C$6:$C$20,6),"") | C35: =IFERROR(INDEX(Team_Master!$G$6:$G$20,6),"") | D35: K5 | E35: Spec-in Design (submitted design) | F35: Designs | G35: =SUM(H35:K35) | H35: =SUM(L35:N35) | I35: =SUM(O35:Q35) | J35: =SUM(R35:T35) | K35: =SUM(U35:W35) | L35: =SUM(Weekly_Tracker!H93:L93) | M35: =SUM(Weekly_Tracker!M93:Q93) | N35: =SUM(Weekly_Tracker!R93:V93) | O35: =SUM(Weekly_Tracker!W93:AA93) | P35: =SUM(Weekly_Tracker!AB93:AF93) | Q35: =SUM(Weekly_Tracker!AG93:AK93) | R35: =SUM(Weekly_Tracker!AL93:AP93) | S35: =SUM(Weekly_Tracker!AQ93:AU93) | T35: =SUM(Weekly_Tracker!AV93:AZ93) | U35: =SUM(Weekly_Tracker!BA93:BE93) | V35: =SUM(Weekly_Tracker!BF93:BJ93) | W35: =SUM(Weekly_Tracker!BK93:BO93) | X35: =H35 | Y35: =X35+I35 | Z35: =Y35+J35 | AA35: =Z35+K35 | AB35: 62 | AC35: =IF($B35="","",IF(AB35=0,"chưa nhập FY target",IF(ROUND(G35-AB35,2)=0,"OK","Lệch "&TEXT(G35-AB35,"#,##0"))))
A36: =IF($B36="","",$B36&"|"&$D36) | B36: =IFERROR(INDEX(Team_Master!$C$6:$C$20,7),"") | C36: =IFERROR(INDEX(Team_Master!$G$6:$G$20,7),"") | D36: K1 | E36: Invoiced Value | F36: MVND | G36: =SUM(H36:K36) | H36: =SUM(L36:N36) | I36: =SUM(O36:Q36) | J36: =SUM(R36:T36) | K36: =SUM(U36:W36) | L36: =SUM(Weekly_Tracker!H96:L96) | M36: =SUM(Weekly_Tracker!M96:Q96) | N36: =SUM(Weekly_Tracker!R96:V96) | O36: =SUM(Weekly_Tracker!W96:AA96) | P36: =SUM(Weekly_Tracker!AB96:AF96) | Q36: =SUM(Weekly_Tracker!AG96:AK96) | R36: =SUM(Weekly_Tracker!AL96:AP96) | S36: =SUM(Weekly_Tracker!AQ96:AU96) | T36: =SUM(Weekly_Tracker!AV96:AZ96) | U36: =SUM(Weekly_Tracker!BA96:BE96) | V36: =SUM(Weekly_Tracker!BF96:BJ96) | W36: =SUM(Weekly_Tracker!BK96:BO96) | X36: =H36 | Y36: =X36+I36 | Z36: =Y36+J36 | AA36: =Z36+K36 | AC36: =IF($B36="","",IF(AB36=0,"chưa nhập FY target",IF(ROUND(G36-AB36,2)=0,"OK","Lệch "&TEXT(G36-AB36,"#,##0"))))
A37: =IF($B37="","",$B37&"|"&$D37) | B37: =IFERROR(INDEX(Team_Master!$C$6:$C$20,7),"") | C37: =IFERROR(INDEX(Team_Master!$G$6:$G$20,7),"") | D37: K2 | E37: Key account approach / Site check | F37: Roadshow | G37: =SUM(H37:K37) | H37: =SUM(L37:N37) | I37: =SUM(O37:Q37) | J37: =SUM(R37:T37) | K37: =SUM(U37:W37) | L37: =SUM(Weekly_Tracker!H99:L99) | M37: =SUM(Weekly_Tracker!M99:Q99) | N37: =SUM(Weekly_Tracker!R99:V99) | O37: =SUM(Weekly_Tracker!W99:AA99) | P37: =SUM(Weekly_Tracker!AB99:AF99) | Q37: =SUM(Weekly_Tracker!AG99:AK99) | R37: =SUM(Weekly_Tracker!AL99:AP99) | S37: =SUM(Weekly_Tracker!AQ99:AU99) | T37: =SUM(Weekly_Tracker!AV99:AZ99) | U37: =SUM(Weekly_Tracker!BA99:BE99) | V37: =SUM(Weekly_Tracker!BF99:BJ99) | W37: =SUM(Weekly_Tracker!BK99:BO99) | X37: =H37 | Y37: =X37+I37 | Z37: =Y37+J37 | AA37: =Z37+K37 | AC37: =IF($B37="","",IF(AB37=0,"chưa nhập FY target",IF(ROUND(G37-AB37,2)=0,"OK","Lệch "&TEXT(G37-AB37,"#,##0"))))
A38: =IF($B38="","",$B38&"|"&$D38) | B38: =IFERROR(INDEX(Team_Master!$C$6:$C$20,7),"") | C38: =IFERROR(INDEX(Team_Master!$G$6:$G$20,7),"") | D38: K3 | E38: Spec-in Value | F38: MVND | G38: =SUM(H38:K38) | H38: =SUM(L38:N38) | I38: =SUM(O38:Q38) | J38: =SUM(R38:T38) | K38: =SUM(U38:W38) | L38: =SUM(Weekly_Tracker!H102:L102) | M38: =SUM(Weekly_Tracker!M102:Q102) | N38: =SUM(Weekly_Tracker!R102:V102) | O38: =SUM(Weekly_Tracker!W102:AA102) | P38: =SUM(Weekly_Tracker!AB102:AF102) | Q38: =SUM(Weekly_Tracker!AG102:AK102) | R38: =SUM(Weekly_Tracker!AL102:AP102) | S38: =SUM(Weekly_Tracker!AQ102:AU102) | T38: =SUM(Weekly_Tracker!AV102:AZ102) | U38: =SUM(Weekly_Tracker!BA102:BE102) | V38: =SUM(Weekly_Tracker!BF102:BJ102) | W38: =SUM(Weekly_Tracker!BK102:BO102) | X38: =H38 | Y38: =X38+I38 | Z38: =Y38+J38 | AA38: =Z38+K38 | AC38: =IF($B38="","",IF(AB38=0,"chưa nhập FY target",IF(ROUND(G38-AB38,2)=0,"OK","Lệch "&TEXT(G38-AB38,"#,##0"))))
A39: =IF($B39="","",$B39&"|"&$D39) | B39: =IFERROR(INDEX(Team_Master!$C$6:$C$20,7),"") | C39: =IFERROR(INDEX(Team_Master!$G$6:$G$20,7),"") | D39: K4 | E39: Engaged Architect (Submit Design) | F39: D&B | G39: =SUM(H39:K39) | H39: =SUM(L39:N39) | I39: =SUM(O39:Q39) | J39: =SUM(R39:T39) | K39: =SUM(U39:W39) | L39: =SUM(Weekly_Tracker!H105:L105) | M39: =SUM(Weekly_Tracker!M105:Q105) | N39: =SUM(Weekly_Tracker!R105:V105) | O39: =SUM(Weekly_Tracker!W105:AA105) | P39: =SUM(Weekly_Tracker!AB105:AF105) | Q39: =SUM(Weekly_Tracker!AG105:AK105) | R39: =SUM(Weekly_Tracker!AL105:AP105) | S39: =SUM(Weekly_Tracker!AQ105:AU105) | T39: =SUM(Weekly_Tracker!AV105:AZ105) | U39: =SUM(Weekly_Tracker!BA105:BE105) | V39: =SUM(Weekly_Tracker!BF105:BJ105) | W39: =SUM(Weekly_Tracker!BK105:BO105) | X39: =H39 | Y39: =X39+I39 | Z39: =Y39+J39 | AA39: =Z39+K39 | AC39: =IF($B39="","",IF(AB39=0,"chưa nhập FY target",IF(ROUND(G39-AB39,2)=0,"OK","Lệch "&TEXT(G39-AB39,"#,##0"))))
A40: =IF($B40="","",$B40&"|"&$D40) | B40: =IFERROR(INDEX(Team_Master!$C$6:$C$20,7),"") | C40: =IFERROR(INDEX(Team_Master!$G$6:$G$20,7),"") | D40: K5 | E40: Spec-in Design (submitted design) | F40: Designs | G40: =SUM(H40:K40) | H40: =SUM(L40:N40) | I40: =SUM(O40:Q40) | J40: =SUM(R40:T40) | K40: =SUM(U40:W40) | L40: =SUM(Weekly_Tracker!H108:L108) | M40: =SUM(Weekly_Tracker!M108:Q108) | N40: =SUM(Weekly_Tracker!R108:V108) | O40: =SUM(Weekly_Tracker!W108:AA108) | P40: =SUM(Weekly_Tracker!AB108:AF108) | Q40: =SUM(Weekly_Tracker!AG108:AK108) | R40: =SUM(Weekly_Tracker!AL108:AP108) | S40: =SUM(Weekly_Tracker!AQ108:AU108) | T40: =SUM(Weekly_Tracker!AV108:AZ108) | U40: =SUM(Weekly_Tracker!BA108:BE108) | V40: =SUM(Weekly_Tracker!BF108:BJ108) | W40: =SUM(Weekly_Tracker!BK108:BO108) | X40: =H40 | Y40: =X40+I40 | Z40: =Y40+J40 | AA40: =Z40+K40 | AC40: =IF($B40="","",IF(AB40=0,"chưa nhập FY target",IF(ROUND(G40-AB40,2)=0,"OK","Lệch "&TEXT(G40-AB40,"#,##0"))))
A41: =IF($B41="","",$B41&"|"&$D41) | B41: =IFERROR(INDEX(Team_Master!$C$6:$C$20,8),"") | C41: =IFERROR(INDEX(Team_Master!$G$6:$G$20,8),"") | D41: K1 | E41: Invoiced Value | F41: MVND | G41: =SUM(H41:K41) | H41: =SUM(L41:N41) | I41: =SUM(O41:Q41) | J41: =SUM(R41:T41) | K41: =SUM(U41:W41) | L41: =SUM(Weekly_Tracker!H111:L111) | M41: =SUM(Weekly_Tracker!M111:Q111) | N41: =SUM(Weekly_Tracker!R111:V111) | O41: =SUM(Weekly_Tracker!W111:AA111) | P41: =SUM(Weekly_Tracker!AB111:AF111) | Q41: =SUM(Weekly_Tracker!AG111:AK111) | R41: =SUM(Weekly_Tracker!AL111:AP111) | S41: =SUM(Weekly_Tracker!AQ111:AU111) | T41: =SUM(Weekly_Tracker!AV111:AZ111) | U41: =SUM(Weekly_Tracker!BA111:BE111) | V41: =SUM(Weekly_Tracker!BF111:BJ111) | W41: =SUM(Weekly_Tracker!BK111:BO111) | X41: =H41 | Y41: =X41+I41 | Z41: =Y41+J41 | AA41: =Z41+K41 | AC41: =IF($B41="","",IF(AB41=0,"chưa nhập FY target",IF(ROUND(G41-AB41,2)=0,"OK","Lệch "&TEXT(G41-AB41,"#,##0"))))
A42: =IF($B42="","",$B42&"|"&$D42) | B42: =IFERROR(INDEX(Team_Master!$C$6:$C$20,8),"") | C42: =IFERROR(INDEX(Team_Master!$G$6:$G$20,8),"") | D42: K2 | E42: Key account approach / Site check | F42: Roadshow | G42: =SUM(H42:K42) | H42: =SUM(L42:N42) | I42: =SUM(O42:Q42) | J42: =SUM(R42:T42) | K42: =SUM(U42:W42) | L42: =SUM(Weekly_Tracker!H114:L114) | M42: =SUM(Weekly_Tracker!M114:Q114) | N42: =SUM(Weekly_Tracker!R114:V114) | O42: =SUM(Weekly_Tracker!W114:AA114) | P42: =SUM(Weekly_Tracker!AB114:AF114) | Q42: =SUM(Weekly_Tracker!AG114:AK114) | R42: =SUM(Weekly_Tracker!AL114:AP114) | S42: =SUM(Weekly_Tracker!AQ114:AU114) | T42: =SUM(Weekly_Tracker!AV114:AZ114) | U42: =SUM(Weekly_Tracker!BA114:BE114) | V42: =SUM(Weekly_Tracker!BF114:BJ114) | W42: =SUM(Weekly_Tracker!BK114:BO114) | X42: =H42 | Y42: =X42+I42 | Z42: =Y42+J42 | AA42: =Z42+K42 | AC42: =IF($B42="","",IF(AB42=0,"chưa nhập FY target",IF(ROUND(G42-AB42,2)=0,"OK","Lệch "&TEXT(G42-AB42,"#,##0"))))
A43: =IF($B43="","",$B43&"|"&$D43) | B43: =IFERROR(INDEX(Team_Master!$C$6:$C$20,8),"") | C43: =IFERROR(INDEX(Team_Master!$G$6:$G$20,8),"") | D43: K3 | E43: Spec-in Value | F43: MVND | G43: =SUM(H43:K43) | H43: =SUM(L43:N43) | I43: =SUM(O43:Q43) | J43: =SUM(R43:T43) | K43: =SUM(U43:W43) | L43: =SUM(Weekly_Tracker!H117:L117) | M43: =SUM(Weekly_Tracker!M117:Q117) | N43: =SUM(Weekly_Tracker!R117:V117) | O43: =SUM(Weekly_Tracker!W117:AA117) | P43: =SUM(Weekly_Tracker!AB117:AF117) | Q43: =SUM(Weekly_Tracker!AG117:AK117) | R43: =SUM(Weekly_Tracker!AL117:AP117) | S43: =SUM(Weekly_Tracker!AQ117:AU117) | T43: =SUM(Weekly_Tracker!AV117:AZ117) | U43: =SUM(Weekly_Tracker!BA117:BE117) | V43: =SUM(Weekly_Tracker!BF117:BJ117) | W43: =SUM(Weekly_Tracker!BK117:BO117) | X43: =H43 | Y43: =X43+I43 | Z43: =Y43+J43 | AA43: =Z43+K43 | AC43: =IF($B43="","",IF(AB43=0,"chưa nhập FY target",IF(ROUND(G43-AB43,2)=0,"OK","Lệch "&TEXT(G43-AB43,"#,##0"))))
A44: =IF($B44="","",$B44&"|"&$D44) | B44: =IFERROR(INDEX(Team_Master!$C$6:$C$20,8),"") | C44: =IFERROR(INDEX(Team_Master!$G$6:$G$20,8),"") | D44: K4 | E44: Engaged Architect (Submit Design) | F44: D&B | G44: =SUM(H44:K44) | H44: =SUM(L44:N44) | I44: =SUM(O44:Q44) | J44: =SUM(R44:T44) | K44: =SUM(U44:W44) | L44: =SUM(Weekly_Tracker!H120:L120) | M44: =SUM(Weekly_Tracker!M120:Q120) | N44: =SUM(Weekly_Tracker!R120:V120) | O44: =SUM(Weekly_Tracker!W120:AA120) | P44: =SUM(Weekly_Tracker!AB120:AF120) | Q44: =SUM(Weekly_Tracker!AG120:AK120) | R44: =SUM(Weekly_Tracker!AL120:AP120) | S44: =SUM(Weekly_Tracker!AQ120:AU120) | T44: =SUM(Weekly_Tracker!AV120:AZ120) | U44: =SUM(Weekly_Tracker!BA120:BE120) | V44: =SUM(Weekly_Tracker!BF120:BJ120) | W44: =SUM(Weekly_Tracker!BK120:BO120) | X44: =H44 | Y44: =X44+I44 | Z44: =Y44+J44 | AA44: =Z44+K44 | AC44: =IF($B44="","",IF(AB44=0,"chưa nhập FY target",IF(ROUND(G44-AB44,2)=0,"OK","Lệch "&TEXT(G44-AB44,"#,##0"))))
A45: =IF($B45="","",$B45&"|"&$D45) | B45: =IFERROR(INDEX(Team_Master!$C$6:$C$20,8),"") | C45: =IFERROR(INDEX(Team_Master!$G$6:$G$20,8),"") | D45: K5 | E45: Spec-in Design (submitted design) | F45: Designs | G45: =SUM(H45:K45) | H45: =SUM(L45:N45) | I45: =SUM(O45:Q45) | J45: =SUM(R45:T45) | K45: =SUM(U45:W45) | L45: =SUM(Weekly_Tracker!H123:L123) | M45: =SUM(Weekly_Tracker!M123:Q123) | N45: =SUM(Weekly_Tracker!R123:V123) | O45: =SUM(Weekly_Tracker!W123:AA123) | P45: =SUM(Weekly_Tracker!AB123:AF123) | Q45: =SUM(Weekly_Tracker!AG123:AK123) | R45: =SUM(Weekly_Tracker!AL123:AP123) | S45: =SUM(Weekly_Tracker!AQ123:AU123) | T45: =SUM(Weekly_Tracker!AV123:AZ123) | U45: =SUM(Weekly_Tracker!BA123:BE123) | V45: =SUM(Weekly_Tracker!BF123:BJ123) | W45: =SUM(Weekly_Tracker!BK123:BO123) | X45: =H45 | Y45: =X45+I45 | Z45: =Y45+J45 | AA45: =Z45+K45 | AC45: =IF($B45="","",IF(AB45=0,"chưa nhập FY target",IF(ROUND(G45-AB45,2)=0,"OK","Lệch "&TEXT(G45-AB45,"#,##0"))))
A46: =IF($B46="","",$B46&"|"&$D46) | B46: =IFERROR(INDEX(Team_Master!$C$6:$C$20,9),"") | C46: =IFERROR(INDEX(Team_Master!$G$6:$G$20,9),"") | D46: K1 | E46: Invoiced Value | F46: MVND | G46: =SUM(H46:K46) | H46: =SUM(L46:N46) | I46: =SUM(O46:Q46) | J46: =SUM(R46:T46) | K46: =SUM(U46:W46) | L46: =SUM(Weekly_Tracker!H126:L126) | M46: =SUM(Weekly_Tracker!M126:Q126) | N46: =SUM(Weekly_Tracker!R126:V126) | O46: =SUM(Weekly_Tracker!W126:AA126) | P46: =SUM(Weekly_Tracker!AB126:AF126) | Q46: =SUM(Weekly_Tracker!AG126:AK126) | R46: =SUM(Weekly_Tracker!AL126:AP126) | S46: =SUM(Weekly_Tracker!AQ126:AU126) | T46: =SUM(Weekly_Tracker!AV126:AZ126) | U46: =SUM(Weekly_Tracker!BA126:BE126) | V46: =SUM(Weekly_Tracker!BF126:BJ126) | W46: =SUM(Weekly_Tracker!BK126:BO126) | X46: =H46 | Y46: =X46+I46 | Z46: =Y46+J46 | AA46: =Z46+K46 | AC46: =IF($B46="","",IF(AB46=0,"chưa nhập FY target",IF(ROUND(G46-AB46,2)=0,"OK","Lệch "&TEXT(G46-AB46,"#,##0"))))
A47: =IF($B47="","",$B47&"|"&$D47) | B47: =IFERROR(INDEX(Team_Master!$C$6:$C$20,9),"") | C47: =IFERROR(INDEX(Team_Master!$G$6:$G$20,9),"") | D47: K2 | E47: Key account approach / Site check | F47: Roadshow | G47: =SUM(H47:K47) | H47: =SUM(L47:N47) | I47: =SUM(O47:Q47) | J47: =SUM(R47:T47) | K47: =SUM(U47:W47) | L47: =SUM(Weekly_Tracker!H129:L129) | M47: =SUM(Weekly_Tracker!M129:Q129) | N47: =SUM(Weekly_Tracker!R129:V129) | O47: =SUM(Weekly_Tracker!W129:AA129) | P47: =SUM(Weekly_Tracker!AB129:AF129) | Q47: =SUM(Weekly_Tracker!AG129:AK129) | R47: =SUM(Weekly_Tracker!AL129:AP129) | S47: =SUM(Weekly_Tracker!AQ129:AU129) | T47: =SUM(Weekly_Tracker!AV129:AZ129) | U47: =SUM(Weekly_Tracker!BA129:BE129) | V47: =SUM(Weekly_Tracker!BF129:BJ129) | W47: =SUM(Weekly_Tracker!BK129:BO129) | X47: =H47 | Y47: =X47+I47 | Z47: =Y47+J47 | AA47: =Z47+K47 | AC47: =IF($B47="","",IF(AB47=0,"chưa nhập FY target",IF(ROUND(G47-AB47,2)=0,"OK","Lệch "&TEXT(G47-AB47,"#,##0"))))
A48: =IF($B48="","",$B48&"|"&$D48) | B48: =IFERROR(INDEX(Team_Master!$C$6:$C$20,9),"") | C48: =IFERROR(INDEX(Team_Master!$G$6:$G$20,9),"") | D48: K3 | E48: Spec-in Value | F48: MVND | G48: =SUM(H48:K48) | H48: =SUM(L48:N48) | I48: =SUM(O48:Q48) | J48: =SUM(R48:T48) | K48: =SUM(U48:W48) | L48: =SUM(Weekly_Tracker!H132:L132) | M48: =SUM(Weekly_Tracker!M132:Q132) | N48: =SUM(Weekly_Tracker!R132:V132) | O48: =SUM(Weekly_Tracker!W132:AA132) | P48: =SUM(Weekly_Tracker!AB132:AF132) | Q48: =SUM(Weekly_Tracker!AG132:AK132) | R48: =SUM(Weekly_Tracker!AL132:AP132) | S48: =SUM(Weekly_Tracker!AQ132:AU132) | T48: =SUM(Weekly_Tracker!AV132:AZ132) | U48: =SUM(Weekly_Tracker!BA132:BE132) | V48: =SUM(Weekly_Tracker!BF132:BJ132) | W48: =SUM(Weekly_Tracker!BK132:BO132) | X48: =H48 | Y48: =X48+I48 | Z48: =Y48+J48 | AA48: =Z48+K48 | AC48: =IF($B48="","",IF(AB48=0,"chưa nhập FY target",IF(ROUND(G48-AB48,2)=0,"OK","Lệch "&TEXT(G48-AB48,"#,##0"))))
A49: =IF($B49="","",$B49&"|"&$D49) | B49: =IFERROR(INDEX(Team_Master!$C$6:$C$20,9),"") | C49: =IFERROR(INDEX(Team_Master!$G$6:$G$20,9),"") | D49: K4 | E49: Engaged Architect (Submit Design) | F49: D&B | G49: =SUM(H49:K49) | H49: =SUM(L49:N49) | I49: =SUM(O49:Q49) | J49: =SUM(R49:T49) | K49: =SUM(U49:W49) | L49: =SUM(Weekly_Tracker!H135:L135) | M49: =SUM(Weekly_Tracker!M135:Q135) | N49: =SUM(Weekly_Tracker!R135:V135) | O49: =SUM(Weekly_Tracker!W135:AA135) | P49: =SUM(Weekly_Tracker!AB135:AF135) | Q49: =SUM(Weekly_Tracker!AG135:AK135) | R49: =SUM(Weekly_Tracker!AL135:AP135) | S49: =SUM(Weekly_Tracker!AQ135:AU135) | T49: =SUM(Weekly_Tracker!AV135:AZ135) | U49: =SUM(Weekly_Tracker!BA135:BE135) | V49: =SUM(Weekly_Tracker!BF135:BJ135) | W49: =SUM(Weekly_Tracker!BK135:BO135) | X49: =H49 | Y49: =X49+I49 | Z49: =Y49+J49 | AA49: =Z49+K49 | AC49: =IF($B49="","",IF(AB49=0,"chưa nhập FY target",IF(ROUND(G49-AB49,2)=0,"OK","Lệch "&TEXT(G49-AB49,"#,##0"))))
A50: =IF($B50="","",$B50&"|"&$D50) | B50: =IFERROR(INDEX(Team_Master!$C$6:$C$20,9),"") | C50: =IFERROR(INDEX(Team_Master!$G$6:$G$20,9),"") | D50: K5 | E50: Spec-in Design (submitted design) | F50: Designs | G50: =SUM(H50:K50) | H50: =SUM(L50:N50) | I50: =SUM(O50:Q50) | J50: =SUM(R50:T50) | K50: =SUM(U50:W50) | L50: =SUM(Weekly_Tracker!H138:L138) | M50: =SUM(Weekly_Tracker!M138:Q138) | N50: =SUM(Weekly_Tracker!R138:V138) | O50: =SUM(Weekly_Tracker!W138:AA138) | P50: =SUM(Weekly_Tracker!AB138:AF138) | Q50: =SUM(Weekly_Tracker!AG138:AK138) | R50: =SUM(Weekly_Tracker!AL138:AP138) | S50: =SUM(Weekly_Tracker!AQ138:AU138) | T50: =SUM(Weekly_Tracker!AV138:AZ138) | U50: =SUM(Weekly_Tracker!BA138:BE138) | V50: =SUM(Weekly_Tracker!BF138:BJ138) | W50: =SUM(Weekly_Tracker!BK138:BO138) | X50: =H50 | Y50: =X50+I50 | Z50: =Y50+J50 | AA50: =Z50+K50 | AC50: =IF($B50="","",IF(AB50=0,"chưa nhập FY target",IF(ROUND(G50-AB50,2)=0,"OK","Lệch "&TEXT(G50-AB50,"#,##0"))))
A51: =IF($B51="","",$B51&"|"&$D51) | B51: =IFERROR(INDEX(Team_Master!$C$6:$C$20,10),"") | C51: =IFERROR(INDEX(Team_Master!$G$6:$G$20,10),"") | D51: K1 | E51: Invoiced Value | F51: MVND | G51: =SUM(H51:K51) | H51: =SUM(L51:N51) | I51: =SUM(O51:Q51) | J51: =SUM(R51:T51) | K51: =SUM(U51:W51) | L51: =SUM(Weekly_Tracker!H141:L141) | M51: =SUM(Weekly_Tracker!M141:Q141) | N51: =SUM(Weekly_Tracker!R141:V141) | O51: =SUM(Weekly_Tracker!W141:AA141) | P51: =SUM(Weekly_Tracker!AB141:AF141) | Q51: =SUM(Weekly_Tracker!AG141:AK141) | R51: =SUM(Weekly_Tracker!AL141:AP141) | S51: =SUM(Weekly_Tracker!AQ141:AU141) | T51: =SUM(Weekly_Tracker!AV141:AZ141) | U51: =SUM(Weekly_Tracker!BA141:BE141) | V51: =SUM(Weekly_Tracker!BF141:BJ141) | W51: =SUM(Weekly_Tracker!BK141:BO141) | X51: =H51 | Y51: =X51+I51 | Z51: =Y51+J51 | AA51: =Z51+K51 | AC51: =IF($B51="","",IF(AB51=0,"chưa nhập FY target",IF(ROUND(G51-AB51,2)=0,"OK","Lệch "&TEXT(G51-AB51,"#,##0"))))
A52: =IF($B52="","",$B52&"|"&$D52) | B52: =IFERROR(INDEX(Team_Master!$C$6:$C$20,10),"") | C52: =IFERROR(INDEX(Team_Master!$G$6:$G$20,10),"") | D52: K2 | E52: Key account approach / Site check | F52: Roadshow | G52: =SUM(H52:K52) | H52: =SUM(L52:N52) | I52: =SUM(O52:Q52) | J52: =SUM(R52:T52) | K52: =SUM(U52:W52) | L52: =SUM(Weekly_Tracker!H144:L144) | M52: =SUM(Weekly_Tracker!M144:Q144) | N52: =SUM(Weekly_Tracker!R144:V144) | O52: =SUM(Weekly_Tracker!W144:AA144) | P52: =SUM(Weekly_Tracker!AB144:AF144) | Q52: =SUM(Weekly_Tracker!AG144:AK144) | R52: =SUM(Weekly_Tracker!AL144:AP144) | S52: =SUM(Weekly_Tracker!AQ144:AU144) | T52: =SUM(Weekly_Tracker!AV144:AZ144) | U52: =SUM(Weekly_Tracker!BA144:BE144) | V52: =SUM(Weekly_Tracker!BF144:BJ144) | W52: =SUM(Weekly_Tracker!BK144:BO144) | X52: =H52 | Y52: =X52+I52 | Z52: =Y52+J52 | AA52: =Z52+K52 | AC52: =IF($B52="","",IF(AB52=0,"chưa nhập FY target",IF(ROUND(G52-AB52,2)=0,"OK","Lệch "&TEXT(G52-AB52,"#,##0"))))
A53: =IF($B53="","",$B53&"|"&$D53) | B53: =IFERROR(INDEX(Team_Master!$C$6:$C$20,10),"") | C53: =IFERROR(INDEX(Team_Master!$G$6:$G$20,10),"") | D53: K3 | E53: Spec-in Value | F53: MVND | G53: =SUM(H53:K53) | H53: =SUM(L53:N53) | I53: =SUM(O53:Q53) | J53: =SUM(R53:T53) | K53: =SUM(U53:W53) | L53: =SUM(Weekly_Tracker!H147:L147) | M53: =SUM(Weekly_Tracker!M147:Q147) | N53: =SUM(Weekly_Tracker!R147:V147) | O53: =SUM(Weekly_Tracker!W147:AA147) | P53: =SUM(Weekly_Tracker!AB147:AF147) | Q53: =SUM(Weekly_Tracker!AG147:AK147) | R53: =SUM(Weekly_Tracker!AL147:AP147) | S53: =SUM(Weekly_Tracker!AQ147:AU147) | T53: =SUM(Weekly_Tracker!AV147:AZ147) | U53: =SUM(Weekly_Tracker!BA147:BE147) | V53: =SUM(Weekly_Tracker!BF147:BJ147) | W53: =SUM(Weekly_Tracker!BK147:BO147) | X53: =H53 | Y53: =X53+I53 | Z53: =Y53+J53 | AA53: =Z53+K53 | AC53: =IF($B53="","",IF(AB53=0,"chưa nhập FY target",IF(ROUND(G53-AB53,2)=0,"OK","Lệch "&TEXT(G53-AB53,"#,##0"))))
A54: =IF($B54="","",$B54&"|"&$D54) | B54: =IFERROR(INDEX(Team_Master!$C$6:$C$20,10),"") | C54: =IFERROR(INDEX(Team_Master!$G$6:$G$20,10),"") | D54: K4 | E54: Engaged Architect (Submit Design) | F54: D&B | G54: =SUM(H54:K54) | H54: =SUM(L54:N54) | I54: =SUM(O54:Q54) | J54: =SUM(R54:T54) | K54: =SUM(U54:W54) | L54: =SUM(Weekly_Tracker!H150:L150) | M54: =SUM(Weekly_Tracker!M150:Q150) | N54: =SUM(Weekly_Tracker!R150:V150) | O54: =SUM(Weekly_Tracker!W150:AA150) | P54: =SUM(Weekly_Tracker!AB150:AF150) | Q54: =SUM(Weekly_Tracker!AG150:AK150) | R54: =SUM(Weekly_Tracker!AL150:AP150) | S54: =SUM(Weekly_Tracker!AQ150:AU150) | T54: =SUM(Weekly_Tracker!AV150:AZ150) | U54: =SUM(Weekly_Tracker!BA150:BE150) | V54: =SUM(Weekly_Tracker!BF150:BJ150) | W54: =SUM(Weekly_Tracker!BK150:BO150) | X54: =H54 | Y54: =X54+I54 | Z54: =Y54+J54 | AA54: =Z54+K54 | AC54: =IF($B54="","",IF(AB54=0,"chưa nhập FY target",IF(ROUND(G54-AB54,2)=0,"OK","Lệch "&TEXT(G54-AB54,"#,##0"))))
A55: =IF($B55="","",$B55&"|"&$D55) | B55: =IFERROR(INDEX(Team_Master!$C$6:$C$20,10),"") | C55: =IFERROR(INDEX(Team_Master!$G$6:$G$20,10),"") | D55: K5 | E55: Spec-in Design (submitted design) | F55: Designs | G55: =SUM(H55:K55) | H55: =SUM(L55:N55) | I55: =SUM(O55:Q55) | J55: =SUM(R55:T55) | K55: =SUM(U55:W55) | L55: =SUM(Weekly_Tracker!H153:L153) | M55: =SUM(Weekly_Tracker!M153:Q153) | N55: =SUM(Weekly_Tracker!R153:V153) | O55: =SUM(Weekly_Tracker!W153:AA153) | P55: =SUM(Weekly_Tracker!AB153:AF153) | Q55: =SUM(Weekly_Tracker!AG153:AK153) | R55: =SUM(Weekly_Tracker!AL153:AP153) | S55: =SUM(Weekly_Tracker!AQ153:AU153) | T55: =SUM(Weekly_Tracker!AV153:AZ153) | U55: =SUM(Weekly_Tracker!BA153:BE153) | V55: =SUM(Weekly_Tracker!BF153:BJ153) | W55: =SUM(Weekly_Tracker!BK153:BO153) | X55: =H55 | Y55: =X55+I55 | Z55: =Y55+J55 | AA55: =Z55+K55 | AC55: =IF($B55="","",IF(AB55=0,"chưa nhập FY target",IF(ROUND(G55-AB55,2)=0,"OK","Lệch "&TEXT(G55-AB55,"#,##0"))))
A56: =IF($B56="","",$B56&"|"&$D56) | B56: =IFERROR(INDEX(Team_Master!$C$6:$C$20,11),"") | C56: =IFERROR(INDEX(Team_Master!$G$6:$G$20,11),"") | D56: K1 | E56: Invoiced Value | F56: MVND | G56: =SUM(H56:K56) | H56: =SUM(L56:N56) | I56: =SUM(O56:Q56) | J56: =SUM(R56:T56) | K56: =SUM(U56:W56) | L56: =SUM(Weekly_Tracker!H156:L156) | M56: =SUM(Weekly_Tracker!M156:Q156) | N56: =SUM(Weekly_Tracker!R156:V156) | O56: =SUM(Weekly_Tracker!W156:AA156) | P56: =SUM(Weekly_Tracker!AB156:AF156) | Q56: =SUM(Weekly_Tracker!AG156:AK156) | R56: =SUM(Weekly_Tracker!AL156:AP156) | S56: =SUM(Weekly_Tracker!AQ156:AU156) | T56: =SUM(Weekly_Tracker!AV156:AZ156) | U56: =SUM(Weekly_Tracker!BA156:BE156) | V56: =SUM(Weekly_Tracker!BF156:BJ156) | W56: =SUM(Weekly_Tracker!BK156:BO156) | X56: =H56 | Y56: =X56+I56 | Z56: =Y56+J56 | AA56: =Z56+K56 | AC56: =IF($B56="","",IF(AB56=0,"chưa nhập FY target",IF(ROUND(G56-AB56,2)=0,"OK","Lệch "&TEXT(G56-AB56,"#,##0"))))
A57: =IF($B57="","",$B57&"|"&$D57) | B57: =IFERROR(INDEX(Team_Master!$C$6:$C$20,11),"") | C57: =IFERROR(INDEX(Team_Master!$G$6:$G$20,11),"") | D57: K2 | E57: Key account approach / Site check | F57: Roadshow | G57: =SUM(H57:K57) | H57: =SUM(L57:N57) | I57: =SUM(O57:Q57) | J57: =SUM(R57:T57) | K57: =SUM(U57:W57) | L57: =SUM(Weekly_Tracker!H159:L159) | M57: =SUM(Weekly_Tracker!M159:Q159) | N57: =SUM(Weekly_Tracker!R159:V159) | O57: =SUM(Weekly_Tracker!W159:AA159) | P57: =SUM(Weekly_Tracker!AB159:AF159) | Q57: =SUM(Weekly_Tracker!AG159:AK159) | R57: =SUM(Weekly_Tracker!AL159:AP159) | S57: =SUM(Weekly_Tracker!AQ159:AU159) | T57: =SUM(Weekly_Tracker!AV159:AZ159) | U57: =SUM(Weekly_Tracker!BA159:BE159) | V57: =SUM(Weekly_Tracker!BF159:BJ159) | W57: =SUM(Weekly_Tracker!BK159:BO159) | X57: =H57 | Y57: =X57+I57 | Z57: =Y57+J57 | AA57: =Z57+K57 | AC57: =IF($B57="","",IF(AB57=0,"chưa nhập FY target",IF(ROUND(G57-AB57,2)=0,"OK","Lệch "&TEXT(G57-AB57,"#,##0"))))
A58: =IF($B58="","",$B58&"|"&$D58) | B58: =IFERROR(INDEX(Team_Master!$C$6:$C$20,11),"") | C58: =IFERROR(INDEX(Team_Master!$G$6:$G$20,11),"") | D58: K3 | E58: Spec-in Value | F58: MVND | G58: =SUM(H58:K58) | H58: =SUM(L58:N58) | I58: =SUM(O58:Q58) | J58: =SUM(R58:T58) | K58: =SUM(U58:W58) | L58: =SUM(Weekly_Tracker!H162:L162) | M58: =SUM(Weekly_Tracker!M162:Q162) | N58: =SUM(Weekly_Tracker!R162:V162) | O58: =SUM(Weekly_Tracker!W162:AA162) | P58: =SUM(Weekly_Tracker!AB162:AF162) | Q58: =SUM(Weekly_Tracker!AG162:AK162) | R58: =SUM(Weekly_Tracker!AL162:AP162) | S58: =SUM(Weekly_Tracker!AQ162:AU162) | T58: =SUM(Weekly_Tracker!AV162:AZ162) | U58: =SUM(Weekly_Tracker!BA162:BE162) | V58: =SUM(Weekly_Tracker!BF162:BJ162) | W58: =SUM(Weekly_Tracker!BK162:BO162) | X58: =H58 | Y58: =X58+I58 | Z58: =Y58+J58 | AA58: =Z58+K58 | AC58: =IF($B58="","",IF(AB58=0,"chưa nhập FY target",IF(ROUND(G58-AB58,2)=0,"OK","Lệch "&TEXT(G58-AB58,"#,##0"))))
A59: =IF($B59="","",$B59&"|"&$D59) | B59: =IFERROR(INDEX(Team_Master!$C$6:$C$20,11),"") | C59: =IFERROR(INDEX(Team_Master!$G$6:$G$20,11),"") | D59: K4 | E59: Engaged Architect (Submit Design) | F59: D&B | G59: =SUM(H59:K59) | H59: =SUM(L59:N59) | I59: =SUM(O59:Q59) | J59: =SUM(R59:T59) | K59: =SUM(U59:W59) | L59: =SUM(Weekly_Tracker!H165:L165) | M59: =SUM(Weekly_Tracker!M165:Q165) | N59: =SUM(Weekly_Tracker!R165:V165) | O59: =SUM(Weekly_Tracker!W165:AA165) | P59: =SUM(Weekly_Tracker!AB165:AF165) | Q59: =SUM(Weekly_Tracker!AG165:AK165) | R59: =SUM(Weekly_Tracker!AL165:AP165) | S59: =SUM(Weekly_Tracker!AQ165:AU165) | T59: =SUM(Weekly_Tracker!AV165:AZ165) | U59: =SUM(Weekly_Tracker!BA165:BE165) | V59: =SUM(Weekly_Tracker!BF165:BJ165) | W59: =SUM(Weekly_Tracker!BK165:BO165) | X59: =H59 | Y59: =X59+I59 | Z59: =Y59+J59 | AA59: =Z59+K59 | AC59: =IF($B59="","",IF(AB59=0,"chưa nhập FY target",IF(ROUND(G59-AB59,2)=0,"OK","Lệch "&TEXT(G59-AB59,"#,##0"))))
A60: =IF($B60="","",$B60&"|"&$D60) | B60: =IFERROR(INDEX(Team_Master!$C$6:$C$20,11),"") | C60: =IFERROR(INDEX(Team_Master!$G$6:$G$20,11),"") | D60: K5 | E60: Spec-in Design (submitted design) | F60: Designs | G60: =SUM(H60:K60) | H60: =SUM(L60:N60) | I60: =SUM(O60:Q60) | J60: =SUM(R60:T60) | K60: =SUM(U60:W60) | L60: =SUM(Weekly_Tracker!H168:L168) | M60: =SUM(Weekly_Tracker!M168:Q168) | N60: =SUM(Weekly_Tracker!R168:V168) | O60: =SUM(Weekly_Tracker!W168:AA168) | P60: =SUM(Weekly_Tracker!AB168:AF168) | Q60: =SUM(Weekly_Tracker!AG168:AK168) | R60: =SUM(Weekly_Tracker!AL168:AP168) | S60: =SUM(Weekly_Tracker!AQ168:AU168) | T60: =SUM(Weekly_Tracker!AV168:AZ168) | U60: =SUM(Weekly_Tracker!BA168:BE168) | V60: =SUM(Weekly_Tracker!BF168:BJ168) | W60: =SUM(Weekly_Tracker!BK168:BO168) | X60: =H60 | Y60: =X60+I60 | Z60: =Y60+J60 | AA60: =Z60+K60 | AC60: =IF($B60="","",IF(AB60=0,"chưa nhập FY target",IF(ROUND(G60-AB60,2)=0,"OK","Lệch "&TEXT(G60-AB60,"#,##0"))))
A61: =IF($B61="","",$B61&"|"&$D61) | B61: =IFERROR(INDEX(Team_Master!$C$6:$C$20,12),"") | C61: =IFERROR(INDEX(Team_Master!$G$6:$G$20,12),"") | D61: K1 | E61: Invoiced Value | F61: MVND | G61: =SUM(H61:K61) | H61: =SUM(L61:N61) | I61: =SUM(O61:Q61) | J61: =SUM(R61:T61) | K61: =SUM(U61:W61) | L61: =SUM(Weekly_Tracker!H171:L171) | M61: =SUM(Weekly_Tracker!M171:Q171) | N61: =SUM(Weekly_Tracker!R171:V171) | O61: =SUM(Weekly_Tracker!W171:AA171) | P61: =SUM(Weekly_Tracker!AB171:AF171) | Q61: =SUM(Weekly_Tracker!AG171:AK171) | R61: =SUM(Weekly_Tracker!AL171:AP171) | S61: =SUM(Weekly_Tracker!AQ171:AU171) | T61: =SUM(Weekly_Tracker!AV171:AZ171) | U61: =SUM(Weekly_Tracker!BA171:BE171) | V61: =SUM(Weekly_Tracker!BF171:BJ171) | W61: =SUM(Weekly_Tracker!BK171:BO171) | X61: =H61 | Y61: =X61+I61 | Z61: =Y61+J61 | AA61: =Z61+K61 | AC61: =IF($B61="","",IF(AB61=0,"chưa nhập FY target",IF(ROUND(G61-AB61,2)=0,"OK","Lệch "&TEXT(G61-AB61,"#,##0"))))
A62: =IF($B62="","",$B62&"|"&$D62) | B62: =IFERROR(INDEX(Team_Master!$C$6:$C$20,12),"") | C62: =IFERROR(INDEX(Team_Master!$G$6:$G$20,12),"") | D62: K2 | E62: Key account approach / Site check | F62: Roadshow | G62: =SUM(H62:K62) | H62: =SUM(L62:N62) | I62: =SUM(O62:Q62) | J62: =SUM(R62:T62) | K62: =SUM(U62:W62) | L62: =SUM(Weekly_Tracker!H174:L174) | M62: =SUM(Weekly_Tracker!M174:Q174) | N62: =SUM(Weekly_Tracker!R174:V174) | O62: =SUM(Weekly_Tracker!W174:AA174) | P62: =SUM(Weekly_Tracker!AB174:AF174) | Q62: =SUM(Weekly_Tracker!AG174:AK174) | R62: =SUM(Weekly_Tracker!AL174:AP174) | S62: =SUM(Weekly_Tracker!AQ174:AU174) | T62: =SUM(Weekly_Tracker!AV174:AZ174) | U62: =SUM(Weekly_Tracker!BA174:BE174) | V62: =SUM(Weekly_Tracker!BF174:BJ174) | W62: =SUM(Weekly_Tracker!BK174:BO174) | X62: =H62 | Y62: =X62+I62 | Z62: =Y62+J62 | AA62: =Z62+K62 | AC62: =IF($B62="","",IF(AB62=0,"chưa nhập FY target",IF(ROUND(G62-AB62,2)=0,"OK","Lệch "&TEXT(G62-AB62,"#,##0"))))
A63: =IF($B63="","",$B63&"|"&$D63) | B63: =IFERROR(INDEX(Team_Master!$C$6:$C$20,12),"") | C63: =IFERROR(INDEX(Team_Master!$G$6:$G$20,12),"") | D63: K3 | E63: Spec-in Value | F63: MVND | G63: =SUM(H63:K63) | H63: =SUM(L63:N63) | I63: =SUM(O63:Q63) | J63: =SUM(R63:T63) | K63: =SUM(U63:W63) | L63: =SUM(Weekly_Tracker!H177:L177) | M63: =SUM(Weekly_Tracker!M177:Q177) | N63: =SUM(Weekly_Tracker!R177:V177) | O63: =SUM(Weekly_Tracker!W177:AA177) | P63: =SUM(Weekly_Tracker!AB177:AF177) | Q63: =SUM(Weekly_Tracker!AG177:AK177) | R63: =SUM(Weekly_Tracker!AL177:AP177) | S63: =SUM(Weekly_Tracker!AQ177:AU177) | T63: =SUM(Weekly_Tracker!AV177:AZ177) | U63: =SUM(Weekly_Tracker!BA177:BE177) | V63: =SUM(Weekly_Tracker!BF177:BJ177) | W63: =SUM(Weekly_Tracker!BK177:BO177) | X63: =H63 | Y63: =X63+I63 | Z63: =Y63+J63 | AA63: =Z63+K63 | AC63: =IF($B63="","",IF(AB63=0,"chưa nhập FY target",IF(ROUND(G63-AB63,2)=0,"OK","Lệch "&TEXT(G63-AB63,"#,##0"))))
A64: =IF($B64="","",$B64&"|"&$D64) | B64: =IFERROR(INDEX(Team_Master!$C$6:$C$20,12),"") | C64: =IFERROR(INDEX(Team_Master!$G$6:$G$20,12),"") | D64: K4 | E64: Engaged Architect (Submit Design) | F64: D&B | G64: =SUM(H64:K64) | H64: =SUM(L64:N64) | I64: =SUM(O64:Q64) | J64: =SUM(R64:T64) | K64: =SUM(U64:W64) | L64: =SUM(Weekly_Tracker!H180:L180) | M64: =SUM(Weekly_Tracker!M180:Q180) | N64: =SUM(Weekly_Tracker!R180:V180) | O64: =SUM(Weekly_Tracker!W180:AA180) | P64: =SUM(Weekly_Tracker!AB180:AF180) | Q64: =SUM(Weekly_Tracker!AG180:AK180) | R64: =SUM(Weekly_Tracker!AL180:AP180) | S64: =SUM(Weekly_Tracker!AQ180:AU180) | T64: =SUM(Weekly_Tracker!AV180:AZ180) | U64: =SUM(Weekly_Tracker!BA180:BE180) | V64: =SUM(Weekly_Tracker!BF180:BJ180) | W64: =SUM(Weekly_Tracker!BK180:BO180) | X64: =H64 | Y64: =X64+I64 | Z64: =Y64+J64 | AA64: =Z64+K64 | AC64: =IF($B64="","",IF(AB64=0,"chưa nhập FY target",IF(ROUND(G64-AB64,2)=0,"OK","Lệch "&TEXT(G64-AB64,"#,##0"))))
A65: =IF($B65="","",$B65&"|"&$D65) | B65: =IFERROR(INDEX(Team_Master!$C$6:$C$20,12),"") | C65: =IFERROR(INDEX(Team_Master!$G$6:$G$20,12),"") | D65: K5 | E65: Spec-in Design (submitted design) | F65: Designs | G65: =SUM(H65:K65) | H65: =SUM(L65:N65) | I65: =SUM(O65:Q65) | J65: =SUM(R65:T65) | K65: =SUM(U65:W65) | L65: =SUM(Weekly_Tracker!H183:L183) | M65: =SUM(Weekly_Tracker!M183:Q183) | N65: =SUM(Weekly_Tracker!R183:V183) | O65: =SUM(Weekly_Tracker!W183:AA183) | P65: =SUM(Weekly_Tracker!AB183:AF183) | Q65: =SUM(Weekly_Tracker!AG183:AK183) | R65: =SUM(Weekly_Tracker!AL183:AP183) | S65: =SUM(Weekly_Tracker!AQ183:AU183) | T65: =SUM(Weekly_Tracker!AV183:AZ183) | U65: =SUM(Weekly_Tracker!BA183:BE183) | V65: =SUM(Weekly_Tracker!BF183:BJ183) | W65: =SUM(Weekly_Tracker!BK183:BO183) | X65: =H65 | Y65: =X65+I65 | Z65: =Y65+J65 | AA65: =Z65+K65 | AC65: =IF($B65="","",IF(AB65=0,"chưa nhập FY target",IF(ROUND(G65-AB65,2)=0,"OK","Lệch "&TEXT(G65-AB65,"#,##0"))))
A66: =IF($B66="","",$B66&"|"&$D66) | B66: =IFERROR(INDEX(Team_Master!$C$6:$C$20,13),"") | C66: =IFERROR(INDEX(Team_Master!$G$6:$G$20,13),"") | D66: K1 | E66: Invoiced Value | F66: MVND | G66: =SUM(H66:K66) | H66: =SUM(L66:N66) | I66: =SUM(O66:Q66) | J66: =SUM(R66:T66) | K66: =SUM(U66:W66) | L66: =SUM(Weekly_Tracker!H186:L186) | M66: =SUM(Weekly_Tracker!M186:Q186) | N66: =SUM(Weekly_Tracker!R186:V186) | O66: =SUM(Weekly_Tracker!W186:AA186) | P66: =SUM(Weekly_Tracker!AB186:AF186) | Q66: =SUM(Weekly_Tracker!AG186:AK186) | R66: =SUM(Weekly_Tracker!AL186:AP186) | S66: =SUM(Weekly_Tracker!AQ186:AU186) | T66: =SUM(Weekly_Tracker!AV186:AZ186) | U66: =SUM(Weekly_Tracker!BA186:BE186) | V66: =SUM(Weekly_Tracker!BF186:BJ186) | W66: =SUM(Weekly_Tracker!BK186:BO186) | X66: =H66 | Y66: =X66+I66 | Z66: =Y66+J66 | AA66: =Z66+K66 | AC66: =IF($B66="","",IF(AB66=0,"chưa nhập FY target",IF(ROUND(G66-AB66,2)=0,"OK","Lệch "&TEXT(G66-AB66,"#,##0"))))
A67: =IF($B67="","",$B67&"|"&$D67) | B67: =IFERROR(INDEX(Team_Master!$C$6:$C$20,13),"") | C67: =IFERROR(INDEX(Team_Master!$G$6:$G$20,13),"") | D67: K2 | E67: Key account approach / Site check | F67: Roadshow | G67: =SUM(H67:K67) | H67: =SUM(L67:N67) | I67: =SUM(O67:Q67) | J67: =SUM(R67:T67) | K67: =SUM(U67:W67) | L67: =SUM(Weekly_Tracker!H189:L189) | M67: =SUM(Weekly_Tracker!M189:Q189) | N67: =SUM(Weekly_Tracker!R189:V189) | O67: =SUM(Weekly_Tracker!W189:AA189) | P67: =SUM(Weekly_Tracker!AB189:AF189) | Q67: =SUM(Weekly_Tracker!AG189:AK189) | R67: =SUM(Weekly_Tracker!AL189:AP189) | S67: =SUM(Weekly_Tracker!AQ189:AU189) | T67: =SUM(Weekly_Tracker!AV189:AZ189) | U67: =SUM(Weekly_Tracker!BA189:BE189) | V67: =SUM(Weekly_Tracker!BF189:BJ189) | W67: =SUM(Weekly_Tracker!BK189:BO189) | X67: =H67 | Y67: =X67+I67 | Z67: =Y67+J67 | AA67: =Z67+K67 | AC67: =IF($B67="","",IF(AB67=0,"chưa nhập FY target",IF(ROUND(G67-AB67,2)=0,"OK","Lệch "&TEXT(G67-AB67,"#,##0"))))
A68: =IF($B68="","",$B68&"|"&$D68) | B68: =IFERROR(INDEX(Team_Master!$C$6:$C$20,13),"") | C68: =IFERROR(INDEX(Team_Master!$G$6:$G$20,13),"") | D68: K3 | E68: Spec-in Value | F68: MVND | G68: =SUM(H68:K68) | H68: =SUM(L68:N68) | I68: =SUM(O68:Q68) | J68: =SUM(R68:T68) | K68: =SUM(U68:W68) | L68: =SUM(Weekly_Tracker!H192:L192) | M68: =SUM(Weekly_Tracker!M192:Q192) | N68: =SUM(Weekly_Tracker!R192:V192) | O68: =SUM(Weekly_Tracker!W192:AA192) | P68: =SUM(Weekly_Tracker!AB192:AF192) | Q68: =SUM(Weekly_Tracker!AG192:AK192) | R68: =SUM(Weekly_Tracker!AL192:AP192) | S68: =SUM(Weekly_Tracker!AQ192:AU192) | T68: =SUM(Weekly_Tracker!AV192:AZ192) | U68: =SUM(Weekly_Tracker!BA192:BE192) | V68: =SUM(Weekly_Tracker!BF192:BJ192) | W68: =SUM(Weekly_Tracker!BK192:BO192) | X68: =H68 | Y68: =X68+I68 | Z68: =Y68+J68 | AA68: =Z68+K68 | AC68: =IF($B68="","",IF(AB68=0,"chưa nhập FY target",IF(ROUND(G68-AB68,2)=0,"OK","Lệch "&TEXT(G68-AB68,"#,##0"))))
A69: =IF($B69="","",$B69&"|"&$D69) | B69: =IFERROR(INDEX(Team_Master!$C$6:$C$20,13),"") | C69: =IFERROR(INDEX(Team_Master!$G$6:$G$20,13),"") | D69: K4 | E69: Engaged Architect (Submit Design) | F69: D&B | G69: =SUM(H69:K69) | H69: =SUM(L69:N69) | I69: =SUM(O69:Q69) | J69: =SUM(R69:T69) | K69: =SUM(U69:W69) | L69: =SUM(Weekly_Tracker!H195:L195) | M69: =SUM(Weekly_Tracker!M195:Q195) | N69: =SUM(Weekly_Tracker!R195:V195) | O69: =SUM(Weekly_Tracker!W195:AA195) | P69: =SUM(Weekly_Tracker!AB195:AF195) | Q69: =SUM(Weekly_Tracker!AG195:AK195) | R69: =SUM(Weekly_Tracker!AL195:AP195) | S69: =SUM(Weekly_Tracker!AQ195:AU195) | T69: =SUM(Weekly_Tracker!AV195:AZ195) | U69: =SUM(Weekly_Tracker!BA195:BE195) | V69: =SUM(Weekly_Tracker!BF195:BJ195) | W69: =SUM(Weekly_Tracker!BK195:BO195) | X69: =H69 | Y69: =X69+I69 | Z69: =Y69+J69 | AA69: =Z69+K69 | AC69: =IF($B69="","",IF(AB69=0,"chưa nhập FY target",IF(ROUND(G69-AB69,2)=0,"OK","Lệch "&TEXT(G69-AB69,"#,##0"))))
A70: =IF($B70="","",$B70&"|"&$D70) | B70: =IFERROR(INDEX(Team_Master!$C$6:$C$20,13),"") | C70: =IFERROR(INDEX(Team_Master!$G$6:$G$20,13),"") | D70: K5 | E70: Spec-in Design (submitted design) | F70: Designs | G70: =SUM(H70:K70) | H70: =SUM(L70:N70) | I70: =SUM(O70:Q70) | J70: =SUM(R70:T70) | K70: =SUM(U70:W70) | L70: =SUM(Weekly_Tracker!H198:L198) | M70: =SUM(Weekly_Tracker!M198:Q198) | N70: =SUM(Weekly_Tracker!R198:V198) | O70: =SUM(Weekly_Tracker!W198:AA198) | P70: =SUM(Weekly_Tracker!AB198:AF198) | Q70: =SUM(Weekly_Tracker!AG198:AK198) | R70: =SUM(Weekly_Tracker!AL198:AP198) | S70: =SUM(Weekly_Tracker!AQ198:AU198) | T70: =SUM(Weekly_Tracker!AV198:AZ198) | U70: =SUM(Weekly_Tracker!BA198:BE198) | V70: =SUM(Weekly_Tracker!BF198:BJ198) | W70: =SUM(Weekly_Tracker!BK198:BO198) | X70: =H70 | Y70: =X70+I70 | Z70: =Y70+J70 | AA70: =Z70+K70 | AC70: =IF($B70="","",IF(AB70=0,"chưa nhập FY target",IF(ROUND(G70-AB70,2)=0,"OK","Lệch "&TEXT(G70-AB70,"#,##0"))))
A71: =IF($B71="","",$B71&"|"&$D71) | B71: =IFERROR(INDEX(Team_Master!$C$6:$C$20,14),"") | C71: =IFERROR(INDEX(Team_Master!$G$6:$G$20,14),"") | D71: K1 | E71: Invoiced Value | F71: MVND | G71: =SUM(H71:K71) | H71: =SUM(L71:N71) | I71: =SUM(O71:Q71) | J71: =SUM(R71:T71) | K71: =SUM(U71:W71) | L71: =SUM(Weekly_Tracker!H201:L201) | M71: =SUM(Weekly_Tracker!M201:Q201) | N71: =SUM(Weekly_Tracker!R201:V201) | O71: =SUM(Weekly_Tracker!W201:AA201) | P71: =SUM(Weekly_Tracker!AB201:AF201) | Q71: =SUM(Weekly_Tracker!AG201:AK201) | R71: =SUM(Weekly_Tracker!AL201:AP201) | S71: =SUM(Weekly_Tracker!AQ201:AU201) | T71: =SUM(Weekly_Tracker!AV201:AZ201) | U71: =SUM(Weekly_Tracker!BA201:BE201) | V71: =SUM(Weekly_Tracker!BF201:BJ201) | W71: =SUM(Weekly_Tracker!BK201:BO201) | X71: =H71 | Y71: =X71+I71 | Z71: =Y71+J71 | AA71: =Z71+K71 | AC71: =IF($B71="","",IF(AB71=0,"chưa nhập FY target",IF(ROUND(G71-AB71,2)=0,"OK","Lệch "&TEXT(G71-AB71,"#,##0"))))
A72: =IF($B72="","",$B72&"|"&$D72) | B72: =IFERROR(INDEX(Team_Master!$C$6:$C$20,14),"") | C72: =IFERROR(INDEX(Team_Master!$G$6:$G$20,14),"") | D72: K2 | E72: Key account approach / Site check | F72: Roadshow | G72: =SUM(H72:K72) | H72: =SUM(L72:N72) | I72: =SUM(O72:Q72) | J72: =SUM(R72:T72) | K72: =SUM(U72:W72) | L72: =SUM(Weekly_Tracker!H204:L204) | M72: =SUM(Weekly_Tracker!M204:Q204) | N72: =SUM(Weekly_Tracker!R204:V204) | O72: =SUM(Weekly_Tracker!W204:AA204) | P72: =SUM(Weekly_Tracker!AB204:AF204) | Q72: =SUM(Weekly_Tracker!AG204:AK204) | R72: =SUM(Weekly_Tracker!AL204:AP204) | S72: =SUM(Weekly_Tracker!AQ204:AU204) | T72: =SUM(Weekly_Tracker!AV204:AZ204) | U72: =SUM(Weekly_Tracker!BA204:BE204) | V72: =SUM(Weekly_Tracker!BF204:BJ204) | W72: =SUM(Weekly_Tracker!BK204:BO204) | X72: =H72 | Y72: =X72+I72 | Z72: =Y72+J72 | AA72: =Z72+K72 | AC72: =IF($B72="","",IF(AB72=0,"chưa nhập FY target",IF(ROUND(G72-AB72,2)=0,"OK","Lệch "&TEXT(G72-AB72,"#,##0"))))
A73: =IF($B73="","",$B73&"|"&$D73) | B73: =IFERROR(INDEX(Team_Master!$C$6:$C$20,14),"") | C73: =IFERROR(INDEX(Team_Master!$G$6:$G$20,14),"") | D73: K3 | E73: Spec-in Value | F73: MVND | G73: =SUM(H73:K73) | H73: =SUM(L73:N73) | I73: =SUM(O73:Q73) | J73: =SUM(R73:T73) | K73: =SUM(U73:W73) | L73: =SUM(Weekly_Tracker!H207:L207) | M73: =SUM(Weekly_Tracker!M207:Q207) | N73: =SUM(Weekly_Tracker!R207:V207) | O73: =SUM(Weekly_Tracker!W207:AA207) | P73: =SUM(Weekly_Tracker!AB207:AF207) | Q73: =SUM(Weekly_Tracker!AG207:AK207) | R73: =SUM(Weekly_Tracker!AL207:AP207) | S73: =SUM(Weekly_Tracker!AQ207:AU207) | T73: =SUM(Weekly_Tracker!AV207:AZ207) | U73: =SUM(Weekly_Tracker!BA207:BE207) | V73: =SUM(Weekly_Tracker!BF207:BJ207) | W73: =SUM(Weekly_Tracker!BK207:BO207) | X73: =H73 | Y73: =X73+I73 | Z73: =Y73+J73 | AA73: =Z73+K73 | AC73: =IF($B73="","",IF(AB73=0,"chưa nhập FY target",IF(ROUND(G73-AB73,2)=0,"OK","Lệch "&TEXT(G73-AB73,"#,##0"))))
A74: =IF($B74="","",$B74&"|"&$D74) | B74: =IFERROR(INDEX(Team_Master!$C$6:$C$20,14),"") | C74: =IFERROR(INDEX(Team_Master!$G$6:$G$20,14),"") | D74: K4 | E74: Engaged Architect (Submit Design) | F74: D&B | G74: =SUM(H74:K74) | H74: =SUM(L74:N74) | I74: =SUM(O74:Q74) | J74: =SUM(R74:T74) | K74: =SUM(U74:W74) | L74: =SUM(Weekly_Tracker!H210:L210) | M74: =SUM(Weekly_Tracker!M210:Q210) | N74: =SUM(Weekly_Tracker!R210:V210) | O74: =SUM(Weekly_Tracker!W210:AA210) | P74: =SUM(Weekly_Tracker!AB210:AF210) | Q74: =SUM(Weekly_Tracker!AG210:AK210) | R74: =SUM(Weekly_Tracker!AL210:AP210) | S74: =SUM(Weekly_Tracker!AQ210:AU210) | T74: =SUM(Weekly_Tracker!AV210:AZ210) | U74: =SUM(Weekly_Tracker!BA210:BE210) | V74: =SUM(Weekly_Tracker!BF210:BJ210) | W74: =SUM(Weekly_Tracker!BK210:BO210) | X74: =H74 | Y74: =X74+I74 | Z74: =Y74+J74 | AA74: =Z74+K74 | AC74: =IF($B74="","",IF(AB74=0,"chưa nhập FY target",IF(ROUND(G74-AB74,2)=0,"OK","Lệch "&TEXT(G74-AB74,"#,##0"))))
A75: =IF($B75="","",$B75&"|"&$D75) | B75: =IFERROR(INDEX(Team_Master!$C$6:$C$20,14),"") | C75: =IFERROR(INDEX(Team_Master!$G$6:$G$20,14),"") | D75: K5 | E75: Spec-in Design (submitted design) | F75: Designs | G75: =SUM(H75:K75) | H75: =SUM(L75:N75) | I75: =SUM(O75:Q75) | J75: =SUM(R75:T75) | K75: =SUM(U75:W75) | L75: =SUM(Weekly_Tracker!H213:L213) | M75: =SUM(Weekly_Tracker!M213:Q213) | N75: =SUM(Weekly_Tracker!R213:V213) | O75: =SUM(Weekly_Tracker!W213:AA213) | P75: =SUM(Weekly_Tracker!AB213:AF213) | Q75: =SUM(Weekly_Tracker!AG213:AK213) | R75: =SUM(Weekly_Tracker!AL213:AP213) | S75: =SUM(Weekly_Tracker!AQ213:AU213) | T75: =SUM(Weekly_Tracker!AV213:AZ213) | U75: =SUM(Weekly_Tracker!BA213:BE213) | V75: =SUM(Weekly_Tracker!BF213:BJ213) | W75: =SUM(Weekly_Tracker!BK213:BO213) | X75: =H75 | Y75: =X75+I75 | Z75: =Y75+J75 | AA75: =Z75+K75 | AC75: =IF($B75="","",IF(AB75=0,"chưa nhập FY target",IF(ROUND(G75-AB75,2)=0,"OK","Lệch "&TEXT(G75-AB75,"#,##0"))))
A76: =IF($B76="","",$B76&"|"&$D76) | B76: =IFERROR(INDEX(Team_Master!$C$6:$C$20,15),"") | C76: =IFERROR(INDEX(Team_Master!$G$6:$G$20,15),"") | D76: K1 | E76: Invoiced Value | F76: MVND | G76: =SUM(H76:K76) | H76: =SUM(L76:N76) | I76: =SUM(O76:Q76) | J76: =SUM(R76:T76) | K76: =SUM(U76:W76) | L76: =SUM(Weekly_Tracker!H216:L216) | M76: =SUM(Weekly_Tracker!M216:Q216) | N76: =SUM(Weekly_Tracker!R216:V216) | O76: =SUM(Weekly_Tracker!W216:AA216) | P76: =SUM(Weekly_Tracker!AB216:AF216) | Q76: =SUM(Weekly_Tracker!AG216:AK216) | R76: =SUM(Weekly_Tracker!AL216:AP216) | S76: =SUM(Weekly_Tracker!AQ216:AU216) | T76: =SUM(Weekly_Tracker!AV216:AZ216) | U76: =SUM(Weekly_Tracker!BA216:BE216) | V76: =SUM(Weekly_Tracker!BF216:BJ216) | W76: =SUM(Weekly_Tracker!BK216:BO216) | X76: =H76 | Y76: =X76+I76 | Z76: =Y76+J76 | AA76: =Z76+K76 | AC76: =IF($B76="","",IF(AB76=0,"chưa nhập FY target",IF(ROUND(G76-AB76,2)=0,"OK","Lệch "&TEXT(G76-AB76,"#,##0"))))
A77: =IF($B77="","",$B77&"|"&$D77) | B77: =IFERROR(INDEX(Team_Master!$C$6:$C$20,15),"") | C77: =IFERROR(INDEX(Team_Master!$G$6:$G$20,15),"") | D77: K2 | E77: Key account approach / Site check | F77: Roadshow | G77: =SUM(H77:K77) | H77: =SUM(L77:N77) | I77: =SUM(O77:Q77) | J77: =SUM(R77:T77) | K77: =SUM(U77:W77) | L77: =SUM(Weekly_Tracker!H219:L219) | M77: =SUM(Weekly_Tracker!M219:Q219) | N77: =SUM(Weekly_Tracker!R219:V219) | O77: =SUM(Weekly_Tracker!W219:AA219) | P77: =SUM(Weekly_Tracker!AB219:AF219) | Q77: =SUM(Weekly_Tracker!AG219:AK219) | R77: =SUM(Weekly_Tracker!AL219:AP219) | S77: =SUM(Weekly_Tracker!AQ219:AU219) | T77: =SUM(Weekly_Tracker!AV219:AZ219) | U77: =SUM(Weekly_Tracker!BA219:BE219) | V77: =SUM(Weekly_Tracker!BF219:BJ219) | W77: =SUM(Weekly_Tracker!BK219:BO219) | X77: =H77 | Y77: =X77+I77 | Z77: =Y77+J77 | AA77: =Z77+K77 | AC77: =IF($B77="","",IF(AB77=0,"chưa nhập FY target",IF(ROUND(G77-AB77,2)=0,"OK","Lệch "&TEXT(G77-AB77,"#,##0"))))
A78: =IF($B78="","",$B78&"|"&$D78) | B78: =IFERROR(INDEX(Team_Master!$C$6:$C$20,15),"") | C78: =IFERROR(INDEX(Team_Master!$G$6:$G$20,15),"") | D78: K3 | E78: Spec-in Value | F78: MVND | G78: =SUM(H78:K78) | H78: =SUM(L78:N78) | I78: =SUM(O78:Q78) | J78: =SUM(R78:T78) | K78: =SUM(U78:W78) | L78: =SUM(Weekly_Tracker!H222:L222) | M78: =SUM(Weekly_Tracker!M222:Q222) | N78: =SUM(Weekly_Tracker!R222:V222) | O78: =SUM(Weekly_Tracker!W222:AA222) | P78: =SUM(Weekly_Tracker!AB222:AF222) | Q78: =SUM(Weekly_Tracker!AG222:AK222) | R78: =SUM(Weekly_Tracker!AL222:AP222) | S78: =SUM(Weekly_Tracker!AQ222:AU222) | T78: =SUM(Weekly_Tracker!AV222:AZ222) | U78: =SUM(Weekly_Tracker!BA222:BE222) | V78: =SUM(Weekly_Tracker!BF222:BJ222) | W78: =SUM(Weekly_Tracker!BK222:BO222) | X78: =H78 | Y78: =X78+I78 | Z78: =Y78+J78 | AA78: =Z78+K78 | AC78: =IF($B78="","",IF(AB78=0,"chưa nhập FY target",IF(ROUND(G78-AB78,2)=0,"OK","Lệch "&TEXT(G78-AB78,"#,##0"))))
A79: =IF($B79="","",$B79&"|"&$D79) | B79: =IFERROR(INDEX(Team_Master!$C$6:$C$20,15),"") | C79: =IFERROR(INDEX(Team_Master!$G$6:$G$20,15),"") | D79: K4 | E79: Engaged Architect (Submit Design) | F79: D&B | G79: =SUM(H79:K79) | H79: =SUM(L79:N79) | I79: =SUM(O79:Q79) | J79: =SUM(R79:T79) | K79: =SUM(U79:W79) | L79: =SUM(Weekly_Tracker!H225:L225) | M79: =SUM(Weekly_Tracker!M225:Q225) | N79: =SUM(Weekly_Tracker!R225:V225) | O79: =SUM(Weekly_Tracker!W225:AA225) | P79: =SUM(Weekly_Tracker!AB225:AF225) | Q79: =SUM(Weekly_Tracker!AG225:AK225) | R79: =SUM(Weekly_Tracker!AL225:AP225) | S79: =SUM(Weekly_Tracker!AQ225:AU225) | T79: =SUM(Weekly_Tracker!AV225:AZ225) | U79: =SUM(Weekly_Tracker!BA225:BE225) | V79: =SUM(Weekly_Tracker!BF225:BJ225) | W79: =SUM(Weekly_Tracker!BK225:BO225) | X79: =H79 | Y79: =X79+I79 | Z79: =Y79+J79 | AA79: =Z79+K79 | AC79: =IF($B79="","",IF(AB79=0,"chưa nhập FY target",IF(ROUND(G79-AB79,2)=0,"OK","Lệch "&TEXT(G79-AB79,"#,##0"))))
A80: =IF($B80="","",$B80&"|"&$D80) | B80: =IFERROR(INDEX(Team_Master!$C$6:$C$20,15),"") | C80: =IFERROR(INDEX(Team_Master!$G$6:$G$20,15),"") | D80: K5 | E80: Spec-in Design (submitted design) | F80: Designs | G80: =SUM(H80:K80) | H80: =SUM(L80:N80) | I80: =SUM(O80:Q80) | J80: =SUM(R80:T80) | K80: =SUM(U80:W80) | L80: =SUM(Weekly_Tracker!H228:L228) | M80: =SUM(Weekly_Tracker!M228:Q228) | N80: =SUM(Weekly_Tracker!R228:V228) | O80: =SUM(Weekly_Tracker!W228:AA228) | P80: =SUM(Weekly_Tracker!AB228:AF228) | Q80: =SUM(Weekly_Tracker!AG228:AK228) | R80: =SUM(Weekly_Tracker!AL228:AP228) | S80: =SUM(Weekly_Tracker!AQ228:AU228) | T80: =SUM(Weekly_Tracker!AV228:AZ228) | U80: =SUM(Weekly_Tracker!BA228:BE228) | V80: =SUM(Weekly_Tracker!BF228:BJ228) | W80: =SUM(Weekly_Tracker!BK228:BO228) | X80: =H80 | Y80: =X80+I80 | Z80: =Y80+J80 | AA80: =Z80+K80 | AC80: =IF($B80="","",IF(AB80=0,"chưa nhập FY target",IF(ROUND(G80-AB80,2)=0,"OK","Lệch "&TEXT(G80-AB80,"#,##0"))))
B82: TỔNG TOÀN KÊNH THEO KPI / CHANNEL TOTAL BY KPI
D83: KPI | E83: KPI name | F83: Unit | G83: FY total | H83: Q1 | I83: Q2 | J83: Q3 | K83: Q4
D84: K1 | E84: Invoiced Value | F84: MVND | G84: =SUMIF($D$6:$D$80,$D84,G$6:G$80) | H84: =SUMIF($D$6:$D$80,$D84,H$6:H$80) | I84: =SUMIF($D$6:$D$80,$D84,I$6:I$80) | J84: =SUMIF($D$6:$D$80,$D84,J$6:J$80) | K84: =SUMIF($D$6:$D$80,$D84,K$6:K$80)
D85: K2 | E85: Key account approach / Site check | F85: Roadshow | G85: =SUMIF($D$6:$D$80,$D85,G$6:G$80) | H85: =SUMIF($D$6:$D$80,$D85,H$6:H$80) | I85: =SUMIF($D$6:$D$80,$D85,I$6:I$80) | J85: =SUMIF($D$6:$D$80,$D85,J$6:J$80) | K85: =SUMIF($D$6:$D$80,$D85,K$6:K$80)
D86: K3 | E86: Spec-in Value | F86: MVND | G86: =SUMIF($D$6:$D$80,$D86,G$6:G$80) | H86: =SUMIF($D$6:$D$80,$D86,H$6:H$80) | I86: =SUMIF($D$6:$D$80,$D86,I$6:I$80) | J86: =SUMIF($D$6:$D$80,$D86,J$6:J$80) | K86: =SUMIF($D$6:$D$80,$D86,K$6:K$80)
D87: K4 | E87: Engaged Architect (Submit Design) | F87: D&B | G87: =SUMIF($D$6:$D$80,$D87,G$6:G$80) | H87: =SUMIF($D$6:$D$80,$D87,H$6:H$80) | I87: =SUMIF($D$6:$D$80,$D87,I$6:I$80) | J87: =SUMIF($D$6:$D$80,$D87,J$6:J$80) | K87: =SUMIF($D$6:$D$80,$D87,K$6:K$80)
D88: K5 | E88: Spec-in Design (submitted design) | F88: Designs | G88: =SUMIF($D$6:$D$80,$D88,G$6:G$80) | H88: =SUMIF($D$6:$D$80,$D88,H$6:H$80) | I88: =SUMIF($D$6:$D$80,$D88,I$6:I$80) | J88: =SUMIF($D$6:$D$80,$D88,J$6:J$80) | K88: =SUMIF($D$6:$D$80,$D88,K$6:K$80)

Sheet Actual_Monthly
B2: ACTUAL FY2026 – gom từ Weekly_Tracker
B3: Sheet chỉ đọc. Actual nhập ở Weekly_Tracker (dòng 'Actual').
L4: TỰ GOM TỪ WEEKLY_TRACKER →
A5: Key | B5: Emp Code | C5: Name of Sales Person | D5: KPI | E5: KPI name | F5: Unit | G5: FY total | H5: Q1 | I5: Q2 | J5: Q3 | K5: Q4 | L5: Jan | M5: Feb | N5: Mar | O5: Apr | P5: May | Q5: Jun | R5: Jul | S5: Aug | T5: Sep | U5: Oct | V5: Nov | W5: Dec | X5: YTD Q1 | Y5: YTD Q2 | Z5: YTD Q3 | AA5: YTD Q4
A6: =IF($B6="","",$B6&"|"&$D6) | B6: =IFERROR(INDEX(Team_Master!$C$6:$C$20,1),"") | C6: =IFERROR(INDEX(Team_Master!$G$6:$G$20,1),"") | D6: K1 | E6: Invoiced Value | F6: MVND | G6: =SUM(H6:K6) | H6: =SUM(L6:N6) | I6: =SUM(O6:Q6) | J6: =SUM(R6:T6) | K6: =SUM(U6:W6) | L6: =SUM(Weekly_Tracker!H7:L7) | M6: =SUM(Weekly_Tracker!M7:Q7) | N6: =SUM(Weekly_Tracker!R7:V7) | O6: =SUM(Weekly_Tracker!W7:AA7) | P6: =SUM(Weekly_Tracker!AB7:AF7) | Q6: =SUM(Weekly_Tracker!AG7:AK7) | R6: =SUM(Weekly_Tracker!AL7:AP7) | S6: =SUM(Weekly_Tracker!AQ7:AU7) | T6: =SUM(Weekly_Tracker!AV7:AZ7) | U6: =SUM(Weekly_Tracker!BA7:BE7) | V6: =SUM(Weekly_Tracker!BF7:BJ7) | W6: =SUM(Weekly_Tracker!BK7:BO7) | X6: =H6 | Y6: =X6+I6 | Z6: =Y6+J6 | AA6: =Z6+K6
A7: =IF($B7="","",$B7&"|"&$D7) | B7: =IFERROR(INDEX(Team_Master!$C$6:$C$20,1),"") | C7: =IFERROR(INDEX(Team_Master!$G$6:$G$20,1),"") | D7: K2 | E7: Key account approach / Site check | F7: Roadshow | G7: =SUM(H7:K7) | H7: =SUM(L7:N7) | I7: =SUM(O7:Q7) | J7: =SUM(R7:T7) | K7: =SUM(U7:W7) | L7: =SUM(Weekly_Tracker!H10:L10) | M7: =SUM(Weekly_Tracker!M10:Q10) | N7: =SUM(Weekly_Tracker!R10:V10) | O7: =SUM(Weekly_Tracker!W10:AA10) | P7: =SUM(Weekly_Tracker!AB10:AF10) | Q7: =SUM(Weekly_Tracker!AG10:AK10) | R7: =SUM(Weekly_Tracker!AL10:AP10) | S7: =SUM(Weekly_Tracker!AQ10:AU10) | T7: =SUM(Weekly_Tracker!AV10:AZ10) | U7: =SUM(Weekly_Tracker!BA10:BE10) | V7: =SUM(Weekly_Tracker!BF10:BJ10) | W7: =SUM(Weekly_Tracker!BK10:BO10) | X7: =H7 | Y7: =X7+I7 | Z7: =Y7+J7 | AA7: =Z7+K7
A8: =IF($B8="","",$B8&"|"&$D8) | B8: =IFERROR(INDEX(Team_Master!$C$6:$C$20,1),"") | C8: =IFERROR(INDEX(Team_Master!$G$6:$G$20,1),"") | D8: K3 | E8: Spec-in Value | F8: MVND | G8: =SUM(H8:K8) | H8: =SUM(L8:N8) | I8: =SUM(O8:Q8) | J8: =SUM(R8:T8) | K8: =SUM(U8:W8) | L8: =SUM(Weekly_Tracker!H13:L13) | M8: =SUM(Weekly_Tracker!M13:Q13) | N8: =SUM(Weekly_Tracker!R13:V13) | O8: =SUM(Weekly_Tracker!W13:AA13) | P8: =SUM(Weekly_Tracker!AB13:AF13) | Q8: =SUM(Weekly_Tracker!AG13:AK13) | R8: =SUM(Weekly_Tracker!AL13:AP13) | S8: =SUM(Weekly_Tracker!AQ13:AU13) | T8: =SUM(Weekly_Tracker!AV13:AZ13) | U8: =SUM(Weekly_Tracker!BA13:BE13) | V8: =SUM(Weekly_Tracker!BF13:BJ13) | W8: =SUM(Weekly_Tracker!BK13:BO13) | X8: =H8 | Y8: =X8+I8 | Z8: =Y8+J8 | AA8: =Z8+K8
A9: =IF($B9="","",$B9&"|"&$D9) | B9: =IFERROR(INDEX(Team_Master!$C$6:$C$20,1),"") | C9: =IFERROR(INDEX(Team_Master!$G$6:$G$20,1),"") | D9: K4 | E9: Engaged Architect (Submit Design) | F9: D&B | G9: =SUM(H9:K9) | H9: =SUM(L9:N9) | I9: =SUM(O9:Q9) | J9: =SUM(R9:T9) | K9: =SUM(U9:W9) | L9: =SUM(Weekly_Tracker!H16:L16) | M9: =SUM(Weekly_Tracker!M16:Q16) | N9: =SUM(Weekly_Tracker!R16:V16) | O9: =SUM(Weekly_Tracker!W16:AA16) | P9: =SUM(Weekly_Tracker!AB16:AF16) | Q9: =SUM(Weekly_Tracker!AG16:AK16) | R9: =SUM(Weekly_Tracker!AL16:AP16) | S9: =SUM(Weekly_Tracker!AQ16:AU16) | T9: =SUM(Weekly_Tracker!AV16:AZ16) | U9: =SUM(Weekly_Tracker!BA16:BE16) | V9: =SUM(Weekly_Tracker!BF16:BJ16) | W9: =SUM(Weekly_Tracker!BK16:BO16) | X9: =H9 | Y9: =X9+I9 | Z9: =Y9+J9 | AA9: =Z9+K9
A10: =IF($B10="","",$B10&"|"&$D10) | B10: =IFERROR(INDEX(Team_Master!$C$6:$C$20,1),"") | C10: =IFERROR(INDEX(Team_Master!$G$6:$G$20,1),"") | D10: K5 | E10: Spec-in Design (submitted design) | F10: Designs | G10: =SUM(H10:K10) | H10: =SUM(L10:N10) | I10: =SUM(O10:Q10) | J10: =SUM(R10:T10) | K10: =SUM(U10:W10) | L10: =SUM(Weekly_Tracker!H19:L19) | M10: =SUM(Weekly_Tracker!M19:Q19) | N10: =SUM(Weekly_Tracker!R19:V19) | O10: =SUM(Weekly_Tracker!W19:AA19) | P10: =SUM(Weekly_Tracker!AB19:AF19) | Q10: =SUM(Weekly_Tracker!AG19:AK19) | R10: =SUM(Weekly_Tracker!AL19:AP19) | S10: =SUM(Weekly_Tracker!AQ19:AU19) | T10: =SUM(Weekly_Tracker!AV19:AZ19) | U10: =SUM(Weekly_Tracker!BA19:BE19) | V10: =SUM(Weekly_Tracker!BF19:BJ19) | W10: =SUM(Weekly_Tracker!BK19:BO19) | X10: =H10 | Y10: =X10+I10 | Z10: =Y10+J10 | AA10: =Z10+K10
A11: =IF($B11="","",$B11&"|"&$D11) | B11: =IFERROR(INDEX(Team_Master!$C$6:$C$20,2),"") | C11: =IFERROR(INDEX(Team_Master!$G$6:$G$20,2),"") | D11: K1 | E11: Invoiced Value | F11: MVND | G11: =SUM(H11:K11) | H11: =SUM(L11:N11) | I11: =SUM(O11:Q11) | J11: =SUM(R11:T11) | K11: =SUM(U11:W11) | L11: =SUM(Weekly_Tracker!H22:L22) | M11: =SUM(Weekly_Tracker!M22:Q22) | N11: =SUM(Weekly_Tracker!R22:V22) | O11: =SUM(Weekly_Tracker!W22:AA22) | P11: =SUM(Weekly_Tracker!AB22:AF22) | Q11: =SUM(Weekly_Tracker!AG22:AK22) | R11: =SUM(Weekly_Tracker!AL22:AP22) | S11: =SUM(Weekly_Tracker!AQ22:AU22) | T11: =SUM(Weekly_Tracker!AV22:AZ22) | U11: =SUM(Weekly_Tracker!BA22:BE22) | V11: =SUM(Weekly_Tracker!BF22:BJ22) | W11: =SUM(Weekly_Tracker!BK22:BO22) | X11: =H11 | Y11: =X11+I11 | Z11: =Y11+J11 | AA11: =Z11+K11
A12: =IF($B12="","",$B12&"|"&$D12) | B12: =IFERROR(INDEX(Team_Master!$C$6:$C$20,2),"") | C12: =IFERROR(INDEX(Team_Master!$G$6:$G$20,2),"") | D12: K2 | E12: Key account approach / Site check | F12: Roadshow | G12: =SUM(H12:K12) | H12: =SUM(L12:N12) | I12: =SUM(O12:Q12) | J12: =SUM(R12:T12) | K12: =SUM(U12:W12) | L12: =SUM(Weekly_Tracker!H25:L25) | M12: =SUM(Weekly_Tracker!M25:Q25) | N12: =SUM(Weekly_Tracker!R25:V25) | O12: =SUM(Weekly_Tracker!W25:AA25) | P12: =SUM(Weekly_Tracker!AB25:AF25) | Q12: =SUM(Weekly_Tracker!AG25:AK25) | R12: =SUM(Weekly_Tracker!AL25:AP25) | S12: =SUM(Weekly_Tracker!AQ25:AU25) | T12: =SUM(Weekly_Tracker!AV25:AZ25) | U12: =SUM(Weekly_Tracker!BA25:BE25) | V12: =SUM(Weekly_Tracker!BF25:BJ25) | W12: =SUM(Weekly_Tracker!BK25:BO25) | X12: =H12 | Y12: =X12+I12 | Z12: =Y12+J12 | AA12: =Z12+K12
A13: =IF($B13="","",$B13&"|"&$D13) | B13: =IFERROR(INDEX(Team_Master!$C$6:$C$20,2),"") | C13: =IFERROR(INDEX(Team_Master!$G$6:$G$20,2),"") | D13: K3 | E13: Spec-in Value | F13: MVND | G13: =SUM(H13:K13) | H13: =SUM(L13:N13) | I13: =SUM(O13:Q13) | J13: =SUM(R13:T13) | K13: =SUM(U13:W13) | L13: =SUM(Weekly_Tracker!H28:L28) | M13: =SUM(Weekly_Tracker!M28:Q28) | N13: =SUM(Weekly_Tracker!R28:V28) | O13: =SUM(Weekly_Tracker!W28:AA28) | P13: =SUM(Weekly_Tracker!AB28:AF28) | Q13: =SUM(Weekly_Tracker!AG28:AK28) | R13: =SUM(Weekly_Tracker!AL28:AP28) | S13: =SUM(Weekly_Tracker!AQ28:AU28) | T13: =SUM(Weekly_Tracker!AV28:AZ28) | U13: =SUM(Weekly_Tracker!BA28:BE28) | V13: =SUM(Weekly_Tracker!BF28:BJ28) | W13: =SUM(Weekly_Tracker!BK28:BO28) | X13: =H13 | Y13: =X13+I13 | Z13: =Y13+J13 | AA13: =Z13+K13
A14: =IF($B14="","",$B14&"|"&$D14) | B14: =IFERROR(INDEX(Team_Master!$C$6:$C$20,2),"") | C14: =IFERROR(INDEX(Team_Master!$G$6:$G$20,2),"") | D14: K4 | E14: Engaged Architect (Submit Design) | F14: D&B | G14: =SUM(H14:K14) | H14: =SUM(L14:N14) | I14: =SUM(O14:Q14) | J14: =SUM(R14:T14) | K14: =SUM(U14:W14) | L14: =SUM(Weekly_Tracker!H31:L31) | M14: =SUM(Weekly_Tracker!M31:Q31) | N14: =SUM(Weekly_Tracker!R31:V31) | O14: =SUM(Weekly_Tracker!W31:AA31) | P14: =SUM(Weekly_Tracker!AB31:AF31) | Q14: =SUM(Weekly_Tracker!AG31:AK31) | R14: =SUM(Weekly_Tracker!AL31:AP31) | S14: =SUM(Weekly_Tracker!AQ31:AU31) | T14: =SUM(Weekly_Tracker!AV31:AZ31) | U14: =SUM(Weekly_Tracker!BA31:BE31) | V14: =SUM(Weekly_Tracker!BF31:BJ31) | W14: =SUM(Weekly_Tracker!BK31:BO31) | X14: =H14 | Y14: =X14+I14 | Z14: =Y14+J14 | AA14: =Z14+K14
A15: =IF($B15="","",$B15&"|"&$D15) | B15: =IFERROR(INDEX(Team_Master!$C$6:$C$20,2),"") | C15: =IFERROR(INDEX(Team_Master!$G$6:$G$20,2),"") | D15: K5 | E15: Spec-in Design (submitted design) | F15: Designs | G15: =SUM(H15:K15) | H15: =SUM(L15:N15) | I15: =SUM(O15:Q15) | J15: =SUM(R15:T15) | K15: =SUM(U15:W15) | L15: =SUM(Weekly_Tracker!H34:L34) | M15: =SUM(Weekly_Tracker!M34:Q34) | N15: =SUM(Weekly_Tracker!R34:V34) | O15: =SUM(Weekly_Tracker!W34:AA34) | P15: =SUM(Weekly_Tracker!AB34:AF34) | Q15: =SUM(Weekly_Tracker!AG34:AK34) | R15: =SUM(Weekly_Tracker!AL34:AP34) | S15: =SUM(Weekly_Tracker!AQ34:AU34) | T15: =SUM(Weekly_Tracker!AV34:AZ34) | U15: =SUM(Weekly_Tracker!BA34:BE34) | V15: =SUM(Weekly_Tracker!BF34:BJ34) | W15: =SUM(Weekly_Tracker!BK34:BO34) | X15: =H15 | Y15: =X15+I15 | Z15: =Y15+J15 | AA15: =Z15+K15
A16: =IF($B16="","",$B16&"|"&$D16) | B16: =IFERROR(INDEX(Team_Master!$C$6:$C$20,3),"") | C16: =IFERROR(INDEX(Team_Master!$G$6:$G$20,3),"") | D16: K1 | E16: Invoiced Value | F16: MVND | G16: =SUM(H16:K16) | H16: =SUM(L16:N16) | I16: =SUM(O16:Q16) | J16: =SUM(R16:T16) | K16: =SUM(U16:W16) | L16: =SUM(Weekly_Tracker!H37:L37) | M16: =SUM(Weekly_Tracker!M37:Q37) | N16: =SUM(Weekly_Tracker!R37:V37) | O16: =SUM(Weekly_Tracker!W37:AA37) | P16: =SUM(Weekly_Tracker!AB37:AF37) | Q16: =SUM(Weekly_Tracker!AG37:AK37) | R16: =SUM(Weekly_Tracker!AL37:AP37) | S16: =SUM(Weekly_Tracker!AQ37:AU37) | T16: =SUM(Weekly_Tracker!AV37:AZ37) | U16: =SUM(Weekly_Tracker!BA37:BE37) | V16: =SUM(Weekly_Tracker!BF37:BJ37) | W16: =SUM(Weekly_Tracker!BK37:BO37) | X16: =H16 | Y16: =X16+I16 | Z16: =Y16+J16 | AA16: =Z16+K16
A17: =IF($B17="","",$B17&"|"&$D17) | B17: =IFERROR(INDEX(Team_Master!$C$6:$C$20,3),"") | C17: =IFERROR(INDEX(Team_Master!$G$6:$G$20,3),"") | D17: K2 | E17: Key account approach / Site check | F17: Roadshow | G17: =SUM(H17:K17) | H17: =SUM(L17:N17) | I17: =SUM(O17:Q17) | J17: =SUM(R17:T17) | K17: =SUM(U17:W17) | L17: =SUM(Weekly_Tracker!H40:L40) | M17: =SUM(Weekly_Tracker!M40:Q40) | N17: =SUM(Weekly_Tracker!R40:V40) | O17: =SUM(Weekly_Tracker!W40:AA40) | P17: =SUM(Weekly_Tracker!AB40:AF40) | Q17: =SUM(Weekly_Tracker!AG40:AK40) | R17: =SUM(Weekly_Tracker!AL40:AP40) | S17: =SUM(Weekly_Tracker!AQ40:AU40) | T17: =SUM(Weekly_Tracker!AV40:AZ40) | U17: =SUM(Weekly_Tracker!BA40:BE40) | V17: =SUM(Weekly_Tracker!BF40:BJ40) | W17: =SUM(Weekly_Tracker!BK40:BO40) | X17: =H17 | Y17: =X17+I17 | Z17: =Y17+J17 | AA17: =Z17+K17
A18: =IF($B18="","",$B18&"|"&$D18) | B18: =IFERROR(INDEX(Team_Master!$C$6:$C$20,3),"") | C18: =IFERROR(INDEX(Team_Master!$G$6:$G$20,3),"") | D18: K3 | E18: Spec-in Value | F18: MVND | G18: =SUM(H18:K18) | H18: =SUM(L18:N18) | I18: =SUM(O18:Q18) | J18: =SUM(R18:T18) | K18: =SUM(U18:W18) | L18: =SUM(Weekly_Tracker!H43:L43) | M18: =SUM(Weekly_Tracker!M43:Q43) | N18: =SUM(Weekly_Tracker!R43:V43) | O18: =SUM(Weekly_Tracker!W43:AA43) | P18: =SUM(Weekly_Tracker!AB43:AF43) | Q18: =SUM(Weekly_Tracker!AG43:AK43) | R18: =SUM(Weekly_Tracker!AL43:AP43) | S18: =SUM(Weekly_Tracker!AQ43:AU43) | T18: =SUM(Weekly_Tracker!AV43:AZ43) | U18: =SUM(Weekly_Tracker!BA43:BE43) | V18: =SUM(Weekly_Tracker!BF43:BJ43) | W18: =SUM(Weekly_Tracker!BK43:BO43) | X18: =H18 | Y18: =X18+I18 | Z18: =Y18+J18 | AA18: =Z18+K18
A19: =IF($B19="","",$B19&"|"&$D19) | B19: =IFERROR(INDEX(Team_Master!$C$6:$C$20,3),"") | C19: =IFERROR(INDEX(Team_Master!$G$6:$G$20,3),"") | D19: K4 | E19: Engaged Architect (Submit Design) | F19: D&B | G19: =SUM(H19:K19) | H19: =SUM(L19:N19) | I19: =SUM(O19:Q19) | J19: =SUM(R19:T19) | K19: =SUM(U19:W19) | L19: =SUM(Weekly_Tracker!H46:L46) | M19: =SUM(Weekly_Tracker!M46:Q46) | N19: =SUM(Weekly_Tracker!R46:V46) | O19: =SUM(Weekly_Tracker!W46:AA46) | P19: =SUM(Weekly_Tracker!AB46:AF46) | Q19: =SUM(Weekly_Tracker!AG46:AK46) | R19: =SUM(Weekly_Tracker!AL46:AP46) | S19: =SUM(Weekly_Tracker!AQ46:AU46) | T19: =SUM(Weekly_Tracker!AV46:AZ46) | U19: =SUM(Weekly_Tracker!BA46:BE46) | V19: =SUM(Weekly_Tracker!BF46:BJ46) | W19: =SUM(Weekly_Tracker!BK46:BO46) | X19: =H19 | Y19: =X19+I19 | Z19: =Y19+J19 | AA19: =Z19+K19
A20: =IF($B20="","",$B20&"|"&$D20) | B20: =IFERROR(INDEX(Team_Master!$C$6:$C$20,3),"") | C20: =IFERROR(INDEX(Team_Master!$G$6:$G$20,3),"") | D20: K5 | E20: Spec-in Design (submitted design) | F20: Designs | G20: =SUM(H20:K20) | H20: =SUM(L20:N20) | I20: =SUM(O20:Q20) | J20: =SUM(R20:T20) | K20: =SUM(U20:W20) | L20: =SUM(Weekly_Tracker!H49:L49) | M20: =SUM(Weekly_Tracker!M49:Q49) | N20: =SUM(Weekly_Tracker!R49:V49) | O20: =SUM(Weekly_Tracker!W49:AA49) | P20: =SUM(Weekly_Tracker!AB49:AF49) | Q20: =SUM(Weekly_Tracker!AG49:AK49) | R20: =SUM(Weekly_Tracker!AL49:AP49) | S20: =SUM(Weekly_Tracker!AQ49:AU49) | T20: =SUM(Weekly_Tracker!AV49:AZ49) | U20: =SUM(Weekly_Tracker!BA49:BE49) | V20: =SUM(Weekly_Tracker!BF49:BJ49) | W20: =SUM(Weekly_Tracker!BK49:BO49) | X20: =H20 | Y20: =X20+I20 | Z20: =Y20+J20 | AA20: =Z20+K20
A21: =IF($B21="","",$B21&"|"&$D21) | B21: =IFERROR(INDEX(Team_Master!$C$6:$C$20,4),"") | C21: =IFERROR(INDEX(Team_Master!$G$6:$G$20,4),"") | D21: K1 | E21: Invoiced Value | F21: MVND | G21: =SUM(H21:K21) | H21: =SUM(L21:N21) | I21: =SUM(O21:Q21) | J21: =SUM(R21:T21) | K21: =SUM(U21:W21) | L21: =SUM(Weekly_Tracker!H52:L52) | M21: =SUM(Weekly_Tracker!M52:Q52) | N21: =SUM(Weekly_Tracker!R52:V52) | O21: =SUM(Weekly_Tracker!W52:AA52) | P21: =SUM(Weekly_Tracker!AB52:AF52) | Q21: =SUM(Weekly_Tracker!AG52:AK52) | R21: =SUM(Weekly_Tracker!AL52:AP52) | S21: =SUM(Weekly_Tracker!AQ52:AU52) | T21: =SUM(Weekly_Tracker!AV52:AZ52) | U21: =SUM(Weekly_Tracker!BA52:BE52) | V21: =SUM(Weekly_Tracker!BF52:BJ52) | W21: =SUM(Weekly_Tracker!BK52:BO52) | X21: =H21 | Y21: =X21+I21 | Z21: =Y21+J21 | AA21: =Z21+K21
A22: =IF($B22="","",$B22&"|"&$D22) | B22: =IFERROR(INDEX(Team_Master!$C$6:$C$20,4),"") | C22: =IFERROR(INDEX(Team_Master!$G$6:$G$20,4),"") | D22: K2 | E22: Key account approach / Site check | F22: Roadshow | G22: =SUM(H22:K22) | H22: =SUM(L22:N22) | I22: =SUM(O22:Q22) | J22: =SUM(R22:T22) | K22: =SUM(U22:W22) | L22: =SUM(Weekly_Tracker!H55:L55) | M22: =SUM(Weekly_Tracker!M55:Q55) | N22: =SUM(Weekly_Tracker!R55:V55) | O22: =SUM(Weekly_Tracker!W55:AA55) | P22: =SUM(Weekly_Tracker!AB55:AF55) | Q22: =SUM(Weekly_Tracker!AG55:AK55) | R22: =SUM(Weekly_Tracker!AL55:AP55) | S22: =SUM(Weekly_Tracker!AQ55:AU55) | T22: =SUM(Weekly_Tracker!AV55:AZ55) | U22: =SUM(Weekly_Tracker!BA55:BE55) | V22: =SUM(Weekly_Tracker!BF55:BJ55) | W22: =SUM(Weekly_Tracker!BK55:BO55) | X22: =H22 | Y22: =X22+I22 | Z22: =Y22+J22 | AA22: =Z22+K22
A23: =IF($B23="","",$B23&"|"&$D23) | B23: =IFERROR(INDEX(Team_Master!$C$6:$C$20,4),"") | C23: =IFERROR(INDEX(Team_Master!$G$6:$G$20,4),"") | D23: K3 | E23: Spec-in Value | F23: MVND | G23: =SUM(H23:K23) | H23: =SUM(L23:N23) | I23: =SUM(O23:Q23) | J23: =SUM(R23:T23) | K23: =SUM(U23:W23) | L23: =SUM(Weekly_Tracker!H58:L58) | M23: =SUM(Weekly_Tracker!M58:Q58) | N23: =SUM(Weekly_Tracker!R58:V58) | O23: =SUM(Weekly_Tracker!W58:AA58) | P23: =SUM(Weekly_Tracker!AB58:AF58) | Q23: =SUM(Weekly_Tracker!AG58:AK58) | R23: =SUM(Weekly_Tracker!AL58:AP58) | S23: =SUM(Weekly_Tracker!AQ58:AU58) | T23: =SUM(Weekly_Tracker!AV58:AZ58) | U23: =SUM(Weekly_Tracker!BA58:BE58) | V23: =SUM(Weekly_Tracker!BF58:BJ58) | W23: =SUM(Weekly_Tracker!BK58:BO58) | X23: =H23 | Y23: =X23+I23 | Z23: =Y23+J23 | AA23: =Z23+K23
A24: =IF($B24="","",$B24&"|"&$D24) | B24: =IFERROR(INDEX(Team_Master!$C$6:$C$20,4),"") | C24: =IFERROR(INDEX(Team_Master!$G$6:$G$20,4),"") | D24: K4 | E24: Engaged Architect (Submit Design) | F24: D&B | G24: =SUM(H24:K24) | H24: =SUM(L24:N24) | I24: =SUM(O24:Q24) | J24: =SUM(R24:T24) | K24: =SUM(U24:W24) | L24: =SUM(Weekly_Tracker!H61:L61) | M24: =SUM(Weekly_Tracker!M61:Q61) | N24: =SUM(Weekly_Tracker!R61:V61) | O24: =SUM(Weekly_Tracker!W61:AA61) | P24: =SUM(Weekly_Tracker!AB61:AF61) | Q24: =SUM(Weekly_Tracker!AG61:AK61) | R24: =SUM(Weekly_Tracker!AL61:AP61) | S24: =SUM(Weekly_Tracker!AQ61:AU61) | T24: =SUM(Weekly_Tracker!AV61:AZ61) | U24: =SUM(Weekly_Tracker!BA61:BE61) | V24: =SUM(Weekly_Tracker!BF61:BJ61) | W24: =SUM(Weekly_Tracker!BK61:BO61) | X24: =H24 | Y24: =X24+I24 | Z24: =Y24+J24 | AA24: =Z24+K24
A25: =IF($B25="","",$B25&"|"&$D25) | B25: =IFERROR(INDEX(Team_Master!$C$6:$C$20,4),"") | C25: =IFERROR(INDEX(Team_Master!$G$6:$G$20,4),"") | D25: K5 | E25: Spec-in Design (submitted design) | F25: Designs | G25: =SUM(H25:K25) | H25: =SUM(L25:N25) | I25: =SUM(O25:Q25) | J25: =SUM(R25:T25) | K25: =SUM(U25:W25) | L25: =SUM(Weekly_Tracker!H64:L64) | M25: =SUM(Weekly_Tracker!M64:Q64) | N25: =SUM(Weekly_Tracker!R64:V64) | O25: =SUM(Weekly_Tracker!W64:AA64) | P25: =SUM(Weekly_Tracker!AB64:AF64) | Q25: =SUM(Weekly_Tracker!AG64:AK64) | R25: =SUM(Weekly_Tracker!AL64:AP64) | S25: =SUM(Weekly_Tracker!AQ64:AU64) | T25: =SUM(Weekly_Tracker!AV64:AZ64) | U25: =SUM(Weekly_Tracker!BA64:BE64) | V25: =SUM(Weekly_Tracker!BF64:BJ64) | W25: =SUM(Weekly_Tracker!BK64:BO64) | X25: =H25 | Y25: =X25+I25 | Z25: =Y25+J25 | AA25: =Z25+K25
A26: =IF($B26="","",$B26&"|"&$D26) | B26: =IFERROR(INDEX(Team_Master!$C$6:$C$20,5),"") | C26: =IFERROR(INDEX(Team_Master!$G$6:$G$20,5),"") | D26: K1 | E26: Invoiced Value | F26: MVND | G26: =SUM(H26:K26) | H26: =SUM(L26:N26) | I26: =SUM(O26:Q26) | J26: =SUM(R26:T26) | K26: =SUM(U26:W26) | L26: =SUM(Weekly_Tracker!H67:L67) | M26: =SUM(Weekly_Tracker!M67:Q67) | N26: =SUM(Weekly_Tracker!R67:V67) | O26: =SUM(Weekly_Tracker!W67:AA67) | P26: =SUM(Weekly_Tracker!AB67:AF67) | Q26: =SUM(Weekly_Tracker!AG67:AK67) | R26: =SUM(Weekly_Tracker!AL67:AP67) | S26: =SUM(Weekly_Tracker!AQ67:AU67) | T26: =SUM(Weekly_Tracker!AV67:AZ67) | U26: =SUM(Weekly_Tracker!BA67:BE67) | V26: =SUM(Weekly_Tracker!BF67:BJ67) | W26: =SUM(Weekly_Tracker!BK67:BO67) | X26: =H26 | Y26: =X26+I26 | Z26: =Y26+J26 | AA26: =Z26+K26
A27: =IF($B27="","",$B27&"|"&$D27) | B27: =IFERROR(INDEX(Team_Master!$C$6:$C$20,5),"") | C27: =IFERROR(INDEX(Team_Master!$G$6:$G$20,5),"") | D27: K2 | E27: Key account approach / Site check | F27: Roadshow | G27: =SUM(H27:K27) | H27: =SUM(L27:N27) | I27: =SUM(O27:Q27) | J27: =SUM(R27:T27) | K27: =SUM(U27:W27) | L27: =SUM(Weekly_Tracker!H70:L70) | M27: =SUM(Weekly_Tracker!M70:Q70) | N27: =SUM(Weekly_Tracker!R70:V70) | O27: =SUM(Weekly_Tracker!W70:AA70) | P27: =SUM(Weekly_Tracker!AB70:AF70) | Q27: =SUM(Weekly_Tracker!AG70:AK70) | R27: =SUM(Weekly_Tracker!AL70:AP70) | S27: =SUM(Weekly_Tracker!AQ70:AU70) | T27: =SUM(Weekly_Tracker!AV70:AZ70) | U27: =SUM(Weekly_Tracker!BA70:BE70) | V27: =SUM(Weekly_Tracker!BF70:BJ70) | W27: =SUM(Weekly_Tracker!BK70:BO70) | X27: =H27 | Y27: =X27+I27 | Z27: =Y27+J27 | AA27: =Z27+K27
A28: =IF($B28="","",$B28&"|"&$D28) | B28: =IFERROR(INDEX(Team_Master!$C$6:$C$20,5),"") | C28: =IFERROR(INDEX(Team_Master!$G$6:$G$20,5),"") | D28: K3 | E28: Spec-in Value | F28: MVND | G28: =SUM(H28:K28) | H28: =SUM(L28:N28) | I28: =SUM(O28:Q28) | J28: =SUM(R28:T28) | K28: =SUM(U28:W28) | L28: =SUM(Weekly_Tracker!H73:L73) | M28: =SUM(Weekly_Tracker!M73:Q73) | N28: =SUM(Weekly_Tracker!R73:V73) | O28: =SUM(Weekly_Tracker!W73:AA73) | P28: =SUM(Weekly_Tracker!AB73:AF73) | Q28: =SUM(Weekly_Tracker!AG73:AK73) | R28: =SUM(Weekly_Tracker!AL73:AP73) | S28: =SUM(Weekly_Tracker!AQ73:AU73) | T28: =SUM(Weekly_Tracker!AV73:AZ73) | U28: =SUM(Weekly_Tracker!BA73:BE73) | V28: =SUM(Weekly_Tracker!BF73:BJ73) | W28: =SUM(Weekly_Tracker!BK73:BO73) | X28: =H28 | Y28: =X28+I28 | Z28: =Y28+J28 | AA28: =Z28+K28
A29: =IF($B29="","",$B29&"|"&$D29) | B29: =IFERROR(INDEX(Team_Master!$C$6:$C$20,5),"") | C29: =IFERROR(INDEX(Team_Master!$G$6:$G$20,5),"") | D29: K4 | E29: Engaged Architect (Submit Design) | F29: D&B | G29: =SUM(H29:K29) | H29: =SUM(L29:N29) | I29: =SUM(O29:Q29) | J29: =SUM(R29:T29) | K29: =SUM(U29:W29) | L29: =SUM(Weekly_Tracker!H76:L76) | M29: =SUM(Weekly_Tracker!M76:Q76) | N29: =SUM(Weekly_Tracker!R76:V76) | O29: =SUM(Weekly_Tracker!W76:AA76) | P29: =SUM(Weekly_Tracker!AB76:AF76) | Q29: =SUM(Weekly_Tracker!AG76:AK76) | R29: =SUM(Weekly_Tracker!AL76:AP76) | S29: =SUM(Weekly_Tracker!AQ76:AU76) | T29: =SUM(Weekly_Tracker!AV76:AZ76) | U29: =SUM(Weekly_Tracker!BA76:BE76) | V29: =SUM(Weekly_Tracker!BF76:BJ76) | W29: =SUM(Weekly_Tracker!BK76:BO76) | X29: =H29 | Y29: =X29+I29 | Z29: =Y29+J29 | AA29: =Z29+K29
A30: =IF($B30="","",$B30&"|"&$D30) | B30: =IFERROR(INDEX(Team_Master!$C$6:$C$20,5),"") | C30: =IFERROR(INDEX(Team_Master!$G$6:$G$20,5),"") | D30: K5 | E30: Spec-in Design (submitted design) | F30: Designs | G30: =SUM(H30:K30) | H30: =SUM(L30:N30) | I30: =SUM(O30:Q30) | J30: =SUM(R30:T30) | K30: =SUM(U30:W30) | L30: =SUM(Weekly_Tracker!H79:L79) | M30: =SUM(Weekly_Tracker!M79:Q79) | N30: =SUM(Weekly_Tracker!R79:V79) | O30: =SUM(Weekly_Tracker!W79:AA79) | P30: =SUM(Weekly_Tracker!AB79:AF79) | Q30: =SUM(Weekly_Tracker!AG79:AK79) | R30: =SUM(Weekly_Tracker!AL79:AP79) | S30: =SUM(Weekly_Tracker!AQ79:AU79) | T30: =SUM(Weekly_Tracker!AV79:AZ79) | U30: =SUM(Weekly_Tracker!BA79:BE79) | V30: =SUM(Weekly_Tracker!BF79:BJ79) | W30: =SUM(Weekly_Tracker!BK79:BO79) | X30: =H30 | Y30: =X30+I30 | Z30: =Y30+J30 | AA30: =Z30+K30
A31: =IF($B31="","",$B31&"|"&$D31) | B31: =IFERROR(INDEX(Team_Master!$C$6:$C$20,6),"") | C31: =IFERROR(INDEX(Team_Master!$G$6:$G$20,6),"") | D31: K1 | E31: Invoiced Value | F31: MVND | G31: =SUM(H31:K31) | H31: =SUM(L31:N31) | I31: =SUM(O31:Q31) | J31: =SUM(R31:T31) | K31: =SUM(U31:W31) | L31: =SUM(Weekly_Tracker!H82:L82) | M31: =SUM(Weekly_Tracker!M82:Q82) | N31: =SUM(Weekly_Tracker!R82:V82) | O31: =SUM(Weekly_Tracker!W82:AA82) | P31: =SUM(Weekly_Tracker!AB82:AF82) | Q31: =SUM(Weekly_Tracker!AG82:AK82) | R31: =SUM(Weekly_Tracker!AL82:AP82) | S31: =SUM(Weekly_Tracker!AQ82:AU82) | T31: =SUM(Weekly_Tracker!AV82:AZ82) | U31: =SUM(Weekly_Tracker!BA82:BE82) | V31: =SUM(Weekly_Tracker!BF82:BJ82) | W31: =SUM(Weekly_Tracker!BK82:BO82) | X31: =H31 | Y31: =X31+I31 | Z31: =Y31+J31 | AA31: =Z31+K31
A32: =IF($B32="","",$B32&"|"&$D32) | B32: =IFERROR(INDEX(Team_Master!$C$6:$C$20,6),"") | C32: =IFERROR(INDEX(Team_Master!$G$6:$G$20,6),"") | D32: K2 | E32: Key account approach / Site check | F32: Roadshow | G32: =SUM(H32:K32) | H32: =SUM(L32:N32) | I32: =SUM(O32:Q32) | J32: =SUM(R32:T32) | K32: =SUM(U32:W32) | L32: =SUM(Weekly_Tracker!H85:L85) | M32: =SUM(Weekly_Tracker!M85:Q85) | N32: =SUM(Weekly_Tracker!R85:V85) | O32: =SUM(Weekly_Tracker!W85:AA85) | P32: =SUM(Weekly_Tracker!AB85:AF85) | Q32: =SUM(Weekly_Tracker!AG85:AK85) | R32: =SUM(Weekly_Tracker!AL85:AP85) | S32: =SUM(Weekly_Tracker!AQ85:AU85) | T32: =SUM(Weekly_Tracker!AV85:AZ85) | U32: =SUM(Weekly_Tracker!BA85:BE85) | V32: =SUM(Weekly_Tracker!BF85:BJ85) | W32: =SUM(Weekly_Tracker!BK85:BO85) | X32: =H32 | Y32: =X32+I32 | Z32: =Y32+J32 | AA32: =Z32+K32
A33: =IF($B33="","",$B33&"|"&$D33) | B33: =IFERROR(INDEX(Team_Master!$C$6:$C$20,6),"") | C33: =IFERROR(INDEX(Team_Master!$G$6:$G$20,6),"") | D33: K3 | E33: Spec-in Value | F33: MVND | G33: =SUM(H33:K33) | H33: =SUM(L33:N33) | I33: =SUM(O33:Q33) | J33: =SUM(R33:T33) | K33: =SUM(U33:W33) | L33: =SUM(Weekly_Tracker!H88:L88) | M33: =SUM(Weekly_Tracker!M88:Q88) | N33: =SUM(Weekly_Tracker!R88:V88) | O33: =SUM(Weekly_Tracker!W88:AA88) | P33: =SUM(Weekly_Tracker!AB88:AF88) | Q33: =SUM(Weekly_Tracker!AG88:AK88) | R33: =SUM(Weekly_Tracker!AL88:AP88) | S33: =SUM(Weekly_Tracker!AQ88:AU88) | T33: =SUM(Weekly_Tracker!AV88:AZ88) | U33: =SUM(Weekly_Tracker!BA88:BE88) | V33: =SUM(Weekly_Tracker!BF88:BJ88) | W33: =SUM(Weekly_Tracker!BK88:BO88) | X33: =H33 | Y33: =X33+I33 | Z33: =Y33+J33 | AA33: =Z33+K33
A34: =IF($B34="","",$B34&"|"&$D34) | B34: =IFERROR(INDEX(Team_Master!$C$6:$C$20,6),"") | C34: =IFERROR(INDEX(Team_Master!$G$6:$G$20,6),"") | D34: K4 | E34: Engaged Architect (Submit Design) | F34: D&B | G34: =SUM(H34:K34) | H34: =SUM(L34:N34) | I34: =SUM(O34:Q34) | J34: =SUM(R34:T34) | K34: =SUM(U34:W34) | L34: =SUM(Weekly_Tracker!H91:L91) | M34: =SUM(Weekly_Tracker!M91:Q91) | N34: =SUM(Weekly_Tracker!R91:V91) | O34: =SUM(Weekly_Tracker!W91:AA91) | P34: =SUM(Weekly_Tracker!AB91:AF91) | Q34: =SUM(Weekly_Tracker!AG91:AK91) | R34: =SUM(Weekly_Tracker!AL91:AP91) | S34: =SUM(Weekly_Tracker!AQ91:AU91) | T34: =SUM(Weekly_Tracker!AV91:AZ91) | U34: =SUM(Weekly_Tracker!BA91:BE91) | V34: =SUM(Weekly_Tracker!BF91:BJ91) | W34: =SUM(Weekly_Tracker!BK91:BO91) | X34: =H34 | Y34: =X34+I34 | Z34: =Y34+J34 | AA34: =Z34+K34
A35: =IF($B35="","",$B35&"|"&$D35) | B35: =IFERROR(INDEX(Team_Master!$C$6:$C$20,6),"") | C35: =IFERROR(INDEX(Team_Master!$G$6:$G$20,6),"") | D35: K5 | E35: Spec-in Design (submitted design) | F35: Designs | G35: =SUM(H35:K35) | H35: =SUM(L35:N35) | I35: =SUM(O35:Q35) | J35: =SUM(R35:T35) | K35: =SUM(U35:W35) | L35: =SUM(Weekly_Tracker!H94:L94) | M35: =SUM(Weekly_Tracker!M94:Q94) | N35: =SUM(Weekly_Tracker!R94:V94) | O35: =SUM(Weekly_Tracker!W94:AA94) | P35: =SUM(Weekly_Tracker!AB94:AF94) | Q35: =SUM(Weekly_Tracker!AG94:AK94) | R35: =SUM(Weekly_Tracker!AL94:AP94) | S35: =SUM(Weekly_Tracker!AQ94:AU94) | T35: =SUM(Weekly_Tracker!AV94:AZ94) | U35: =SUM(Weekly_Tracker!BA94:BE94) | V35: =SUM(Weekly_Tracker!BF94:BJ94) | W35: =SUM(Weekly_Tracker!BK94:BO94) | X35: =H35 | Y35: =X35+I35 | Z35: =Y35+J35 | AA35: =Z35+K35
A36: =IF($B36="","",$B36&"|"&$D36) | B36: =IFERROR(INDEX(Team_Master!$C$6:$C$20,7),"") | C36: =IFERROR(INDEX(Team_Master!$G$6:$G$20,7),"") | D36: K1 | E36: Invoiced Value | F36: MVND | G36: =SUM(H36:K36) | H36: =SUM(L36:N36) | I36: =SUM(O36:Q36) | J36: =SUM(R36:T36) | K36: =SUM(U36:W36) | L36: =SUM(Weekly_Tracker!H97:L97) | M36: =SUM(Weekly_Tracker!M97:Q97) | N36: =SUM(Weekly_Tracker!R97:V97) | O36: =SUM(Weekly_Tracker!W97:AA97) | P36: =SUM(Weekly_Tracker!AB97:AF97) | Q36: =SUM(Weekly_Tracker!AG97:AK97) | R36: =SUM(Weekly_Tracker!AL97:AP97) | S36: =SUM(Weekly_Tracker!AQ97:AU97) | T36: =SUM(Weekly_Tracker!AV97:AZ97) | U36: =SUM(Weekly_Tracker!BA97:BE97) | V36: =SUM(Weekly_Tracker!BF97:BJ97) | W36: =SUM(Weekly_Tracker!BK97:BO97) | X36: =H36 | Y36: =X36+I36 | Z36: =Y36+J36 | AA36: =Z36+K36
A37: =IF($B37="","",$B37&"|"&$D37) | B37: =IFERROR(INDEX(Team_Master!$C$6:$C$20,7),"") | C37: =IFERROR(INDEX(Team_Master!$G$6:$G$20,7),"") | D37: K2 | E37: Key account approach / Site check | F37: Roadshow | G37: =SUM(H37:K37) | H37: =SUM(L37:N37) | I37: =SUM(O37:Q37) | J37: =SUM(R37:T37) | K37: =SUM(U37:W37) | L37: =SUM(Weekly_Tracker!H100:L100) | M37: =SUM(Weekly_Tracker!M100:Q100) | N37: =SUM(Weekly_Tracker!R100:V100) | O37: =SUM(Weekly_Tracker!W100:AA100) | P37: =SUM(Weekly_Tracker!AB100:AF100) | Q37: =SUM(Weekly_Tracker!AG100:AK100) | R37: =SUM(Weekly_Tracker!AL100:AP100) | S37: =SUM(Weekly_Tracker!AQ100:AU100) | T37: =SUM(Weekly_Tracker!AV100:AZ100) | U37: =SUM(Weekly_Tracker!BA100:BE100) | V37: =SUM(Weekly_Tracker!BF100:BJ100) | W37: =SUM(Weekly_Tracker!BK100:BO100) | X37: =H37 | Y37: =X37+I37 | Z37: =Y37+J37 | AA37: =Z37+K37
A38: =IF($B38="","",$B38&"|"&$D38) | B38: =IFERROR(INDEX(Team_Master!$C$6:$C$20,7),"") | C38: =IFERROR(INDEX(Team_Master!$G$6:$G$20,7),"") | D38: K3 | E38: Spec-in Value | F38: MVND | G38: =SUM(H38:K38) | H38: =SUM(L38:N38) | I38: =SUM(O38:Q38) | J38: =SUM(R38:T38) | K38: =SUM(U38:W38) | L38: =SUM(Weekly_Tracker!H103:L103) | M38: =SUM(Weekly_Tracker!M103:Q103) | N38: =SUM(Weekly_Tracker!R103:V103) | O38: =SUM(Weekly_Tracker!W103:AA103) | P38: =SUM(Weekly_Tracker!AB103:AF103) | Q38: =SUM(Weekly_Tracker!AG103:AK103) | R38: =SUM(Weekly_Tracker!AL103:AP103) | S38: =SUM(Weekly_Tracker!AQ103:AU103) | T38: =SUM(Weekly_Tracker!AV103:AZ103) | U38: =SUM(Weekly_Tracker!BA103:BE103) | V38: =SUM(Weekly_Tracker!BF103:BJ103) | W38: =SUM(Weekly_Tracker!BK103:BO103) | X38: =H38 | Y38: =X38+I38 | Z38: =Y38+J38 | AA38: =Z38+K38
A39: =IF($B39="","",$B39&"|"&$D39) | B39: =IFERROR(INDEX(Team_Master!$C$6:$C$20,7),"") | C39: =IFERROR(INDEX(Team_Master!$G$6:$G$20,7),"") | D39: K4 | E39: Engaged Architect (Submit Design) | F39: D&B | G39: =SUM(H39:K39) | H39: =SUM(L39:N39) | I39: =SUM(O39:Q39) | J39: =SUM(R39:T39) | K39: =SUM(U39:W39) | L39: =SUM(Weekly_Tracker!H106:L106) | M39: =SUM(Weekly_Tracker!M106:Q106) | N39: =SUM(Weekly_Tracker!R106:V106) | O39: =SUM(Weekly_Tracker!W106:AA106) | P39: =SUM(Weekly_Tracker!AB106:AF106) | Q39: =SUM(Weekly_Tracker!AG106:AK106) | R39: =SUM(Weekly_Tracker!AL106:AP106) | S39: =SUM(Weekly_Tracker!AQ106:AU106) | T39: =SUM(Weekly_Tracker!AV106:AZ106) | U39: =SUM(Weekly_Tracker!BA106:BE106) | V39: =SUM(Weekly_Tracker!BF106:BJ106) | W39: =SUM(Weekly_Tracker!BK106:BO106) | X39: =H39 | Y39: =X39+I39 | Z39: =Y39+J39 | AA39: =Z39+K39
A40: =IF($B40="","",$B40&"|"&$D40) | B40: =IFERROR(INDEX(Team_Master!$C$6:$C$20,7),"") | C40: =IFERROR(INDEX(Team_Master!$G$6:$G$20,7),"") | D40: K5 | E40: Spec-in Design (submitted design) | F40: Designs | G40: =SUM(H40:K40) | H40: =SUM(L40:N40) | I40: =SUM(O40:Q40) | J40: =SUM(R40:T40) | K40: =SUM(U40:W40) | L40: =SUM(Weekly_Tracker!H109:L109) | M40: =SUM(Weekly_Tracker!M109:Q109) | N40: =SUM(Weekly_Tracker!R109:V109) | O40: =SUM(Weekly_Tracker!W109:AA109) | P40: =SUM(Weekly_Tracker!AB109:AF109) | Q40: =SUM(Weekly_Tracker!AG109:AK109) | R40: =SUM(Weekly_Tracker!AL109:AP109) | S40: =SUM(Weekly_Tracker!AQ109:AU109) | T40: =SUM(Weekly_Tracker!AV109:AZ109) | U40: =SUM(Weekly_Tracker!BA109:BE109) | V40: =SUM(Weekly_Tracker!BF109:BJ109) | W40: =SUM(Weekly_Tracker!BK109:BO109) | X40: =H40 | Y40: =X40+I40 | Z40: =Y40+J40 | AA40: =Z40+K40
A41: =IF($B41="","",$B41&"|"&$D41) | B41: =IFERROR(INDEX(Team_Master!$C$6:$C$20,8),"") | C41: =IFERROR(INDEX(Team_Master!$G$6:$G$20,8),"") | D41: K1 | E41: Invoiced Value | F41: MVND | G41: =SUM(H41:K41) | H41: =SUM(L41:N41) | I41: =SUM(O41:Q41) | J41: =SUM(R41:T41) | K41: =SUM(U41:W41) | L41: =SUM(Weekly_Tracker!H112:L112) | M41: =SUM(Weekly_Tracker!M112:Q112) | N41: =SUM(Weekly_Tracker!R112:V112) | O41: =SUM(Weekly_Tracker!W112:AA112) | P41: =SUM(Weekly_Tracker!AB112:AF112) | Q41: =SUM(Weekly_Tracker!AG112:AK112) | R41: =SUM(Weekly_Tracker!AL112:AP112) | S41: =SUM(Weekly_Tracker!AQ112:AU112) | T41: =SUM(Weekly_Tracker!AV112:AZ112) | U41: =SUM(Weekly_Tracker!BA112:BE112) | V41: =SUM(Weekly_Tracker!BF112:BJ112) | W41: =SUM(Weekly_Tracker!BK112:BO112) | X41: =H41 | Y41: =X41+I41 | Z41: =Y41+J41 | AA41: =Z41+K41
A42: =IF($B42="","",$B42&"|"&$D42) | B42: =IFERROR(INDEX(Team_Master!$C$6:$C$20,8),"") | C42: =IFERROR(INDEX(Team_Master!$G$6:$G$20,8),"") | D42: K2 | E42: Key account approach / Site check | F42: Roadshow | G42: =SUM(H42:K42) | H42: =SUM(L42:N42) | I42: =SUM(O42:Q42) | J42: =SUM(R42:T42) | K42: =SUM(U42:W42) | L42: =SUM(Weekly_Tracker!H115:L115) | M42: =SUM(Weekly_Tracker!M115:Q115) | N42: =SUM(Weekly_Tracker!R115:V115) | O42: =SUM(Weekly_Tracker!W115:AA115) | P42: =SUM(Weekly_Tracker!AB115:AF115) | Q42: =SUM(Weekly_Tracker!AG115:AK115) | R42: =SUM(Weekly_Tracker!AL115:AP115) | S42: =SUM(Weekly_Tracker!AQ115:AU115) | T42: =SUM(Weekly_Tracker!AV115:AZ115) | U42: =SUM(Weekly_Tracker!BA115:BE115) | V42: =SUM(Weekly_Tracker!BF115:BJ115) | W42: =SUM(Weekly_Tracker!BK115:BO115) | X42: =H42 | Y42: =X42+I42 | Z42: =Y42+J42 | AA42: =Z42+K42
A43: =IF($B43="","",$B43&"|"&$D43) | B43: =IFERROR(INDEX(Team_Master!$C$6:$C$20,8),"") | C43: =IFERROR(INDEX(Team_Master!$G$6:$G$20,8),"") | D43: K3 | E43: Spec-in Value | F43: MVND | G43: =SUM(H43:K43) | H43: =SUM(L43:N43) | I43: =SUM(O43:Q43) | J43: =SUM(R43:T43) | K43: =SUM(U43:W43) | L43: =SUM(Weekly_Tracker!H118:L118) | M43: =SUM(Weekly_Tracker!M118:Q118) | N43: =SUM(Weekly_Tracker!R118:V118) | O43: =SUM(Weekly_Tracker!W118:AA118) | P43: =SUM(Weekly_Tracker!AB118:AF118) | Q43: =SUM(Weekly_Tracker!AG118:AK118) | R43: =SUM(Weekly_Tracker!AL118:AP118) | S43: =SUM(Weekly_Tracker!AQ118:AU118) | T43: =SUM(Weekly_Tracker!AV118:AZ118) | U43: =SUM(Weekly_Tracker!BA118:BE118) | V43: =SUM(Weekly_Tracker!BF118:BJ118) | W43: =SUM(Weekly_Tracker!BK118:BO118) | X43: =H43 | Y43: =X43+I43 | Z43: =Y43+J43 | AA43: =Z43+K43
A44: =IF($B44="","",$B44&"|"&$D44) | B44: =IFERROR(INDEX(Team_Master!$C$6:$C$20,8),"") | C44: =IFERROR(INDEX(Team_Master!$G$6:$G$20,8),"") | D44: K4 | E44: Engaged Architect (Submit Design) | F44: D&B | G44: =SUM(H44:K44) | H44: =SUM(L44:N44) | I44: =SUM(O44:Q44) | J44: =SUM(R44:T44) | K44: =SUM(U44:W44) | L44: =SUM(Weekly_Tracker!H121:L121) | M44: =SUM(Weekly_Tracker!M121:Q121) | N44: =SUM(Weekly_Tracker!R121:V121) | O44: =SUM(Weekly_Tracker!W121:AA121) | P44: =SUM(Weekly_Tracker!AB121:AF121) | Q44: =SUM(Weekly_Tracker!AG121:AK121) | R44: =SUM(Weekly_Tracker!AL121:AP121) | S44: =SUM(Weekly_Tracker!AQ121:AU121) | T44: =SUM(Weekly_Tracker!AV121:AZ121) | U44: =SUM(Weekly_Tracker!BA121:BE121) | V44: =SUM(Weekly_Tracker!BF121:BJ121) | W44: =SUM(Weekly_Tracker!BK121:BO121) | X44: =H44 | Y44: =X44+I44 | Z44: =Y44+J44 | AA44: =Z44+K44
A45: =IF($B45="","",$B45&"|"&$D45) | B45: =IFERROR(INDEX(Team_Master!$C$6:$C$20,8),"") | C45: =IFERROR(INDEX(Team_Master!$G$6:$G$20,8),"") | D45: K5 | E45: Spec-in Design (submitted design) | F45: Designs | G45: =SUM(H45:K45) | H45: =SUM(L45:N45) | I45: =SUM(O45:Q45) | J45: =SUM(R45:T45) | K45: =SUM(U45:W45) | L45: =SUM(Weekly_Tracker!H124:L124) | M45: =SUM(Weekly_Tracker!M124:Q124) | N45: =SUM(Weekly_Tracker!R124:V124) | O45: =SUM(Weekly_Tracker!W124:AA124) | P45: =SUM(Weekly_Tracker!AB124:AF124) | Q45: =SUM(Weekly_Tracker!AG124:AK124) | R45: =SUM(Weekly_Tracker!AL124:AP124) | S45: =SUM(Weekly_Tracker!AQ124:AU124) | T45: =SUM(Weekly_Tracker!AV124:AZ124) | U45: =SUM(Weekly_Tracker!BA124:BE124) | V45: =SUM(Weekly_Tracker!BF124:BJ124) | W45: =SUM(Weekly_Tracker!BK124:BO124) | X45: =H45 | Y45: =X45+I45 | Z45: =Y45+J45 | AA45: =Z45+K45
A46: =IF($B46="","",$B46&"|"&$D46) | B46: =IFERROR(INDEX(Team_Master!$C$6:$C$20,9),"") | C46: =IFERROR(INDEX(Team_Master!$G$6:$G$20,9),"") | D46: K1 | E46: Invoiced Value | F46: MVND | G46: =SUM(H46:K46) | H46: =SUM(L46:N46) | I46: =SUM(O46:Q46) | J46: =SUM(R46:T46) | K46: =SUM(U46:W46) | L46: =SUM(Weekly_Tracker!H127:L127) | M46: =SUM(Weekly_Tracker!M127:Q127) | N46: =SUM(Weekly_Tracker!R127:V127) | O46: =SUM(Weekly_Tracker!W127:AA127) | P46: =SUM(Weekly_Tracker!AB127:AF127) | Q46: =SUM(Weekly_Tracker!AG127:AK127) | R46: =SUM(Weekly_Tracker!AL127:AP127) | S46: =SUM(Weekly_Tracker!AQ127:AU127) | T46: =SUM(Weekly_Tracker!AV127:AZ127) | U46: =SUM(Weekly_Tracker!BA127:BE127) | V46: =SUM(Weekly_Tracker!BF127:BJ127) | W46: =SUM(Weekly_Tracker!BK127:BO127) | X46: =H46 | Y46: =X46+I46 | Z46: =Y46+J46 | AA46: =Z46+K46
A47: =IF($B47="","",$B47&"|"&$D47) | B47: =IFERROR(INDEX(Team_Master!$C$6:$C$20,9),"") | C47: =IFERROR(INDEX(Team_Master!$G$6:$G$20,9),"") | D47: K2 | E47: Key account approach / Site check | F47: Roadshow | G47: =SUM(H47:K47) | H47: =SUM(L47:N47) | I47: =SUM(O47:Q47) | J47: =SUM(R47:T47) | K47: =SUM(U47:W47) | L47: =SUM(Weekly_Tracker!H130:L130) | M47: =SUM(Weekly_Tracker!M130:Q130) | N47: =SUM(Weekly_Tracker!R130:V130) | O47: =SUM(Weekly_Tracker!W130:AA130) | P47: =SUM(Weekly_Tracker!AB130:AF130) | Q47: =SUM(Weekly_Tracker!AG130:AK130) | R47: =SUM(Weekly_Tracker!AL130:AP130) | S47: =SUM(Weekly_Tracker!AQ130:AU130) | T47: =SUM(Weekly_Tracker!AV130:AZ130) | U47: =SUM(Weekly_Tracker!BA130:BE130) | V47: =SUM(Weekly_Tracker!BF130:BJ130) | W47: =SUM(Weekly_Tracker!BK130:BO130) | X47: =H47 | Y47: =X47+I47 | Z47: =Y47+J47 | AA47: =Z47+K47
A48: =IF($B48="","",$B48&"|"&$D48) | B48: =IFERROR(INDEX(Team_Master!$C$6:$C$20,9),"") | C48: =IFERROR(INDEX(Team_Master!$G$6:$G$20,9),"") | D48: K3 | E48: Spec-in Value | F48: MVND | G48: =SUM(H48:K48) | H48: =SUM(L48:N48) | I48: =SUM(O48:Q48) | J48: =SUM(R48:T48) | K48: =SUM(U48:W48) | L48: =SUM(Weekly_Tracker!H133:L133) | M48: =SUM(Weekly_Tracker!M133:Q133) | N48: =SUM(Weekly_Tracker!R133:V133) | O48: =SUM(Weekly_Tracker!W133:AA133) | P48: =SUM(Weekly_Tracker!AB133:AF133) | Q48: =SUM(Weekly_Tracker!AG133:AK133) | R48: =SUM(Weekly_Tracker!AL133:AP133) | S48: =SUM(Weekly_Tracker!AQ133:AU133) | T48: =SUM(Weekly_Tracker!AV133:AZ133) | U48: =SUM(Weekly_Tracker!BA133:BE133) | V48: =SUM(Weekly_Tracker!BF133:BJ133) | W48: =SUM(Weekly_Tracker!BK133:BO133) | X48: =H48 | Y48: =X48+I48 | Z48: =Y48+J48 | AA48: =Z48+K48
A49: =IF($B49="","",$B49&"|"&$D49) | B49: =IFERROR(INDEX(Team_Master!$C$6:$C$20,9),"") | C49: =IFERROR(INDEX(Team_Master!$G$6:$G$20,9),"") | D49: K4 | E49: Engaged Architect (Submit Design) | F49: D&B | G49: =SUM(H49:K49) | H49: =SUM(L49:N49) | I49: =SUM(O49:Q49) | J49: =SUM(R49:T49) | K49: =SUM(U49:W49) | L49: =SUM(Weekly_Tracker!H136:L136) | M49: =SUM(Weekly_Tracker!M136:Q136) | N49: =SUM(Weekly_Tracker!R136:V136) | O49: =SUM(Weekly_Tracker!W136:AA136) | P49: =SUM(Weekly_Tracker!AB136:AF136) | Q49: =SUM(Weekly_Tracker!AG136:AK136) | R49: =SUM(Weekly_Tracker!AL136:AP136) | S49: =SUM(Weekly_Tracker!AQ136:AU136) | T49: =SUM(Weekly_Tracker!AV136:AZ136) | U49: =SUM(Weekly_Tracker!BA136:BE136) | V49: =SUM(Weekly_Tracker!BF136:BJ136) | W49: =SUM(Weekly_Tracker!BK136:BO136) | X49: =H49 | Y49: =X49+I49 | Z49: =Y49+J49 | AA49: =Z49+K49
A50: =IF($B50="","",$B50&"|"&$D50) | B50: =IFERROR(INDEX(Team_Master!$C$6:$C$20,9),"") | C50: =IFERROR(INDEX(Team_Master!$G$6:$G$20,9),"") | D50: K5 | E50: Spec-in Design (submitted design) | F50: Designs | G50: =SUM(H50:K50) | H50: =SUM(L50:N50) | I50: =SUM(O50:Q50) | J50: =SUM(R50:T50) | K50: =SUM(U50:W50) | L50: =SUM(Weekly_Tracker!H139:L139) | M50: =SUM(Weekly_Tracker!M139:Q139) | N50: =SUM(Weekly_Tracker!R139:V139) | O50: =SUM(Weekly_Tracker!W139:AA139) | P50: =SUM(Weekly_Tracker!AB139:AF139) | Q50: =SUM(Weekly_Tracker!AG139:AK139) | R50: =SUM(Weekly_Tracker!AL139:AP139) | S50: =SUM(Weekly_Tracker!AQ139:AU139) | T50: =SUM(Weekly_Tracker!AV139:AZ139) | U50: =SUM(Weekly_Tracker!BA139:BE139) | V50: =SUM(Weekly_Tracker!BF139:BJ139) | W50: =SUM(Weekly_Tracker!BK139:BO139) | X50: =H50 | Y50: =X50+I50 | Z50: =Y50+J50 | AA50: =Z50+K50
A51: =IF($B51="","",$B51&"|"&$D51) | B51: =IFERROR(INDEX(Team_Master!$C$6:$C$20,10),"") | C51: =IFERROR(INDEX(Team_Master!$G$6:$G$20,10),"") | D51: K1 | E51: Invoiced Value | F51: MVND | G51: =SUM(H51:K51) | H51: =SUM(L51:N51) | I51: =SUM(O51:Q51) | J51: =SUM(R51:T51) | K51: =SUM(U51:W51) | L51: =SUM(Weekly_Tracker!H142:L142) | M51: =SUM(Weekly_Tracker!M142:Q142) | N51: =SUM(Weekly_Tracker!R142:V142) | O51: =SUM(Weekly_Tracker!W142:AA142) | P51: =SUM(Weekly_Tracker!AB142:AF142) | Q51: =SUM(Weekly_Tracker!AG142:AK142) | R51: =SUM(Weekly_Tracker!AL142:AP142) | S51: =SUM(Weekly_Tracker!AQ142:AU142) | T51: =SUM(Weekly_Tracker!AV142:AZ142) | U51: =SUM(Weekly_Tracker!BA142:BE142) | V51: =SUM(Weekly_Tracker!BF142:BJ142) | W51: =SUM(Weekly_Tracker!BK142:BO142) | X51: =H51 | Y51: =X51+I51 | Z51: =Y51+J51 | AA51: =Z51+K51
A52: =IF($B52="","",$B52&"|"&$D52) | B52: =IFERROR(INDEX(Team_Master!$C$6:$C$20,10),"") | C52: =IFERROR(INDEX(Team_Master!$G$6:$G$20,10),"") | D52: K2 | E52: Key account approach / Site check | F52: Roadshow | G52: =SUM(H52:K52) | H52: =SUM(L52:N52) | I52: =SUM(O52:Q52) | J52: =SUM(R52:T52) | K52: =SUM(U52:W52) | L52: =SUM(Weekly_Tracker!H145:L145) | M52: =SUM(Weekly_Tracker!M145:Q145) | N52: =SUM(Weekly_Tracker!R145:V145) | O52: =SUM(Weekly_Tracker!W145:AA145) | P52: =SUM(Weekly_Tracker!AB145:AF145) | Q52: =SUM(Weekly_Tracker!AG145:AK145) | R52: =SUM(Weekly_Tracker!AL145:AP145) | S52: =SUM(Weekly_Tracker!AQ145:AU145) | T52: =SUM(Weekly_Tracker!AV145:AZ145) | U52: =SUM(Weekly_Tracker!BA145:BE145) | V52: =SUM(Weekly_Tracker!BF145:BJ145) | W52: =SUM(Weekly_Tracker!BK145:BO145) | X52: =H52 | Y52: =X52+I52 | Z52: =Y52+J52 | AA52: =Z52+K52
A53: =IF($B53="","",$B53&"|"&$D53) | B53: =IFERROR(INDEX(Team_Master!$C$6:$C$20,10),"") | C53: =IFERROR(INDEX(Team_Master!$G$6:$G$20,10),"") | D53: K3 | E53: Spec-in Value | F53: MVND | G53: =SUM(H53:K53) | H53: =SUM(L53:N53) | I53: =SUM(O53:Q53) | J53: =SUM(R53:T53) | K53: =SUM(U53:W53) | L53: =SUM(Weekly_Tracker!H148:L148) | M53: =SUM(Weekly_Tracker!M148:Q148) | N53: =SUM(Weekly_Tracker!R148:V148) | O53: =SUM(Weekly_Tracker!W148:AA148) | P53: =SUM(Weekly_Tracker!AB148:AF148) | Q53: =SUM(Weekly_Tracker!AG148:AK148) | R53: =SUM(Weekly_Tracker!AL148:AP148) | S53: =SUM(Weekly_Tracker!AQ148:AU148) | T53: =SUM(Weekly_Tracker!AV148:AZ148) | U53: =SUM(Weekly_Tracker!BA148:BE148) | V53: =SUM(Weekly_Tracker!BF148:BJ148) | W53: =SUM(Weekly_Tracker!BK148:BO148) | X53: =H53 | Y53: =X53+I53 | Z53: =Y53+J53 | AA53: =Z53+K53
A54: =IF($B54="","",$B54&"|"&$D54) | B54: =IFERROR(INDEX(Team_Master!$C$6:$C$20,10),"") | C54: =IFERROR(INDEX(Team_Master!$G$6:$G$20,10),"") | D54: K4 | E54: Engaged Architect (Submit Design) | F54: D&B | G54: =SUM(H54:K54) | H54: =SUM(L54:N54) | I54: =SUM(O54:Q54) | J54: =SUM(R54:T54) | K54: =SUM(U54:W54) | L54: =SUM(Weekly_Tracker!H151:L151) | M54: =SUM(Weekly_Tracker!M151:Q151) | N54: =SUM(Weekly_Tracker!R151:V151) | O54: =SUM(Weekly_Tracker!W151:AA151) | P54: =SUM(Weekly_Tracker!AB151:AF151) | Q54: =SUM(Weekly_Tracker!AG151:AK151) | R54: =SUM(Weekly_Tracker!AL151:AP151) | S54: =SUM(Weekly_Tracker!AQ151:AU151) | T54: =SUM(Weekly_Tracker!AV151:AZ151) | U54: =SUM(Weekly_Tracker!BA151:BE151) | V54: =SUM(Weekly_Tracker!BF151:BJ151) | W54: =SUM(Weekly_Tracker!BK151:BO151) | X54: =H54 | Y54: =X54+I54 | Z54: =Y54+J54 | AA54: =Z54+K54
A55: =IF($B55="","",$B55&"|"&$D55) | B55: =IFERROR(INDEX(Team_Master!$C$6:$C$20,10),"") | C55: =IFERROR(INDEX(Team_Master!$G$6:$G$20,10),"") | D55: K5 | E55: Spec-in Design (submitted design) | F55: Designs | G55: =SUM(H55:K55) | H55: =SUM(L55:N55) | I55: =SUM(O55:Q55) | J55: =SUM(R55:T55) | K55: =SUM(U55:W55) | L55: =SUM(Weekly_Tracker!H154:L154) | M55: =SUM(Weekly_Tracker!M154:Q154) | N55: =SUM(Weekly_Tracker!R154:V154) | O55: =SUM(Weekly_Tracker!W154:AA154) | P55: =SUM(Weekly_Tracker!AB154:AF154) | Q55: =SUM(Weekly_Tracker!AG154:AK154) | R55: =SUM(Weekly_Tracker!AL154:AP154) | S55: =SUM(Weekly_Tracker!AQ154:AU154) | T55: =SUM(Weekly_Tracker!AV154:AZ154) | U55: =SUM(Weekly_Tracker!BA154:BE154) | V55: =SUM(Weekly_Tracker!BF154:BJ154) | W55: =SUM(Weekly_Tracker!BK154:BO154) | X55: =H55 | Y55: =X55+I55 | Z55: =Y55+J55 | AA55: =Z55+K55
A56: =IF($B56="","",$B56&"|"&$D56) | B56: =IFERROR(INDEX(Team_Master!$C$6:$C$20,11),"") | C56: =IFERROR(INDEX(Team_Master!$G$6:$G$20,11),"") | D56: K1 | E56: Invoiced Value | F56: MVND | G56: =SUM(H56:K56) | H56: =SUM(L56:N56) | I56: =SUM(O56:Q56) | J56: =SUM(R56:T56) | K56: =SUM(U56:W56) | L56: =SUM(Weekly_Tracker!H157:L157) | M56: =SUM(Weekly_Tracker!M157:Q157) | N56: =SUM(Weekly_Tracker!R157:V157) | O56: =SUM(Weekly_Tracker!W157:AA157) | P56: =SUM(Weekly_Tracker!AB157:AF157) | Q56: =SUM(Weekly_Tracker!AG157:AK157) | R56: =SUM(Weekly_Tracker!AL157:AP157) | S56: =SUM(Weekly_Tracker!AQ157:AU157) | T56: =SUM(Weekly_Tracker!AV157:AZ157) | U56: =SUM(Weekly_Tracker!BA157:BE157) | V56: =SUM(Weekly_Tracker!BF157:BJ157) | W56: =SUM(Weekly_Tracker!BK157:BO157) | X56: =H56 | Y56: =X56+I56 | Z56: =Y56+J56 | AA56: =Z56+K56
A57: =IF($B57="","",$B57&"|"&$D57) | B57: =IFERROR(INDEX(Team_Master!$C$6:$C$20,11),"") | C57: =IFERROR(INDEX(Team_Master!$G$6:$G$20,11),"") | D57: K2 | E57: Key account approach / Site check | F57: Roadshow | G57: =SUM(H57:K57) | H57: =SUM(L57:N57) | I57: =SUM(O57:Q57) | J57: =SUM(R57:T57) | K57: =SUM(U57:W57) | L57: =SUM(Weekly_Tracker!H160:L160) | M57: =SUM(Weekly_Tracker!M160:Q160) | N57: =SUM(Weekly_Tracker!R160:V160) | O57: =SUM(Weekly_Tracker!W160:AA160) | P57: =SUM(Weekly_Tracker!AB160:AF160) | Q57: =SUM(Weekly_Tracker!AG160:AK160) | R57: =SUM(Weekly_Tracker!AL160:AP160) | S57: =SUM(Weekly_Tracker!AQ160:AU160) | T57: =SUM(Weekly_Tracker!AV160:AZ160) | U57: =SUM(Weekly_Tracker!BA160:BE160) | V57: =SUM(Weekly_Tracker!BF160:BJ160) | W57: =SUM(Weekly_Tracker!BK160:BO160) | X57: =H57 | Y57: =X57+I57 | Z57: =Y57+J57 | AA57: =Z57+K57
A58: =IF($B58="","",$B58&"|"&$D58) | B58: =IFERROR(INDEX(Team_Master!$C$6:$C$20,11),"") | C58: =IFERROR(INDEX(Team_Master!$G$6:$G$20,11),"") | D58: K3 | E58: Spec-in Value | F58: MVND | G58: =SUM(H58:K58) | H58: =SUM(L58:N58) | I58: =SUM(O58:Q58) | J58: =SUM(R58:T58) | K58: =SUM(U58:W58) | L58: =SUM(Weekly_Tracker!H163:L163) | M58: =SUM(Weekly_Tracker!M163:Q163) | N58: =SUM(Weekly_Tracker!R163:V163) | O58: =SUM(Weekly_Tracker!W163:AA163) | P58: =SUM(Weekly_Tracker!AB163:AF163) | Q58: =SUM(Weekly_Tracker!AG163:AK163) | R58: =SUM(Weekly_Tracker!AL163:AP163) | S58: =SUM(Weekly_Tracker!AQ163:AU163) | T58: =SUM(Weekly_Tracker!AV163:AZ163) | U58: =SUM(Weekly_Tracker!BA163:BE163) | V58: =SUM(Weekly_Tracker!BF163:BJ163) | W58: =SUM(Weekly_Tracker!BK163:BO163) | X58: =H58 | Y58: =X58+I58 | Z58: =Y58+J58 | AA58: =Z58+K58
A59: =IF($B59="","",$B59&"|"&$D59) | B59: =IFERROR(INDEX(Team_Master!$C$6:$C$20,11),"") | C59: =IFERROR(INDEX(Team_Master!$G$6:$G$20,11),"") | D59: K4 | E59: Engaged Architect (Submit Design) | F59: D&B | G59: =SUM(H59:K59) | H59: =SUM(L59:N59) | I59: =SUM(O59:Q59) | J59: =SUM(R59:T59) | K59: =SUM(U59:W59) | L59: =SUM(Weekly_Tracker!H166:L166) | M59: =SUM(Weekly_Tracker!M166:Q166) | N59: =SUM(Weekly_Tracker!R166:V166) | O59: =SUM(Weekly_Tracker!W166:AA166) | P59: =SUM(Weekly_Tracker!AB166:AF166) | Q59: =SUM(Weekly_Tracker!AG166:AK166) | R59: =SUM(Weekly_Tracker!AL166:AP166) | S59: =SUM(Weekly_Tracker!AQ166:AU166) | T59: =SUM(Weekly_Tracker!AV166:AZ166) | U59: =SUM(Weekly_Tracker!BA166:BE166) | V59: =SUM(Weekly_Tracker!BF166:BJ166) | W59: =SUM(Weekly_Tracker!BK166:BO166) | X59: =H59 | Y59: =X59+I59 | Z59: =Y59+J59 | AA59: =Z59+K59
A60: =IF($B60="","",$B60&"|"&$D60) | B60: =IFERROR(INDEX(Team_Master!$C$6:$C$20,11),"") | C60: =IFERROR(INDEX(Team_Master!$G$6:$G$20,11),"") | D60: K5 | E60: Spec-in Design (submitted design) | F60: Designs | G60: =SUM(H60:K60) | H60: =SUM(L60:N60) | I60: =SUM(O60:Q60) | J60: =SUM(R60:T60) | K60: =SUM(U60:W60) | L60: =SUM(Weekly_Tracker!H169:L169) | M60: =SUM(Weekly_Tracker!M169:Q169) | N60: =SUM(Weekly_Tracker!R169:V169) | O60: =SUM(Weekly_Tracker!W169:AA169) | P60: =SUM(Weekly_Tracker!AB169:AF169) | Q60: =SUM(Weekly_Tracker!AG169:AK169) | R60: =SUM(Weekly_Tracker!AL169:AP169) | S60: =SUM(Weekly_Tracker!AQ169:AU169) | T60: =SUM(Weekly_Tracker!AV169:AZ169) | U60: =SUM(Weekly_Tracker!BA169:BE169) | V60: =SUM(Weekly_Tracker!BF169:BJ169) | W60: =SUM(Weekly_Tracker!BK169:BO169) | X60: =H60 | Y60: =X60+I60 | Z60: =Y60+J60 | AA60: =Z60+K60
A61: =IF($B61="","",$B61&"|"&$D61) | B61: =IFERROR(INDEX(Team_Master!$C$6:$C$20,12),"") | C61: =IFERROR(INDEX(Team_Master!$G$6:$G$20,12),"") | D61: K1 | E61: Invoiced Value | F61: MVND | G61: =SUM(H61:K61) | H61: =SUM(L61:N61) | I61: =SUM(O61:Q61) | J61: =SUM(R61:T61) | K61: =SUM(U61:W61) | L61: =SUM(Weekly_Tracker!H172:L172) | M61: =SUM(Weekly_Tracker!M172:Q172) | N61: =SUM(Weekly_Tracker!R172:V172) | O61: =SUM(Weekly_Tracker!W172:AA172) | P61: =SUM(Weekly_Tracker!AB172:AF172) | Q61: =SUM(Weekly_Tracker!AG172:AK172) | R61: =SUM(Weekly_Tracker!AL172:AP172) | S61: =SUM(Weekly_Tracker!AQ172:AU172) | T61: =SUM(Weekly_Tracker!AV172:AZ172) | U61: =SUM(Weekly_Tracker!BA172:BE172) | V61: =SUM(Weekly_Tracker!BF172:BJ172) | W61: =SUM(Weekly_Tracker!BK172:BO172) | X61: =H61 | Y61: =X61+I61 | Z61: =Y61+J61 | AA61: =Z61+K61
A62: =IF($B62="","",$B62&"|"&$D62) | B62: =IFERROR(INDEX(Team_Master!$C$6:$C$20,12),"") | C62: =IFERROR(INDEX(Team_Master!$G$6:$G$20,12),"") | D62: K2 | E62: Key account approach / Site check | F62: Roadshow | G62: =SUM(H62:K62) | H62: =SUM(L62:N62) | I62: =SUM(O62:Q62) | J62: =SUM(R62:T62) | K62: =SUM(U62:W62) | L62: =SUM(Weekly_Tracker!H175:L175) | M62: =SUM(Weekly_Tracker!M175:Q175) | N62: =SUM(Weekly_Tracker!R175:V175) | O62: =SUM(Weekly_Tracker!W175:AA175) | P62: =SUM(Weekly_Tracker!AB175:AF175) | Q62: =SUM(Weekly_Tracker!AG175:AK175) | R62: =SUM(Weekly_Tracker!AL175:AP175) | S62: =SUM(Weekly_Tracker!AQ175:AU175) | T62: =SUM(Weekly_Tracker!AV175:AZ175) | U62: =SUM(Weekly_Tracker!BA175:BE175) | V62: =SUM(Weekly_Tracker!BF175:BJ175) | W62: =SUM(Weekly_Tracker!BK175:BO175) | X62: =H62 | Y62: =X62+I62 | Z62: =Y62+J62 | AA62: =Z62+K62
A63: =IF($B63="","",$B63&"|"&$D63) | B63: =IFERROR(INDEX(Team_Master!$C$6:$C$20,12),"") | C63: =IFERROR(INDEX(Team_Master!$G$6:$G$20,12),"") | D63: K3 | E63: Spec-in Value | F63: MVND | G63: =SUM(H63:K63) | H63: =SUM(L63:N63) | I63: =SUM(O63:Q63) | J63: =SUM(R63:T63) | K63: =SUM(U63:W63) | L63: =SUM(Weekly_Tracker!H178:L178) | M63: =SUM(Weekly_Tracker!M178:Q178) | N63: =SUM(Weekly_Tracker!R178:V178) | O63: =SUM(Weekly_Tracker!W178:AA178) | P63: =SUM(Weekly_Tracker!AB178:AF178) | Q63: =SUM(Weekly_Tracker!AG178:AK178) | R63: =SUM(Weekly_Tracker!AL178:AP178) | S63: =SUM(Weekly_Tracker!AQ178:AU178) | T63: =SUM(Weekly_Tracker!AV178:AZ178) | U63: =SUM(Weekly_Tracker!BA178:BE178) | V63: =SUM(Weekly_Tracker!BF178:BJ178) | W63: =SUM(Weekly_Tracker!BK178:BO178) | X63: =H63 | Y63: =X63+I63 | Z63: =Y63+J63 | AA63: =Z63+K63
A64: =IF($B64="","",$B64&"|"&$D64) | B64: =IFERROR(INDEX(Team_Master!$C$6:$C$20,12),"") | C64: =IFERROR(INDEX(Team_Master!$G$6:$G$20,12),"") | D64: K4 | E64: Engaged Architect (Submit Design) | F64: D&B | G64: =SUM(H64:K64) | H64: =SUM(L64:N64) | I64: =SUM(O64:Q64) | J64: =SUM(R64:T64) | K64: =SUM(U64:W64) | L64: =SUM(Weekly_Tracker!H181:L181) | M64: =SUM(Weekly_Tracker!M181:Q181) | N64: =SUM(Weekly_Tracker!R181:V181) | O64: =SUM(Weekly_Tracker!W181:AA181) | P64: =SUM(Weekly_Tracker!AB181:AF181) | Q64: =SUM(Weekly_Tracker!AG181:AK181) | R64: =SUM(Weekly_Tracker!AL181:AP181) | S64: =SUM(Weekly_Tracker!AQ181:AU181) | T64: =SUM(Weekly_Tracker!AV181:AZ181) | U64: =SUM(Weekly_Tracker!BA181:BE181) | V64: =SUM(Weekly_Tracker!BF181:BJ181) | W64: =SUM(Weekly_Tracker!BK181:BO181) | X64: =H64 | Y64: =X64+I64 | Z64: =Y64+J64 | AA64: =Z64+K64
A65: =IF($B65="","",$B65&"|"&$D65) | B65: =IFERROR(INDEX(Team_Master!$C$6:$C$20,12),"") | C65: =IFERROR(INDEX(Team_Master!$G$6:$G$20,12),"") | D65: K5 | E65: Spec-in Design (submitted design) | F65: Designs | G65: =SUM(H65:K65) | H65: =SUM(L65:N65) | I65: =SUM(O65:Q65) | J65: =SUM(R65:T65) | K65: =SUM(U65:W65) | L65: =SUM(Weekly_Tracker!H184:L184) | M65: =SUM(Weekly_Tracker!M184:Q184) | N65: =SUM(Weekly_Tracker!R184:V184) | O65: =SUM(Weekly_Tracker!W184:AA184) | P65: =SUM(Weekly_Tracker!AB184:AF184) | Q65: =SUM(Weekly_Tracker!AG184:AK184) | R65: =SUM(Weekly_Tracker!AL184:AP184) | S65: =SUM(Weekly_Tracker!AQ184:AU184) | T65: =SUM(Weekly_Tracker!AV184:AZ184) | U65: =SUM(Weekly_Tracker!BA184:BE184) | V65: =SUM(Weekly_Tracker!BF184:BJ184) | W65: =SUM(Weekly_Tracker!BK184:BO184) | X65: =H65 | Y65: =X65+I65 | Z65: =Y65+J65 | AA65: =Z65+K65
A66: =IF($B66="","",$B66&"|"&$D66) | B66: =IFERROR(INDEX(Team_Master!$C$6:$C$20,13),"") | C66: =IFERROR(INDEX(Team_Master!$G$6:$G$20,13),"") | D66: K1 | E66: Invoiced Value | F66: MVND | G66: =SUM(H66:K66) | H66: =SUM(L66:N66) | I66: =SUM(O66:Q66) | J66: =SUM(R66:T66) | K66: =SUM(U66:W66) | L66: =SUM(Weekly_Tracker!H187:L187) | M66: =SUM(Weekly_Tracker!M187:Q187) | N66: =SUM(Weekly_Tracker!R187:V187) | O66: =SUM(Weekly_Tracker!W187:AA187) | P66: =SUM(Weekly_Tracker!AB187:AF187) | Q66: =SUM(Weekly_Tracker!AG187:AK187) | R66: =SUM(Weekly_Tracker!AL187:AP187) | S66: =SUM(Weekly_Tracker!AQ187:AU187) | T66: =SUM(Weekly_Tracker!AV187:AZ187) | U66: =SUM(Weekly_Tracker!BA187:BE187) | V66: =SUM(Weekly_Tracker!BF187:BJ187) | W66: =SUM(Weekly_Tracker!BK187:BO187) | X66: =H66 | Y66: =X66+I66 | Z66: =Y66+J66 | AA66: =Z66+K66
A67: =IF($B67="","",$B67&"|"&$D67) | B67: =IFERROR(INDEX(Team_Master!$C$6:$C$20,13),"") | C67: =IFERROR(INDEX(Team_Master!$G$6:$G$20,13),"") | D67: K2 | E67: Key account approach / Site check | F67: Roadshow | G67: =SUM(H67:K67) | H67: =SUM(L67:N67) | I67: =SUM(O67:Q67) | J67: =SUM(R67:T67) | K67: =SUM(U67:W67) | L67: =SUM(Weekly_Tracker!H190:L190) | M67: =SUM(Weekly_Tracker!M190:Q190) | N67: =SUM(Weekly_Tracker!R190:V190) | O67: =SUM(Weekly_Tracker!W190:AA190) | P67: =SUM(Weekly_Tracker!AB190:AF190) | Q67: =SUM(Weekly_Tracker!AG190:AK190) | R67: =SUM(Weekly_Tracker!AL190:AP190) | S67: =SUM(Weekly_Tracker!AQ190:AU190) | T67: =SUM(Weekly_Tracker!AV190:AZ190) | U67: =SUM(Weekly_Tracker!BA190:BE190) | V67: =SUM(Weekly_Tracker!BF190:BJ190) | W67: =SUM(Weekly_Tracker!BK190:BO190) | X67: =H67 | Y67: =X67+I67 | Z67: =Y67+J67 | AA67: =Z67+K67
A68: =IF($B68="","",$B68&"|"&$D68) | B68: =IFERROR(INDEX(Team_Master!$C$6:$C$20,13),"") | C68: =IFERROR(INDEX(Team_Master!$G$6:$G$20,13),"") | D68: K3 | E68: Spec-in Value | F68: MVND | G68: =SUM(H68:K68) | H68: =SUM(L68:N68) | I68: =SUM(O68:Q68) | J68: =SUM(R68:T68) | K68: =SUM(U68:W68) | L68: =SUM(Weekly_Tracker!H193:L193) | M68: =SUM(Weekly_Tracker!M193:Q193) | N68: =SUM(Weekly_Tracker!R193:V193) | O68: =SUM(Weekly_Tracker!W193:AA193) | P68: =SUM(Weekly_Tracker!AB193:AF193) | Q68: =SUM(Weekly_Tracker!AG193:AK193) | R68: =SUM(Weekly_Tracker!AL193:AP193) | S68: =SUM(Weekly_Tracker!AQ193:AU193) | T68: =SUM(Weekly_Tracker!AV193:AZ193) | U68: =SUM(Weekly_Tracker!BA193:BE193) | V68: =SUM(Weekly_Tracker!BF193:BJ193) | W68: =SUM(Weekly_Tracker!BK193:BO193) | X68: =H68 | Y68: =X68+I68 | Z68: =Y68+J68 | AA68: =Z68+K68
A69: =IF($B69="","",$B69&"|"&$D69) | B69: =IFERROR(INDEX(Team_Master!$C$6:$C$20,13),"") | C69: =IFERROR(INDEX(Team_Master!$G$6:$G$20,13),"") | D69: K4 | E69: Engaged Architect (Submit Design) | F69: D&B | G69: =SUM(H69:K69) | H69: =SUM(L69:N69) | I69: =SUM(O69:Q69) | J69: =SUM(R69:T69) | K69: =SUM(U69:W69) | L69: =SUM(Weekly_Tracker!H196:L196) | M69: =SUM(Weekly_Tracker!M196:Q196) | N69: =SUM(Weekly_Tracker!R196:V196) | O69: =SUM(Weekly_Tracker!W196:AA196) | P69: =SUM(Weekly_Tracker!AB196:AF196) | Q69: =SUM(Weekly_Tracker!AG196:AK196) | R69: =SUM(Weekly_Tracker!AL196:AP196) | S69: =SUM(Weekly_Tracker!AQ196:AU196) | T69: =SUM(Weekly_Tracker!AV196:AZ196) | U69: =SUM(Weekly_Tracker!BA196:BE196) | V69: =SUM(Weekly_Tracker!BF196:BJ196) | W69: =SUM(Weekly_Tracker!BK196:BO196) | X69: =H69 | Y69: =X69+I69 | Z69: =Y69+J69 | AA69: =Z69+K69
A70: =IF($B70="","",$B70&"|"&$D70) | B70: =IFERROR(INDEX(Team_Master!$C$6:$C$20,13),"") | C70: =IFERROR(INDEX(Team_Master!$G$6:$G$20,13),"") | D70: K5 | E70: Spec-in Design (submitted design) | F70: Designs | G70: =SUM(H70:K70) | H70: =SUM(L70:N70) | I70: =SUM(O70:Q70) | J70: =SUM(R70:T70) | K70: =SUM(U70:W70) | L70: =SUM(Weekly_Tracker!H199:L199) | M70: =SUM(Weekly_Tracker!M199:Q199) | N70: =SUM(Weekly_Tracker!R199:V199) | O70: =SUM(Weekly_Tracker!W199:AA199) | P70: =SUM(Weekly_Tracker!AB199:AF199) | Q70: =SUM(Weekly_Tracker!AG199:AK199) | R70: =SUM(Weekly_Tracker!AL199:AP199) | S70: =SUM(Weekly_Tracker!AQ199:AU199) | T70: =SUM(Weekly_Tracker!AV199:AZ199) | U70: =SUM(Weekly_Tracker!BA199:BE199) | V70: =SUM(Weekly_Tracker!BF199:BJ199) | W70: =SUM(Weekly_Tracker!BK199:BO199) | X70: =H70 | Y70: =X70+I70 | Z70: =Y70+J70 | AA70: =Z70+K70
A71: =IF($B71="","",$B71&"|"&$D71) | B71: =IFERROR(INDEX(Team_Master!$C$6:$C$20,14),"") | C71: =IFERROR(INDEX(Team_Master!$G$6:$G$20,14),"") | D71: K1 | E71: Invoiced Value | F71: MVND | G71: =SUM(H71:K71) | H71: =SUM(L71:N71) | I71: =SUM(O71:Q71) | J71: =SUM(R71:T71) | K71: =SUM(U71:W71) | L71: =SUM(Weekly_Tracker!H202:L202) | M71: =SUM(Weekly_Tracker!M202:Q202) | N71: =SUM(Weekly_Tracker!R202:V202) | O71: =SUM(Weekly_Tracker!W202:AA202) | P71: =SUM(Weekly_Tracker!AB202:AF202) | Q71: =SUM(Weekly_Tracker!AG202:AK202) | R71: =SUM(Weekly_Tracker!AL202:AP202) | S71: =SUM(Weekly_Tracker!AQ202:AU202) | T71: =SUM(Weekly_Tracker!AV202:AZ202) | U71: =SUM(Weekly_Tracker!BA202:BE202) | V71: =SUM(Weekly_Tracker!BF202:BJ202) | W71: =SUM(Weekly_Tracker!BK202:BO202) | X71: =H71 | Y71: =X71+I71 | Z71: =Y71+J71 | AA71: =Z71+K71
A72: =IF($B72="","",$B72&"|"&$D72) | B72: =IFERROR(INDEX(Team_Master!$C$6:$C$20,14),"") | C72: =IFERROR(INDEX(Team_Master!$G$6:$G$20,14),"") | D72: K2 | E72: Key account approach / Site check | F72: Roadshow | G72: =SUM(H72:K72) | H72: =SUM(L72:N72) | I72: =SUM(O72:Q72) | J72: =SUM(R72:T72) | K72: =SUM(U72:W72) | L72: =SUM(Weekly_Tracker!H205:L205) | M72: =SUM(Weekly_Tracker!M205:Q205) | N72: =SUM(Weekly_Tracker!R205:V205) | O72: =SUM(Weekly_Tracker!W205:AA205) | P72: =SUM(Weekly_Tracker!AB205:AF205) | Q72: =SUM(Weekly_Tracker!AG205:AK205) | R72: =SUM(Weekly_Tracker!AL205:AP205) | S72: =SUM(Weekly_Tracker!AQ205:AU205) | T72: =SUM(Weekly_Tracker!AV205:AZ205) | U72: =SUM(Weekly_Tracker!BA205:BE205) | V72: =SUM(Weekly_Tracker!BF205:BJ205) | W72: =SUM(Weekly_Tracker!BK205:BO205) | X72: =H72 | Y72: =X72+I72 | Z72: =Y72+J72 | AA72: =Z72+K72
A73: =IF($B73="","",$B73&"|"&$D73) | B73: =IFERROR(INDEX(Team_Master!$C$6:$C$20,14),"") | C73: =IFERROR(INDEX(Team_Master!$G$6:$G$20,14),"") | D73: K3 | E73: Spec-in Value | F73: MVND | G73: =SUM(H73:K73) | H73: =SUM(L73:N73) | I73: =SUM(O73:Q73) | J73: =SUM(R73:T73) | K73: =SUM(U73:W73) | L73: =SUM(Weekly_Tracker!H208:L208) | M73: =SUM(Weekly_Tracker!M208:Q208) | N73: =SUM(Weekly_Tracker!R208:V208) | O73: =SUM(Weekly_Tracker!W208:AA208) | P73: =SUM(Weekly_Tracker!AB208:AF208) | Q73: =SUM(Weekly_Tracker!AG208:AK208) | R73: =SUM(Weekly_Tracker!AL208:AP208) | S73: =SUM(Weekly_Tracker!AQ208:AU208) | T73: =SUM(Weekly_Tracker!AV208:AZ208) | U73: =SUM(Weekly_Tracker!BA208:BE208) | V73: =SUM(Weekly_Tracker!BF208:BJ208) | W73: =SUM(Weekly_Tracker!BK208:BO208) | X73: =H73 | Y73: =X73+I73 | Z73: =Y73+J73 | AA73: =Z73+K73
A74: =IF($B74="","",$B74&"|"&$D74) | B74: =IFERROR(INDEX(Team_Master!$C$6:$C$20,14),"") | C74: =IFERROR(INDEX(Team_Master!$G$6:$G$20,14),"") | D74: K4 | E74: Engaged Architect (Submit Design) | F74: D&B | G74: =SUM(H74:K74) | H74: =SUM(L74:N74) | I74: =SUM(O74:Q74) | J74: =SUM(R74:T74) | K74: =SUM(U74:W74) | L74: =SUM(Weekly_Tracker!H211:L211) | M74: =SUM(Weekly_Tracker!M211:Q211) | N74: =SUM(Weekly_Tracker!R211:V211) | O74: =SUM(Weekly_Tracker!W211:AA211) | P74: =SUM(Weekly_Tracker!AB211:AF211) | Q74: =SUM(Weekly_Tracker!AG211:AK211) | R74: =SUM(Weekly_Tracker!AL211:AP211) | S74: =SUM(Weekly_Tracker!AQ211:AU211) | T74: =SUM(Weekly_Tracker!AV211:AZ211) | U74: =SUM(Weekly_Tracker!BA211:BE211) | V74: =SUM(Weekly_Tracker!BF211:BJ211) | W74: =SUM(Weekly_Tracker!BK211:BO211) | X74: =H74 | Y74: =X74+I74 | Z74: =Y74+J74 | AA74: =Z74+K74
A75: =IF($B75="","",$B75&"|"&$D75) | B75: =IFERROR(INDEX(Team_Master!$C$6:$C$20,14),"") | C75: =IFERROR(INDEX(Team_Master!$G$6:$G$20,14),"") | D75: K5 | E75: Spec-in Design (submitted design) | F75: Designs | G75: =SUM(H75:K75) | H75: =SUM(L75:N75) | I75: =SUM(O75:Q75) | J75: =SUM(R75:T75) | K75: =SUM(U75:W75) | L75: =SUM(Weekly_Tracker!H214:L214) | M75: =SUM(Weekly_Tracker!M214:Q214) | N75: =SUM(Weekly_Tracker!R214:V214) | O75: =SUM(Weekly_Tracker!W214:AA214) | P75: =SUM(Weekly_Tracker!AB214:AF214) | Q75: =SUM(Weekly_Tracker!AG214:AK214) | R75: =SUM(Weekly_Tracker!AL214:AP214) | S75: =SUM(Weekly_Tracker!AQ214:AU214) | T75: =SUM(Weekly_Tracker!AV214:AZ214) | U75: =SUM(Weekly_Tracker!BA214:BE214) | V75: =SUM(Weekly_Tracker!BF214:BJ214) | W75: =SUM(Weekly_Tracker!BK214:BO214) | X75: =H75 | Y75: =X75+I75 | Z75: =Y75+J75 | AA75: =Z75+K75
A76: =IF($B76="","",$B76&"|"&$D76) | B76: =IFERROR(INDEX(Team_Master!$C$6:$C$20,15),"") | C76: =IFERROR(INDEX(Team_Master!$G$6:$G$20,15),"") | D76: K1 | E76: Invoiced Value | F76: MVND | G76: =SUM(H76:K76) | H76: =SUM(L76:N76) | I76: =SUM(O76:Q76) | J76: =SUM(R76:T76) | K76: =SUM(U76:W76) | L76: =SUM(Weekly_Tracker!H217:L217) | M76: =SUM(Weekly_Tracker!M217:Q217) | N76: =SUM(Weekly_Tracker!R217:V217) | O76: =SUM(Weekly_Tracker!W217:AA217) | P76: =SUM(Weekly_Tracker!AB217:AF217) | Q76: =SUM(Weekly_Tracker!AG217:AK217) | R76: =SUM(Weekly_Tracker!AL217:AP217) | S76: =SUM(Weekly_Tracker!AQ217:AU217) | T76: =SUM(Weekly_Tracker!AV217:AZ217) | U76: =SUM(Weekly_Tracker!BA217:BE217) | V76: =SUM(Weekly_Tracker!BF217:BJ217) | W76: =SUM(Weekly_Tracker!BK217:BO217) | X76: =H76 | Y76: =X76+I76 | Z76: =Y76+J76 | AA76: =Z76+K76
A77: =IF($B77="","",$B77&"|"&$D77) | B77: =IFERROR(INDEX(Team_Master!$C$6:$C$20,15),"") | C77: =IFERROR(INDEX(Team_Master!$G$6:$G$20,15),"") | D77: K2 | E77: Key account approach / Site check | F77: Roadshow | G77: =SUM(H77:K77) | H77: =SUM(L77:N77) | I77: =SUM(O77:Q77) | J77: =SUM(R77:T77) | K77: =SUM(U77:W77) | L77: =SUM(Weekly_Tracker!H220:L220) | M77: =SUM(Weekly_Tracker!M220:Q220) | N77: =SUM(Weekly_Tracker!R220:V220) | O77: =SUM(Weekly_Tracker!W220:AA220) | P77: =SUM(Weekly_Tracker!AB220:AF220) | Q77: =SUM(Weekly_Tracker!AG220:AK220) | R77: =SUM(Weekly_Tracker!AL220:AP220) | S77: =SUM(Weekly_Tracker!AQ220:AU220) | T77: =SUM(Weekly_Tracker!AV220:AZ220) | U77: =SUM(Weekly_Tracker!BA220:BE220) | V77: =SUM(Weekly_Tracker!BF220:BJ220) | W77: =SUM(Weekly_Tracker!BK220:BO220) | X77: =H77 | Y77: =X77+I77 | Z77: =Y77+J77 | AA77: =Z77+K77
A78: =IF($B78="","",$B78&"|"&$D78) | B78: =IFERROR(INDEX(Team_Master!$C$6:$C$20,15),"") | C78: =IFERROR(INDEX(Team_Master!$G$6:$G$20,15),"") | D78: K3 | E78: Spec-in Value | F78: MVND | G78: =SUM(H78:K78) | H78: =SUM(L78:N78) | I78: =SUM(O78:Q78) | J78: =SUM(R78:T78) | K78: =SUM(U78:W78) | L78: =SUM(Weekly_Tracker!H223:L223) | M78: =SUM(Weekly_Tracker!M223:Q223) | N78: =SUM(Weekly_Tracker!R223:V223) | O78: =SUM(Weekly_Tracker!W223:AA223) | P78: =SUM(Weekly_Tracker!AB223:AF223) | Q78: =SUM(Weekly_Tracker!AG223:AK223) | R78: =SUM(Weekly_Tracker!AL223:AP223) | S78: =SUM(Weekly_Tracker!AQ223:AU223) | T78: =SUM(Weekly_Tracker!AV223:AZ223) | U78: =SUM(Weekly_Tracker!BA223:BE223) | V78: =SUM(Weekly_Tracker!BF223:BJ223) | W78: =SUM(Weekly_Tracker!BK223:BO223) | X78: =H78 | Y78: =X78+I78 | Z78: =Y78+J78 | AA78: =Z78+K78
A79: =IF($B79="","",$B79&"|"&$D79) | B79: =IFERROR(INDEX(Team_Master!$C$6:$C$20,15),"") | C79: =IFERROR(INDEX(Team_Master!$G$6:$G$20,15),"") | D79: K4 | E79: Engaged Architect (Submit Design) | F79: D&B | G79: =SUM(H79:K79) | H79: =SUM(L79:N79) | I79: =SUM(O79:Q79) | J79: =SUM(R79:T79) | K79: =SUM(U79:W79) | L79: =SUM(Weekly_Tracker!H226:L226) | M79: =SUM(Weekly_Tracker!M226:Q226) | N79: =SUM(Weekly_Tracker!R226:V226) | O79: =SUM(Weekly_Tracker!W226:AA226) | P79: =SUM(Weekly_Tracker!AB226:AF226) | Q79: =SUM(Weekly_Tracker!AG226:AK226) | R79: =SUM(Weekly_Tracker!AL226:AP226) | S79: =SUM(Weekly_Tracker!AQ226:AU226) | T79: =SUM(Weekly_Tracker!AV226:AZ226) | U79: =SUM(Weekly_Tracker!BA226:BE226) | V79: =SUM(Weekly_Tracker!BF226:BJ226) | W79: =SUM(Weekly_Tracker!BK226:BO226) | X79: =H79 | Y79: =X79+I79 | Z79: =Y79+J79 | AA79: =Z79+K79
A80: =IF($B80="","",$B80&"|"&$D80) | B80: =IFERROR(INDEX(Team_Master!$C$6:$C$20,15),"") | C80: =IFERROR(INDEX(Team_Master!$G$6:$G$20,15),"") | D80: K5 | E80: Spec-in Design (submitted design) | F80: Designs | G80: =SUM(H80:K80) | H80: =SUM(L80:N80) | I80: =SUM(O80:Q80) | J80: =SUM(R80:T80) | K80: =SUM(U80:W80) | L80: =SUM(Weekly_Tracker!H229:L229) | M80: =SUM(Weekly_Tracker!M229:Q229) | N80: =SUM(Weekly_Tracker!R229:V229) | O80: =SUM(Weekly_Tracker!W229:AA229) | P80: =SUM(Weekly_Tracker!AB229:AF229) | Q80: =SUM(Weekly_Tracker!AG229:AK229) | R80: =SUM(Weekly_Tracker!AL229:AP229) | S80: =SUM(Weekly_Tracker!AQ229:AU229) | T80: =SUM(Weekly_Tracker!AV229:AZ229) | U80: =SUM(Weekly_Tracker!BA229:BE229) | V80: =SUM(Weekly_Tracker!BF229:BJ229) | W80: =SUM(Weekly_Tracker!BK229:BO229) | X80: =H80 | Y80: =X80+I80 | Z80: =Y80+J80 | AA80: =Z80+K80
B82: TỔNG TOÀN KÊNH THEO KPI / CHANNEL TOTAL BY KPI
D83: KPI | E83: KPI name | F83: Unit | G83: FY total | H83: Q1 | I83: Q2 | J83: Q3 | K83: Q4
D84: K1 | E84: Invoiced Value | F84: MVND | G84: =SUMIF($D$6:$D$80,$D84,G$6:G$80) | H84: =SUMIF($D$6:$D$80,$D84,H$6:H$80) | I84: =SUMIF($D$6:$D$80,$D84,I$6:I$80) | J84: =SUMIF($D$6:$D$80,$D84,J$6:J$80) | K84: =SUMIF($D$6:$D$80,$D84,K$6:K$80)
D85: K2 | E85: Key account approach / Site check | F85: Roadshow | G85: =SUMIF($D$6:$D$80,$D85,G$6:G$80) | H85: =SUMIF($D$6:$D$80,$D85,H$6:H$80) | I85: =SUMIF($D$6:$D$80,$D85,I$6:I$80) | J85: =SUMIF($D$6:$D$80,$D85,J$6:J$80) | K85: =SUMIF($D$6:$D$80,$D85,K$6:K$80)
D86: K3 | E86: Spec-in Value | F86: MVND | G86: =SUMIF($D$6:$D$80,$D86,G$6:G$80) | H86: =SUMIF($D$6:$D$80,$D86,H$6:H$80) | I86: =SUMIF($D$6:$D$80,$D86,I$6:I$80) | J86: =SUMIF($D$6:$D$80,$D86,J$6:J$80) | K86: =SUMIF($D$6:$D$80,$D86,K$6:K$80)
D87: K4 | E87: Engaged Architect (Submit Design) | F87: D&B | G87: =SUMIF($D$6:$D$80,$D87,G$6:G$80) | H87: =SUMIF($D$6:$D$80,$D87,H$6:H$80) | I87: =SUMIF($D$6:$D$80,$D87,I$6:I$80) | J87: =SUMIF($D$6:$D$80,$D87,J$6:J$80) | K87: =SUMIF($D$6:$D$80,$D87,K$6:K$80)
D88: K5 | E88: Spec-in Design (submitted design) | F88: Designs | G88: =SUMIF($D$6:$D$80,$D88,G$6:G$80) | H88: =SUMIF($D$6:$D$80,$D88,H$6:H$80) | I88: =SUMIF($D$6:$D$80,$D88,I$6:I$80) | J88: =SUMIF($D$6:$D$80,$D88,J$6:J$80) | K88: =SUMIF($D$6:$D$80,$D88,K$6:K$80)

Sheet Tracking
B2: PERFORMANCE TRACKING – LUỸ KẾ THEO QUÝ / QUARTERLY CUMULATIVE
B3: Sheet tự động 100%. Mỗi người 4 dòng Q1–Q4; số liệu LUỸ KẾ từ đầu năm đến hết quý đó (Q3 = Jan–Sep). Target luỹ kế = phasing luỹ kế trên Weekly_Tracker.
A4: THÔNG TIN / ID | F4: LEAD KPI – 70% – trả theo quý | O4: FOCUS KPI – 30% – trả cuối năm | W4: KẾT QUẢ / RESULT | Z4: THEO DÕI – KHÔNG TÍNH ĐIỂM
A5: Emp Code | B5: Name | C5: Region | D5: Quarter | E5: Q# | F5: Invoiced Target YTD | G5: Invoiced Actual YTD | H5: Invoiced Ach % | I5: Invoiced factor | J5: Site check Target YTD | K5: Site check Actual YTD | L5: Site check Ach % | M5: Site check factor | N5: LEAD payout factor | O5: Spec-in Target YTD | P5: Spec-in Actual YTD | Q5: Spec-in Ach % | R5: Engaged Target YTD | S5: Engaged Actual YTD | T5: Engaged Ach % | U5: FOCUS Ach (weighted) | V5: FOCUS payout factor | W5: Pass gate % | X5: NET LEAD factor | Y5: Status | Z5: Design Target YTD | AA5: Design Actual YTD | AB5: Design Ach %
A6: =IFERROR(INDEX(Team_Master!$C$6:$C$20,INT((ROW()-6)/4)+1),"") | B6: =IFERROR(INDEX(Team_Master!$G$6:$G$20,INT((ROW()-6)/4)+1),"") | C6: =IFERROR(INDEX(Team_Master!$E$6:$E$20,INT((ROW()-6)/4)+1),"") | D6: ="Q"&E6 | E6: =MOD(ROW()-6,4)+1 | F6: =IFERROR(INDEX(Target_FY!$X$6:$AA$80,MATCH($A6&"|K1",Target_FY!$A$6:$A$80,0),$E6),0) | G6: =IFERROR(INDEX(Actual_Monthly!$X$6:$AA$80,MATCH($A6&"|K1",Actual_Monthly!$A$6:$A$80,0),$E6),0) | H6: =IF(F6<=0,0,G6/F6) | I6: =IF(F6<=0,0,IF(H6<Parameters!$C$15,0,IF(H6<=Parameters!$C$17,Parameters!$C$16+(H6-Parameters!$C$15)/(Parameters!$C$17-Parameters!$C$15)*(Parameters!$C$18-Parameters!$C$16),MIN(Parameters!$C$20,Parameters!$C$18+(H6-Parameters!$C$17)/(Parameters!$C$19-Parameters!$C$17)*(Parameters!$C$20-Parameters!$C$18))))) | J6: =IFERROR(INDEX(Target_FY!$X$6:$AA$80,MATCH($A6&"|K2",Target_FY!$A$6:$A$80,0),$E6),0) | K6: =IFERROR(INDEX(Actual_Monthly!$X$6:$AA$80,MATCH($A6&"|K2",Actual_Monthly!$A$6:$A$80,0),$E6),0) | L6: =IF(J6<=0,0,K6/J6) | M6: =IF(J6<=0,0,IF(L6<Parameters!$C$15,0,IF(L6<=Parameters!$C$17,Parameters!$C$16+(L6-Parameters!$C$15)/(Parameters!$C$17-Parameters!$C$15)*(Parameters!$C$18-Parameters!$C$16),MIN(Parameters!$C$20,Parameters!$C$18+(L6-Parameters!$C$17)/(Parameters!$C$19-Parameters!$C$17)*(Parameters!$C$20-Parameters!$C$18))))) | N6: =IF((KPI_Framework!$F$6+KPI_Framework!$F$7)=0,0,(KPI_Framework!$F$6*I6+KPI_Framework!$F$7*M6)/(KPI_Framework!$F$6+KPI_Framework!$F$7)) | O6: =IFERROR(INDEX(Target_FY!$X$6:$AA$80,MATCH($A6&"|K3",Target_FY!$A$6:$A$80,0),$E6),0) | P6: =IFERROR(INDEX(Actual_Monthly!$X$6:$AA$80,MATCH($A6&"|K3",Actual_Monthly!$A$6:$A$80,0),$E6),0) | Q6: =IF(O6<=0,0,P6/O6) | R6: =IFERROR(INDEX(Target_FY!$X$6:$AA$80,MATCH($A6&"|K4",Target_FY!$A$6:$A$80,0),$E6),0) | S6: =IFERROR(INDEX(Actual_Monthly!$X$6:$AA$80,MATCH($A6&"|K4",Actual_Monthly!$A$6:$A$80,0),$E6),0) | T6: =IF(R6<=0,0,S6/R6) | U6: =IF((KPI_Framework!$F$8+KPI_Framework!$F$9)=0,0,(KPI_Framework!$F$8*Q6+KPI_Framework!$F$9*T6)/(KPI_Framework!$F$8+KPI_Framework!$F$9)) | V6: =IF((KPI_Framework!$F$8+KPI_Framework!$F$9)=0,0,(KPI_Framework!$F$8*IF(O6<=0,0,IF(Q6<Parameters!$C$15,0,IF(Q6<=Parameters!$C$17,Parameters!$C$16+(Q6-Parameters!$C$15)/(Parameters!$C$17-Parameters!$C$15)*(Parameters!$C$18-Parameters!$C$16),MIN(Parameters!$C$20,Parameters!$C$18+(Q6-Parameters!$C$17)/(Parameters!$C$19-Parameters!$C$17)*(Parameters!$C$20-Parameters!$C$18)))))+KPI_Framework!$F$9*IF(R6<=0,0,IF(T6<Parameters!$C$15,0,IF(T6<=Parameters!$C$17,Parameters!$C$16+(T6-Parameters!$C$15)/(Parameters!$C$17-Parameters!$C$15)*(Parameters!$C$18-Parameters!$C$16),MIN(Parameters!$C$20,Parameters!$C$18+(T6-Parameters!$C$17)/(Parameters!$C$19-Parameters!$C$17)*(Parameters!$C$20-Parameters!$C$18))))))/(KPI_Framework!$F$8+KPI_Framework!$F$9)) | W6: =IF(Parameters!$C$23="OFF",1,IF(U6>=Parameters!$B$25,Parameters!$C$25,IF(U6>=Parameters!$B$26,Parameters!$C$26,IF(U6>=Parameters!$B$27,Parameters!$C$27,Parameters!$C$28)))) | X6: =N6*W6 | Y6: =IF($A6="","",IF(F6<=0,"No target",IF(X6>=1,"On track",IF(X6>=0.8,"Watch","Behind")))) | Z6: =IFERROR(INDEX(Target_FY!$X$6:$AA$80,MATCH($A6&"|K5",Target_FY!$A$6:$A$80,0),$E6),0) | AA6: =IFERROR(INDEX(Actual_Monthly!$X$6:$AA$80,MATCH($A6&"|K5",Actual_Monthly!$A$6:$A$80,0),$E6),0) | AB6: =IF(Z6<=0,0,AA6/Z6)
A7: =IFERROR(INDEX(Team_Master!$C$6:$C$20,INT((ROW()-6)/4)+1),"") | B7: =IFERROR(INDEX(Team_Master!$G$6:$G$20,INT((ROW()-6)/4)+1),"") | C7: =IFERROR(INDEX(Team_Master!$E$6:$E$20,INT((ROW()-6)/4)+1),"") | D7: ="Q"&E7 | E7: =MOD(ROW()-6,4)+1 | F7: =IFERROR(INDEX(Target_FY!$X$6:$AA$80,MATCH($A7&"|K1",Target_FY!$A$6:$A$80,0),$E7),0) | G7: =IFERROR(INDEX(Actual_Monthly!$X$6:$AA$80,MATCH($A7&"|K1",Actual_Monthly!$A$6:$A$80,0),$E7),0) | H7: =IF(F7<=0,0,G7/F7) | I7: =IF(F7<=0,0,IF(H7<Parameters!$C$15,0,IF(H7<=Parameters!$C$17,Parameters!$C$16+(H7-Parameters!$C$15)/(Parameters!$C$17-Parameters!$C$15)*(Parameters!$C$18-Parameters!$C$16),MIN(Parameters!$C$20,Parameters!$C$18+(H7-Parameters!$C$17)/(Parameters!$C$19-Parameters!$C$17)*(Parameters!$C$20-Parameters!$C$18))))) | J7: =IFERROR(INDEX(Target_FY!$X$6:$AA$80,MATCH($A7&"|K2",Target_FY!$A$6:$A$80,0),$E7),0) | K7: =IFERROR(INDEX(Actual_Monthly!$X$6:$AA$80,MATCH($A7&"|K2",Actual_Monthly!$A$6:$A$80,0),$E7),0) | L7: =IF(J7<=0,0,K7/J7) | M7: =IF(J7<=0,0,IF(L7<Parameters!$C$15,0,IF(L7<=Parameters!$C$17,Parameters!$C$16+(L7-Parameters!$C$15)/(Parameters!$C$17-Parameters!$C$15)*(Parameters!$C$18-Parameters!$C$16),MIN(Parameters!$C$20,Parameters!$C$18+(L7-Parameters!$C$17)/(Parameters!$C$19-Parameters!$C$17)*(Parameters!$C$20-Parameters!$C$18))))) | N7: =IF((KPI_Framework!$F$6+KPI_Framework!$F$7)=0,0,(KPI_Framework!$F$6*I7+KPI_Framework!$F$7*M7)/(KPI_Framework!$F$6+KPI_Framework!$F$7)) | O7: =IFERROR(INDEX(Target_FY!$X$6:$AA$80,MATCH($A7&"|K3",Target_FY!$A$6:$A$80,0),$E7),0) | P7: =IFERROR(INDEX(Actual_Monthly!$X$6:$AA$80,MATCH($A7&"|K3",Actual_Monthly!$A$6:$A$80,0),$E7),0) | Q7: =IF(O7<=0,0,P7/O7) | R7: =IFERROR(INDEX(Target_FY!$X$6:$AA$80,MATCH($A7&"|K4",Target_FY!$A$6:$A$80,0),$E7),0) | S7: =IFERROR(INDEX(Actual_Monthly!$X$6:$AA$80,MATCH($A7&"|K4",Actual_Monthly!$A$6:$A$80,0),$E7),0) | T7: =IF(R7<=0,0,S7/R7) | U7: =IF((KPI_Framework!$F$8+KPI_Framework!$F$9)=0,0,(KPI_Framework!$F$8*Q7+KPI_Framework!$F$9*T7)/(KPI_Framework!$F$8+KPI_Framework!$F$9)) | V7: =IF((KPI_Framework!$F$8+KPI_Framework!$F$9)=0,0,(KPI_Framework!$F$8*IF(O7<=0,0,IF(Q7<Parameters!$C$15,0,IF(Q7<=Parameters!$C$17,Parameters!$C$16+(Q7-Parameters!$C$15)/(Parameters!$C$17-Parameters!$C$15)*(Parameters!$C$18-Parameters!$C$16),MIN(Parameters!$C$20,Parameters!$C$18+(Q7-Parameters!$C$17)/(Parameters!$C$19-Parameters!$C$17)*(Parameters!$C$20-Parameters!$C$18)))))+KPI_Framework!$F$9*IF(R7<=0,0,IF(T7<Parameters!$C$15,0,IF(T7<=Parameters!$C$17,Parameters!$C$16+(T7-Parameters!$C$15)/(Parameters!$C$17-Parameters!$C$15)*(Parameters!$C$18-Parameters!$C$16),MIN(Parameters!$C$20,Parameters!$C$18+(T7-Parameters!$C$17)/(Parameters!$C$19-Parameters!$C$17)*(Parameters!$C$20-Parameters!$C$18))))))/(KPI_Framework!$F$8+KPI_Framework!$F$9)) | W7: =IF(Parameters!$C$23="OFF",1,IF(U7>=Parameters!$B$25,Parameters!$C$25,IF(U7>=Parameters!$B$26,Parameters!$C$26,IF(U7>=Parameters!$B$27,Parameters!$C$27,Parameters!$C$28)))) | X7: =N7*W7 | Y7: =IF($A7="","",IF(F7<=0,"No target",IF(X7>=1,"On track",IF(X7>=0.8,"Watch","Behind")))) | Z7: =IFERROR(INDEX(Target_FY!$X$6:$AA$80,MATCH($A7&"|K5",Target_FY!$A$6:$A$80,0),$E7),0) | AA7: =IFERROR(INDEX(Actual_Monthly!$X$6:$AA$80,MATCH($A7&"|K5",Actual_Monthly!$A$6:$A$80,0),$E7),0) | AB7: =IF(Z7<=0,0,AA7/Z7)
