Workbook

Sheet Huong_dan
B1: BẢN DỰ TOÁN TÀI CHÍNH MCN — 36 THÁNG
B4: Mục đích | C4: Bản dự toán phục vụ gọi vốn cho mô hình MCN: (1) build và grow IP người thật, (2) dùng IP bán hàng livestream ăn chia sẻ doanh thu, (3) scale bằng IP AI.
B5: Đơn vị tiền tệ | C5: TRIỆU VND ở mọi sheet. 1.000 = 1 tỷ đồng.
B6: Kỳ dự báo | C6: 36 thang, bat dau tu thang dat o Gia_dinh!B5 (mac dinh 01/2027).
B7: Cách dùng | C7: Chỉ sửa các ô màu vàng ở sheet Gia_dinh. Đổi kịch bản tại Gia_dinh!B4 (Downside / Base / Upside) — toàn bộ mô hình tự tính lại.
B9: CÁC SHEET
B10: Gia_dinh | C10: Toàn bộ tham số, ba cột giá trị cho ba kịch bản, cột ĐANG ÁP DỤNG là giá trị mô hình đang dùng. Cột cuối ghi căn cứ của từng giả định.
B11: Don_vi_IP | C11: Unit economics của MỘT IP người thật theo tuổi 0-36 tháng: doanh thu, từng dòng chi phí, lãi gộp, lãi gộp luỹ kế, đỉnh vốn và tháng hoà vốn của một IP.
B12: Don_vi_IP_AI | C12: Unit economics của MỘT IP AI, cùng cấu trúc.
B13: Doi_hinh | C13: Mô hình cohort: số IP ở từng tuổi trong từng tháng = số IP ký mới của tháng tương ứng nhân tỷ lệ sống sót. Đây là nơi cơ chế sàng lọc (cửa T3, cửa T9, rời bỏ hàng năm) chạy.
B14: Doanh_thu | C14: GMV gộp, GMV ròng, và ba dòng doanh thu: hoa hồng affiliate IP người thật, phí booking, hoa hồng affiliate IP AI.
B15: Chi_phi | C15: Chi phí trực tiếp (lấy từ unit economics nhân đội hình) và chi phí tầng công ty.
B16: PnL | C16: Kết quả kinh doanh theo tháng và bảng tổng hợp theo năm 1/2/3.
B17: Dong_tien | C17: Dòng tiền theo tháng, có độ trễ thu tiền (DSO) và trả talent (DPO), nhu cầu vốn luỹ kế và runway.
B18: Kich_ban | C18: Tóm tắt năm kịch bản, gồm hai bài kiểm định rủi ro.
B20: BA ĐIỀU CẦN ĐỌC KỸ
B21: 1. Phí nền tảng | C21: Phí TikTok Shop 12,5% (Marketplace) / 15,5% (Mall) do NGƯỜI BÁN chịu, không phải chi phí của MCN, nên không xuất hiện trong bảng này. Chỉ đưa vào nếu MCN tự bán hàng của mình.
B22: 2. Doanh thu ghi nhận | C22: Doanh thu MCN = hoa hồng nhãn hàng trả, ghi nhận TRƯỚC khi chia cho talent. Phần chia cho talent nằm trong giá vốn. GMV không phải doanh thu.
B23: 3. Kịch bản downside | C23: Một IP chạy dưới ~35tr GMV/phiên ở trạng thái ổn định thì không bao giờ hoàn vốn: càng nuôi lâu càng lỗ. Vì vậy mô hình có hai cửa sàng lọc (tuổi 3 và tuổi 9) và một kịch bản 'Downside + cơ chế cắt' cho thấy việc dừng tuyển sớm giảm thiệt hại thế nào.
B25: GIỚI HẠN CỦA BẢN DỰ TOÁN
B26: Giả định, không phải số thực | C26: Mọi con số là giả định làm việc, chưa có số liệu vận hành thực tế. Cột 'Căn cứ / nguồn' ở sheet Gia_dinh ghi rõ từng dòng đến từ đâu: 'Unit econ' là bộ giả định đơn vị đã chốt, 'Dự toán' là giả định bổ sung của bản dự toán này.
B27: Tham số nhạy nhất | C27: Theo thứ tự ảnh hưởng: GMV/phiên ổn định, tỷ lệ huỷ & hoàn hàng, hoa hồng affiliate, tỷ lệ chia cho talent, tỷ lệ rơi rụng tại cửa sàng lọc, GMV/giờ của IP AI. Có số liệu thực dòng nào thì thay dòng đó trước.
B28: Kịch bản Upside | C28: Upside giả định MỌI IP đều đạt 110tr GMV/phiên — mức của nhóm creator đầu bảng. Đây là trần lý thuyết để đo độ nhạy, không nên dùng làm cam kết với nhà đầu tư.
B29: Chưa mô hình hoá | C29: Lãi vay, biến động tỷ giá, thuế TNCN của talent, dự phòng công nợ khó đòi, và chi phí pháp lý cho tranh chấp hợp đồng độc quyền.
B30: Thuế TNDN | C30: Tính 20% trên thu nhập chịu thuế sau khi bù hết lỗ luỹ kế, nộp trong chính tháng phát sinh. Thực tế tạm nộp theo quý — chênh lệch này không đổi kết luận.
B32: Tạo từ finance/build_model.py + finance/params.py. Sửa tham số trong params.py rồi chạy lại script để sinh bản mới, hoặc sửa trực tiếp ở Gia_dinh.

Sheet Kich_ban
A1: TÓM TẮT KỊCH BẢN (triệu VND)
A2: Bảng này là ảnh chụp tính sẵn cho cả năm kịch bản. Các sheet còn lại chạy theo kịch bản chọn ở Gia_dinh!B4 — đổi ô đó sẽ thấy số ở đây KHÔNG đổi, đây là chủ ý.
B4: Chỉ tiêu | C4: Downside | D4: Base | E4: Upside | F4: Base + sốc tầng AI | G4: Downside + cơ chế cắt
C5: GMV/phiên ổn định 30tr, huỷ/hoàn 25%, hoa hồng 15% | D5: GMV/phiên ổn định 60tr, huỷ/hoàn 18%, hoa hồng 20% | E5: GMV/phiên ổn định 110tr, huỷ/hoàn 13%, hoa hồng 24% | F5: Kiểm định: nền tảng siết nội dung AI, tầng AI mất 60% GMV trong 1 quý từ T25 | G5: Dừng tuyển IP mới từ T7 và không triển khai tầng AI khi thấy unit economics âm
B6: Doanh thu Nam 1 | C6: 1599.5915 | D6: 6157.121 | E6: 28331.724 | F6: 6157.121 | G6: 1363.3415
B7: Doanh thu Nam 2 | C7: 9486.5247 | D7: 60472.994 | E7: 342845.49 | F7: 60472.994 | G7: 2995.2116
B8: Doanh thu Nam 3 | C8: 24101.22 | D8: 162790.08 | E8: 875699.15 | F8: 155640.52 | G8: 2266.6493
B9: GMV gop Nam 3 | C9: 196599.33 | D9: 1017232.4 | E9: 3782691.2 | F9: 971401.82 | G9: 20147.993
B10: Doanh thu tu IP AI — Nam 3 | C10: 11902.771 | D10: 78702.43 | E10: 373592.23 | F10: 71552.865 | G10: 0
B11: Loi nhuan gop Nam 3 | C11: -13289.677 | D11: 41258.605 | E11: 499715.05 | F11: 35896.431 | G11: -579.25481
B12: EBITDA Nam 1 | C12: -13062.892 | D12: -12473.98 | E12: -5228.4454 | F12: -12473.98 | G12: -10717.23
B13: EBITDA Nam 2 | C13: -20245.005 | D13: -6537.1163 | E13: 155388.24 | F13: -6537.1163 | G13: -7712.7593
B14: EBITDA Nam 3 | C14: -24317.714 | D14: 23157.402 | E14: 455770.32 | F14: 18009.716 | G14: -7352.2543
B15: Bien EBITDA Nam 3 | C15: -1.0089827 | D15: 0.14225315 | E15: 0.5204645 | F15: 0.11571354 | G15: -3.2436665
B16: Loi nhuan sau thue luy ke 3 nam | C16: -57761.611 | D16: 3178.3782 | E16: 484560.63 | F16: -1174.7138 | G16: -25878.243
B17: Thang EBITDA duong dau tien | C17: Không đạt trong 36 tháng | D17: 22 | E17: 11 | F17: 22 | G17: Không đạt trong 36 tháng
B18: Thang dong tien duong dau tien | C18: Không đạt trong 36 tháng | D18: 29 | E18: 13 | F18: 25 | G18: Không đạt trong 36 tháng
B19: Nhu cau von dinh diem | C19: 62812.072 | D19: 31799.756 | E19: 12982.421 | F19: 36765.643 | G19: 26187.475
B20: Tien cuoi ky thang 36 | C20: -20812.072 | D20: 19612.419 | E20: 439317.31 | F20: 15259.327 | G20: 15812.525
B21: So IP nguoi that hoat dong cuoi ky | C21: 26.268496 | D21: 57.857367 | E21: 97.847322 | F21: 57.857367 | G21: 2.444272
B22: So IP AI hoat dong cuoi ky | C22: 62.289824 | D22: 141.50653 | E22: 266.81829 | F22: 141.50653 | G22: 0
B23: Tong nhan su tang cong ty cuoi ky | C23: 16 | D23: 24 | E23: 35 | F23: 24 | G23: 8
B25: ĐỐI CHIẾU VỚI MÔ HÌNH ĐANG CHẠY (công thức sống)
B26: Kịch bản đang chạy ở Gia_dinh!B4 | C26: =Gia_dinh!$B$4
B27: Doanh thu Năm 1 | C27: =PnL!C49
B28: Doanh thu Năm 2 | C28: =PnL!D49
B29: Doanh thu Năm 3 | C29: =PnL!E49
B30: EBITDA Năm 3 | C30: =PnL!E55
B31: Nhu cầu vốn đỉnh điểm | C31: =MAX(Dong_tien!D25:AM25)
B32: Tiền cuối kỳ tháng 36 | C32: =Dong_tien!AM21
B34: Nếu cột này không trùng với cột kịch bản tương ứng ở trên thì một giả định đã bị sửa tay.

Sheet Gia_dinh
A1: MÔ HÌNH TÀI CHÍNH MCN — BẢNG GIẢ ĐỊNH
A2: Mọi ô màu vàng là ô nhập liệu. Đổi kịch bản ở B4, toàn bộ mô hình tự tính lại.
A3: Đơn vị tiền tệ | B3: triệu VND
A4: KỊCH BẢN ĐANG CHẠY | B4: Base | C4: <- chọn Downside / Base / Upside
A5: Tháng bắt đầu dự báo | B5: 46388
A6: Chỉ số kịch bản | B6: =MATCH($B$4,$C$8:$E$8,0)
A8: Tham số | B8: Đơn vị | C8: Downside | D8: Base | E8: Upside | F8: ĐANG ÁP DỤNG | G8: Căn cứ / nguồn
A9: A. KẾ HOẠCH ĐỘI HÌNH IP (quyết định của công ty)
A10: Số IP người thật ký mới / tháng — T1-T6 | B10: IP/tháng | C10: 2 | D10: 2 | E10: 3 | F10: =INDEX($C10:$E10,1,$B$6) | G10: Dự toán: năng lực casting + ươm tạo giai đoạn đầu
A11: Số IP người thật ký mới / tháng — T7-T18 | B11: IP/tháng | C11: 2 | D11: 3 | E11: 4 | F11: =INDEX($C11:$E11,1,$B$6) | G11: Dự toán: tăng khi quy trình ươm tạo chạy ổn định
A12: Số IP người thật ký mới / tháng — T19-T36 | B12: IP/tháng | C12: 2 | D12: 3 | E12: 4 | F12: =INDEX($C12:$E12,1,$B$6) | G12: Dự toán
A13: Tháng bắt đầu ra mắt IP AI | B13: tháng | C13: 15 | D13: 13 | E13: 11 | F13: =INDEX($C13:$E13,1,$B$6) | G13: Dự toán: sau khi có đủ dữ liệu bán hàng từ IP người thật
A14: Số IP AI ra mắt / tháng — 12 tháng đầu | B14: IP/tháng | C14: 3 | D14: 5 | E14: 8 | F14: =INDEX($C14:$E14,1,$B$6) | G14: Dự toán
A15: Số IP AI ra mắt / tháng — giai đoạn sau | B15: IP/tháng | C15: 5 | D15: 10 | E15: 16 | F15: =INDEX($C15:$E15,1,$B$6) | G15: Dự toán
A17: B. CƠ CHẾ SÀNG LỌC & RƠI RỤNG IP NGƯỜI THẬT
A18: Cửa sàng lọc 1 — tuổi IP (tháng) | B18: tháng | C18: 3 | D18: 3 | E18: 3 | F18: =INDEX($C18:$E18,1,$B$6) | G18: Unit econ: chuyển cửa về T2 tiết kiệm ~126tr mỗi 10 IP tuyển
A19: % IP bị loại tại cửa 1 | B19: % | C19: 0.45 | D19: 0.3 | E19: 0.2 | F19: =INDEX($C19:$E19,1,$B$6) | G19: Unit econ mục 6: 30% IP bị loại ở cửa tháng 3 (base)
A20: Cửa sàng lọc 2 — tuổi IP (tháng) | B20: tháng | C20: 9 | D20: 9 | E20: 9 | F20: =INDEX($C20:$E20,1,$B$6) | G20: Dự toán: cắt IP chưa đạt lãi gộp dương trước khi vào ổn định
A21: % IP bị loại tại cửa 2 | B21: % | C21: 0.35 | D21: 0.15 | E21: 0.05 | F21: =INDEX($C21:$E21,1,$B$6) | G21: Dự toán: cơ chế cắt bắt buộc vì IP dưới ~35tr GMV/phiên không bao giờ hoàn vốn
A22: Tỷ lệ IP rời bỏ / năm sau khi ổn định | B22: %/năm | C22: 0.25 | D22: 0.15 | E22: 0.1 | F22: =INDEX($C22:$E22,1,$B$6) | G22: Unit econ: 15%/năm (base)
A23: Tỷ lệ IP AI ngừng hoạt động / năm | B23: %/năm | C23: 0.4 | D23: 0.25 | E23: 0.15 | F23: =INDEX($C23:$E23,1,$B$6) | G23: Dự toán: rủi ro nền tảng siết nội dung AI
A25: C. DOANH THU CHUNG
A26: Tỷ lệ huỷ & hoàn hàng — IP người thật | B26: % GMV gộp | C26: 0.25 | D26: 0.18 | E26: 0.13 | F26: =INDEX($C26:$E26,1,$B$6) | G26: Unit econ mục 4: base 18% (10% huỷ + 8% hoàn)
A27: Hoa hồng affiliate từ nhãn hàng | B27: % GMV ròng | C27: 0.15 | D27: 0.2 | E27: 0.24 | F27: =INDEX($C27:$E27,1,$B$6) | G27: Unit econ mục 1: dải 12-30%, tuỳ ngành hàng
A28: Phí booking cố định mỗi phiên | B28: triệu/phiên | C28: 0 | D28: 0 | E28: 10 | F28: =INDEX($C28:$E28,1,$B$6) | G28: Unit econ: 5-15tr/phiên với IP đã có tên tuổi; base để 0
A29: Tuổi IP bắt đầu thu phí booking | B29: tháng | C29: 10 | D29: 10 | E29: 10 | F29: =INDEX($C29:$E29,1,$B$6) | G29: Unit econ mục 1
A30: Thưởng đạt target của nhãn hàng/sàn | B30: % GMV ròng | C30: 0 | D30: 0 | E30: 0.02 | F30: =INDEX($C30:$E30,1,$B$6) | G30: Unit econ: 1-3% theo chiến dịch; base để 0
A32: D. VÒNG ĐỜI 1 IP NGƯỜI THẬT
A33: Chi phí dựng IP một lần (tuổi 0) | B33: triệu/IP | C33: 80 | D33: 60 | E33: 55 | F33: =INDEX($C33:$E33,1,$B$6) | G33: Unit econ mục 3: casting 8 + đào tạo 15 + nhận diện 20 + thưởng ký 15 + pháp lý 2
A34: GMV/phiên — ươm (tuổi 1-3) | B34: triệu | C34: 5 | D34: 10 | E34: 18 | F34: =INDEX($C34:$E34,1,$B$6) | G34: Unit econ mục 2
A35: Số phiên/tháng — ươm | B35: phiên | C35: 12 | D35: 12 | E35: 12 | F35: =INDEX($C35:$E35,1,$B$6) | G35: Unit econ mục 2
A36: GMV/phiên — tăng trưởng sớm (tuổi 4-6) | B36: triệu | C36: 12.5 | D36: 25 | E36: 46 | F36: =INDEX($C36:$E36,1,$B$6) | G36: Unit econ mục 2
A37: Số phiên/tháng — tăng trưởng sớm | B37: phiên | C37: 16 | D37: 16 | E37: 16 | F37: =INDEX($C37:$E37,1,$B$6) | G37: Unit econ mục 2
A38: GMV/phiên — tăng trưởng (tuổi 7-9) | B38: triệu | C38: 20 | D38: 40 | E38: 73 | F38: =INDEX($C38:$E38,1,$B$6) | G38: Unit econ mục 2
A39: Số phiên/tháng — tăng trưởng | B39: phiên | C39: 18 | D39: 18 | E39: 18 | F39: =INDEX($C39:$E39,1,$B$6) | G39: Unit econ mục 2
A40: GMV/phiên — ổn định (tuổi 10+) | B40: triệu | C40: 30 | D40: 60 | E40: 110 | F40: =INDEX($C40:$E40,1,$B$6) | G40: Unit econ mục 8: biến quyết định sống còn, dưới 35tr không hoàn vốn
A41: Số phiên/tháng — ổn định | B41: phiên | C41: 20 | D41: 20 | E41: 20 | F41: =INDEX($C41:$E41,1,$B$6) | G41: Unit econ mục 2: 4 giờ/phiên
A43: E. CHI PHÍ 1 IP NGƯỜI THẬT / THÁNG
A44: Lương cứng talent — ươm (tuổi 1-3) | B44: triệu/tháng | C44: 12 | D44: 12 | E44: 12 | F44: =INDEX($C44:$E44,1,$B$6) | G44: Unit econ mục 3
A45: Lương cứng talent — từ tuổi 4 | B45: triệu/tháng | C45: 15 | D45: 15 | E45: 15 | F45: =INDEX($C45:$E45,1,$B$6) | G45: Unit econ mục 3: thị trường thuê ngoài 15-50tr
A46: Chia hoa hồng cho talent | B46: % DT từ IP | C46: 0.3 | D46: 0.3 | E46: 0.28 | F46: =INDEX($C46:$E46,1,$B$6) | G46: Unit econ mục 1: dải 25-35%, là quyết định thương mại
A47: Ê-kíp nội dung + ê-kíp live phân bổ | B47: triệu/tháng | C47: 27 | D47: 27 | E47: 27 | F47: =INDEX($C47:$E47,1,$B$6) | G47: Unit econ mục 3: 1 ê-kíp 3 người ~40tr phục vụ 1,5 IP
A48: Studio, thiết bị, phần mềm phân bổ | B48: triệu/tháng | C48: 6 | D48: 6 | E48: 6 | F48: =INDEX($C48:$E48,1,$B$6) | G48: Unit econ mục 3: 1 studio ~18tr phục vụ 3 IP theo ca
A49: Quảng cáo kéo view — ươm | B49: % GMV ròng | C49: 0.08 | D49: 0.08 | E49: 0.08 | F49: =INDEX($C49:$E49,1,$B$6) | G49: Unit econ script: LIFECYCLE giai đoạn 1
A50: Quảng cáo kéo view — tăng trưởng sớm | B50: % GMV ròng | C50: 0.05 | D50: 0.05 | E50: 0.05 | F50: =INDEX($C50:$E50,1,$B$6) | G50: Unit econ script: LIFECYCLE giai đoạn 2
A51: Quảng cáo kéo view — tăng trưởng | B51: % GMV ròng | C51: 0.04 | D51: 0.04 | E51: 0.04 | F51: =INDEX($C51:$E51,1,$B$6) | G51: Unit econ script: LIFECYCLE giai đoạn 3
A52: Quảng cáo kéo view — ổn định | B52: % GMV ròng | C52: 0.03 | D52: 0.03 | E52: 0.03 | F52: =INDEX($C52:$E52,1,$B$6) | G52: Unit econ script: LIFECYCLE giai đoạn 4
A53: Mẫu sản phẩm, đạo cụ, phát sinh | B53: triệu/tháng | C53: 3 | D53: 3 | E53: 3 | F53: =INDEX($C53:$E53,1,$B$6) | G53: Unit econ mục 3
A55: F. 1 IP AI
A56: Chi phí dựng IP AI một lần | B56: triệu/IP | C56: 30 | D56: 30 | E56: 30 | F56: =INDEX($C56:$E56,1,$B$6) | G56: Unit econ mục 7: nhân vật + voice + persona + tích hợp
A57: Số tháng ramp trước khi bán được | B57: tháng | C57: 2 | D57: 1 | E57: 0 | F57: =INDEX($C57:$E57,1,$B$6) | G57: Unit econ: 6 / 4 / 2 tuần tương ứng downside-base-upside
A58: GMV mỗi giờ live | B58: triệu/giờ | C58: 0.8 | D58: 1.5 | E58: 2.5 | F58: =INDEX($C58:$E58,1,$B$6) | G58: Unit econ mục 8: tham số ít dữ liệu công khai nhất
A59: Số giờ live mỗi ngày | B59: giờ | C59: 10 | D59: 12 | E59: 14 | F59: =INDEX($C59:$E59,1,$B$6) | G59: Unit econ mục 7
A60: Số ngày live mỗi tháng | B60: ngày | C60: 26 | D60: 26 | E60: 26 | F60: =INDEX($C60:$E60,1,$B$6) | G60: Unit econ mục 7
A61: Tỷ lệ huỷ & hoàn hàng — IP AI | B61: % GMV gộp | C61: 0.25 | D61: 0.22 | E61: 0.2 | F61: =INDEX($C61:$E61,1,$B$6) | G61: Unit econ mục 7: cao hơn IP người thật
A62: Hoa hồng affiliate — IP AI | B62: % GMV ròng | C62: 0.18 | D62: 0.2 | E62: 0.22 | F62: =INDEX($C62:$E62,1,$B$6) | G62: Unit econ script: AI_SCENARIOS
A63: License & compute / IP AI / tháng | B63: triệu/tháng | C63: 6 | D63: 8 | E63: 10 | F63: =INDEX($C63:$E63,1,$B$6) | G63: Unit econ mục 7
A64: Vận hành & trực chat / IP AI / tháng | B64: triệu/tháng | C64: 10 | D64: 12 | E64: 14 | F64: =INDEX($C64:$E64,1,$B$6) | G64: Unit econ mục 7: 1 người phụ trách 3-5 IP AI
A65: Quảng cáo kéo view — IP AI | B65: % GMV ròng | C65: 0.05 | D65: 0.05 | E65: 0.04 | F65: =INDEX($C65:$E65,1,$B$6) | G65: Unit econ script: AI_SCENARIOS
A66: Chi phí khác / IP AI / tháng | B66: triệu/tháng | C66: 2 | D66: 2 | E66: 2 | F66: =INDEX($C66:$E66,1,$B$6) | G66: Unit econ script: AI_SCENARIOS
A68: G. CHI PHÍ TẦNG CÔNG TY (không phân bổ vào unit economics)
A69: Số BOD / quản lý cấp cao | B69: người | C69: 3 | D69: 3 | E69: 3 | F69: =INDEX($C69:$E69,1,$B$6) | G69: Dự toán
A70: Lương BOD / quản lý cấp cao | B70: triệu/người | C70: 50 | D70: 50 | E70: 50 | F70: =INDEX($C70:$E70,1,$B$6) | G70: Dự toán
A71: Số IP người thật / 1 BD tìm nhãn hàng | B71: IP/người | C71: 8 | D71: 8 | E71: 8 | F71: =INDEX($C71:$E71,1,$B$6) | G71: Dự toán
A72: Lương BD / sales nhãn hàng | B72: triệu/người | C72: 20 | D72: 20 | E72: 20 | F72: =INDEX($C72:$E72,1,$B$6) | G72: Dự toán
A73: Số IP ký mới một tháng / 1 tuyển dụng | B73: IP/người | C73: 4 | D73: 4 | E73: 4 | F73: =INDEX($C73:$E73,1,$B$6) | G73: Dự toán: phễu ~30 ứng viên cho 1 IP được chọn
A74: Lương tuyển dụng & đào tạo | B74: triệu/người | C74: 15 | D74: 15 | E74: 15 | F74: =INDEX($C74:$E74,1,$B$6) | G74: Dự toán
A75: Số tháng tuyển đội công nghệ trước IP AI | B75: tháng | C75: 3 | D75: 3 | E75: 3 | F75: =INDEX($C75:$E75,1,$B$6) | G75: Dự toán
A76: Số kỹ sư công nghệ nền | B76: người | C76: 2 | D76: 2 | E76: 2 | F76: =INDEX($C76:$E76,1,$B$6) | G76: Dự toán
A77: Số IP AI / 1 kỹ sư bổ sung | B77: IP/người | C77: 20 | D77: 20 | E77: 20 | F77: =INDEX($C77:$E77,1,$B$6) | G77: Dự toán
A78: Lương kỹ sư AI / công nghệ | B78: triệu/người | C78: 45 | D78: 45 | E78: 45 | F78: =INDEX($C78:$E78,1,$B$6) | G78: Dự toán: mức thị trường VN
A79: Số back office tối thiểu | B79: người | C79: 2 | D79: 2 | E79: 2 | F79: =INDEX($C79:$E79,1,$B$6) | G79: Dự toán
A80: Số nhân sự / 1 back office bổ sung | B80: người/người | C80: 25 | D80: 25 | E80: 25 | F80: =INDEX($C80:$E80,1,$B$6) | G80: Dự toán
... A89: Số tháng khấu hao | B89: tháng | C89: 36 | D89: 36 | E89: 36 | F89: =INDEX($C89:$E89,1,$B$6) | G89: Khấu hao đường thẳng
A91: H. VỐN LƯU ĐỘNG, THUẾ & GỌI VỐN
A92: Số ngày thu tiền hoa hồng (DSO) | B92: ngày | C92: 60 | D92: 45 | E92: 30 | F92: =INDEX($C92:$E92,1,$B$6) | G92: Sàn/nhãn hàng đối soát và trả sau 30-60 ngày
A93: Số ngày trả chia sẻ cho talent (DPO) | B93: ngày | C93: 15 | D93: 15 | E93: 15 | F93: =INDEX($C93:$E93,1,$B$6) | G93: Trả talent sau khi đối soát
A94: Thue TNDN | B94: % | C94: 0.2 | D94: 0.2 | E94: 0.2 | F94: =INDEX($C94:$E94,1,$B$6) | G94: Thuế suất phổ thông VN, có chuyển lỗ
A95: Tiền mặt đầu kỳ | B95: triệu | C95: 0 | D95: 0 | E95: 0 | F95: =INDEX($C95:$E95,1,$B$6)
A96: Vốn góp vòng 1 | B96: triệu | C96: 30000 | D96: 30000 | E96: 30000 | F96: =INDEX($C96:$E96,1,$B$6) | G96: Sheet Kich_ban: nhu cầu vốn đỉnh điểm base ~31,8 tỷ tại T28
A97: Tháng giải ngân vòng 1 | B97: tháng | C97: 1 | D97: 1 | E97: 1 | F97: =INDEX($C97:$E97,1,$B$6)
A98: Vốn góp vòng 2 | B98: triệu | C98: 12000 | D98: 12000 | E98: 12000 | F98: =INDEX($C98:$E98,1,$B$6) | G98: Tranche 2 sau khi chứng minh unit economics (cohort đầu đã hoà vốn)
A99: Tháng giải ngân vòng 2 | B99: tháng | C99: 19 | D99: 19 | E99: 19 | F99: =INDEX($C99:$E99,1,$B$6)
A101: I. KIỂM ĐỊNH RỦI RO: CÚ SỐC CHÍNH SÁCH NỀN TẢNG VỚI TẦNG AI
A102: % GMV tầng IP AI bị mất | B102: % | C102: 0 | D102: 0 | E102: 0 | F102: =INDEX($C102:$E102,1,$B$6) | G102: Unit econ mục 7: nên chạy thử kịch bản mất 60% GMV tầng AI trong một quý
A103: Tháng bắt đầu cú sốc | B103: tháng | C103: 25 | D103: 25 | E103: 25 | F103: =INDEX($C103:$E103,1,$B$6) | G103: Đặt 0% ở trên để tắt kiểm định
A104: Số tháng kéo dài cú sốc | B104: tháng | C104: 3 | D104: 3 | E104: 3 | F104: =INDEX($C104:$E104,1,$B$6)
A106: THAM SỐ DẪN XUẤT (tự động tính)
A107: Tỷ lệ IP người thật rời bỏ / tháng | B107: %/thang | F107: =1-(1-Gia_dinh!$F$22)^(1/12)
A108: Tỷ lệ IP AI ngừng hoạt động / tháng | B108: %/thang | F108: =1-(1-Gia_dinh!$F$23)^(1/12)
A109: Thu tiền trong tháng phát sinh | B109: % doanh thu | F109: =MAX(0,MIN(1,1-Gia_dinh!$F$92/30))
A110: Thu tiền tháng kế tiếp | B110: % doanh thu | F110: =MAX(0,MIN(1,2-Gia_dinh!$F$92/30)-$F$109)
A111: Thu tiền sau 2 tháng | B111: % doanh thu | F111: =1-$F$109-$F$110
A112: Trả talent trong tháng | B112: % chia sẻ | F112: =MAX(0,MIN(1,1-Gia_dinh!$F$93/30))
A113: Trả talent tháng kế tiếp | B113: % chia sẻ | F113: =MAX(0,MIN(1,2-Gia_dinh!$F$93/30)-$F$112)
A114: Trả talent sau 2 tháng | B114: % chia sẻ | F114: =1-$F$112-$F$113

Sheet Don_vi_IP
A1: UNIT ECONOMICS — MỘT IP NGƯỜI THẬT THEO TUỔI (triệu VND)
A2: Tuổi 0 = tháng casting/dựng IP. Mỗi dòng dưới đây là kết quả của MỘT IP sống sót đến tuổi đó.
B4: Tuổi (tháng) | C4: Giai đoạn | D4: Tỷ lệ sống sót | E4: GMV/phiên | F4: Số phiên | G4: GMV gộp | H4: GMV ròng | I4: Hoa hồng affiliate | J4: Phí booking | K4: Thưởng target | L4: DOANH THU MCN | M4: Chia hoa hồng talent | N4: Lương cứng talent | O4: Ê-kíp | P4: Studio | Q4: Quảng cáo kéo view | R4: Mẫu SP & khác | S4: Chi phí dựng IP | T4: TỔNG CHI PHÍ TRỰC TIẾP | U4: LÃI GỘP | V4: Lãi gộp luỹ kế / IP
B5: 0 | C5: Dựng IP | D5: 1 | E5: =IF(0=0,0,IF(0<=3,Gia_dinh!$F$34,IF(0<=6,Gia_dinh!$F$36,IF(0<=9,Gia_dinh!$F$38,Gia_dinh!$F$40)))) | F5: =IF(0=0,0,IF(0<=3,Gia_dinh!$F$35,IF(0<=6,Gia_dinh!$F$37,IF(0<=9,Gia_dinh!$F$39,Gia_dinh!$F$41)))) | G5: =E5*F5 | H5: =G5*(1-Gia_dinh!$F$26) | I5: =H5*Gia_dinh!$F$27 | J5: =IF(0>=Gia_dinh!$F$29,Gia_dinh!$F$28*F5,0) | K5: =H5*Gia_dinh!$F$30 | L5: =SUM(I5:K5) | M5: =L5*Gia_dinh!$F$46 | N5: =IF(0=0,0,IF(0<=3,Gia_dinh!$F$44,Gia_dinh!$F$45)) | O5: =IF(0=0,0,Gia_dinh!$F$47) | P5: =IF(0=0,0,Gia_dinh!$F$48) | Q5: =H5*IF(0=0,0,IF(0<=3,Gia_dinh!$F$49,IF(0<=6,Gia_dinh!$F$50,IF(0<=9,Gia_dinh!$F$51,Gia_dinh!$F$52)))) | R5: =IF(0=0,0,Gia_dinh!$F$53) | S5: =IF(0=0,Gia_dinh!$F$33,0) | T5: =SUM(M5:S5) | U5: =L5-T5 | V5: =U5
B6: 1 | C6: Ươm | D6: =IF(1>Gia_dinh!$F$18,1-Gia_dinh!$F$19,1)*IF(1>Gia_dinh!$F$20,1-Gia_dinh!$F$21,1)*(1-Gia_dinh!$F$107)^MAX(0,1-9) | E6: =IF(1=0,0,IF(1<=3,Gia_dinh!$F$34,IF(1<=6,Gia_dinh!$F$36,IF(1<=9,Gia_dinh!$F$38,Gia_dinh!$F$40)))) | F6: =IF(1=0,0,IF(1<=3,Gia_dinh!$F$35,IF(1<=6,Gia_dinh!$F$37,IF(1<=9,Gia_dinh!$F$39,Gia_dinh!$F$41)))) | G6: =E6*F6 | H6: =G6*(1-Gia_dinh!$F$26) | I6: =H6*Gia_dinh!$F$27 | J6: =IF(1>=Gia_dinh!$F$29,Gia_dinh!$F$28*F6,0) | K6: =H6*Gia_dinh!$F$30 | L6: =SUM(I6:K6) | M6: =L6*Gia_dinh!$F$46 | N6: =IF(1=0,0,IF(1<=3,Gia_dinh!$F$44,Gia_dinh!$F$45)) | O6: =IF(1=0,0,Gia_dinh!$F$47) | P6: =IF(1=0,0,Gia_dinh!$F$48) | Q6: =H6*IF(1=0,0,IF(1<=3,Gia_dinh!$F$49,IF(1<=6,Gia_dinh!$F$50,IF(1<=9,Gia_dinh!$F$51,Gia_dinh!$F$52)))) | R6: =IF(1=0,0,Gia_dinh!$F$53) | S6: =IF(1=0,Gia_dinh!$F$33,0) | T6: =SUM(M6:S6) | U6: =L6-T6 | V6: =V5+U6
B7: 2 | C7: Ươm | D7: =IF(2>Gia_dinh!$F$18,1-Gia_dinh!$F$19,1)*IF(2>Gia_dinh!$F$20,1-Gia_dinh!$F$21,1)*(1-Gia_dinh!$F$107)^MAX(0,2-9) | E7: =IF(2=0,0,IF(2<=3,Gia_dinh!$F$34,IF(2<=6,Gia_dinh!$F$36,IF(2<=9,Gia_dinh!$F$38,Gia_dinh!$F$40)))) | F7: =IF(2=0,0,IF(2<=3,Gia_dinh!$F$35,IF(2<=6,Gia_dinh!$F$37,IF(2<=9,Gia_dinh!$F$39,Gia_dinh!$F$41)))) | G7: =E7*F7 | H7: =G7*(1-Gia_dinh!$F$26) | I7: =H7*Gia_dinh!$F$27 | J7: =IF(2>=Gia_dinh!$F$29,Gia_dinh!$F$28*F7,0) | K7: =H7*Gia_dinh!$F$30 | L7: =SUM(I7:K7) | M7: =L7*Gia_dinh!$F$46 | N7: =IF(2=0,0,IF(2<=3,Gia_dinh!$F$44,Gia_dinh!$F$45)) | O7: =IF(2=0,0,Gia_dinh!$F$47) | P7: =IF(2=0,0,Gia_dinh!$F$48) | Q7: =H7*IF(2=0,0,IF(2<=3,Gia_dinh!$F$49,IF(2<=6,Gia_dinh!$F$50,IF(2<=9,Gia_dinh!$F$51,Gia_dinh!$F$52)))) | R7: =IF(2=0,0,Gia_dinh!$F$53) | S7: =IF(2=0,Gia_dinh!$F$33,0) | T7: =SUM(M7:S7) | U7: =L7-T7 | V7: =V6+U7
B8: 3 | C8: Ươm | D8: =IF(3>Gia_dinh!$F$18,1-Gia_dinh!$F$19,1)*IF(3>Gia_dinh!$F$20,1-Gia_dinh!$F$21,1)*(1-Gia_dinh!$F$107)^MAX(0,3-9) | E8: =IF(3=0,0,IF(3<=3,Gia_dinh!$F$34,IF(3<=6,Gia_dinh!$F$36,IF(3<=9,Gia_dinh!$F$38,Gia_dinh!$F$40)))) | F8: =IF(3=0,0,IF(3<=3,Gia_dinh!$F$35,IF(3<=6,Gia_dinh!$F$37,IF(3<=9,Gia_dinh!$F$39,Gia_dinh!$F$41)))) | G8: =E8*F8 | H8: =G8*(1-Gia_dinh!$F$26) | I8: =H8*Gia_dinh!$F$27 | J8: =IF(3>=Gia_dinh!$F$29,Gia_dinh!$F$28*F8,0) | K8: =H8*Gia_dinh!$F$30 | L8: =SUM(I8:K8) | M8: =L8*Gia_dinh!$F$46 | N8: =IF(3=0,0,IF(3<=3,Gia_dinh!$F$44,Gia_dinh!$F$45)) | O8: =IF(3=0,0,Gia_dinh!$F$47) | P8: =IF(3=0,0,Gia_dinh!$F$48) | Q8: =H8*IF(3=0,0,IF(3<=3,Gia_dinh!$F$49,IF(3<=6,Gia_dinh!$F$50,IF(3<=9,Gia_dinh!$F$51,Gia_dinh!$F$52)))) | R8: =IF(3=0,0,Gia_dinh!$F$53) | S8: =IF(3=0,Gia_dinh!$F$33,0) | T8: =SUM(M8:S8) | U8: =L8-T8 | V8: =V7+U8
B9: 4 | C9: Tăng trưởng sớm | D9: =IF(4>Gia_dinh!$F$18,1-Gia_dinh!$F$19,1)*IF(4>Gia_dinh!$F$20,1-Gia_dinh!$F$21,1)*(1-Gia_dinh!$F$107)^MAX(0,4-9) | E9: =IF(4=0,0,IF(4<=3,Gia_dinh!$F$34,IF(4<=6,Gia_dinh!$F$36,IF(4<=9,Gia_dinh!$F$38,Gia_dinh!$F$40)))) | F9: =IF(4=0,0,IF(4<=3,Gia_dinh!$F$35,IF(4<=6,Gia_dinh!$F$37,IF(4<=9,Gia_dinh!$F$39,Gia_dinh!$F$41)))) | G9: =E9*F9 | H9: =G9*(1-Gia_dinh!$F$26) | I9: =H9*Gia_dinh!$F$27 | J9: =IF(4>=Gia_dinh!$F$29,Gia_dinh!$F$28*F9,0) | K9: =H9*Gia_dinh!$F$30 | L9: =SUM(I9:K9) | M9: =L9*Gia_dinh!$F$46 | N9: =IF(4=0,0,IF(4<=3,Gia_dinh!$F$44,Gia_dinh!$F$45)) | O9: =IF(4=0,0,Gia_dinh!$F$47) | P9: =IF(4=0,0,Gia_dinh!$F$48) | Q9: =H9*IF(4=0,0,IF(4<=3,Gia_dinh!$F$49,IF(4<=6,Gia_dinh!$F$50,IF(4<=9,Gia_dinh!$F$51,Gia_dinh!$F$52)))) | R9: =IF(4=0,0,Gia_dinh!$F$53) | S9: =IF(4=0,Gia_dinh!$F$33,0) | T9: =SUM(M9:S9) | U9: =L9-T9 | V9: =V8+U9
B10: 5 | C10: Tăng trưởng sớm | D10: =IF(5>Gia_dinh!$F$18,1-Gia_dinh!$F$19,1)*IF(5>Gia_dinh!$F$20,1-Gia_dinh!$F$21,1)*(1-Gia_dinh!$F$107)^MAX(0,5-9) | E10: =IF(5=0,0,IF(5<=3,Gia_dinh!$F$34,IF(5<=6,Gia_dinh!$F$36,IF(5<=9,Gia_dinh!$F$38,Gia_dinh!$F$40)))) | F10: =IF(5=0,0,IF(5<=3,Gia_dinh!$F$35,IF(5<=6,Gia_dinh!$F$37,IF(5<=9,Gia_dinh!$F$39,Gia_dinh!$F$41)))) | G10: =E10*F10 | H10: =G10*(1-Gia_dinh!$F$26) | I10: =H10*Gia_dinh!$F$27 | J10: =IF(5>=Gia_dinh!$F$29,Gia_dinh!$F$28*F10,0) | K10: =H10*Gia_dinh!$F$30 | L10: =SUM(I10:K10) | M10: =L10*Gia_dinh!$F$46 | N10: =IF(5=0,0,IF(5<=3,Gia_dinh!$F$44,Gia_dinh!$F$45)) | O10: =IF(5=0,0,Gia_dinh!$F$47) | P10: =IF(5=0,0,Gia_dinh!$F$48) | Q10: =H10*IF(5=0,0,IF(5<=3,Gia_dinh!$F$49,IF(5<=6,Gia_dinh!$F$50,IF(5<=9,Gia_dinh!$F$51,Gia_dinh!$F$52)))) | R10: =IF(5=0,0,Gia_dinh!$F$53) | S10: =IF(5=0,Gia_dinh!$F$33,0) | T10: =SUM(M10:S10) | U10: =L10-T10 | V10: =V9+U10
B11: 6 | C11: Tăng trưởng sớm | D11: =IF(6>Gia_dinh!$F$18,1-Gia_dinh!$F$19,1)*IF(6>Gia_dinh!$F$20,1-Gia_dinh!$F$21,1)*(1-Gia_dinh!$F$107)^MAX(0,6-9) | E11: =IF(6=0,0,IF(6<=3,Gia_dinh!$F$34,IF(6<=6,Gia_dinh!$F$36,IF(6<=9,Gia_dinh!$F$38,Gia_dinh!$F$40)))) | F11: =IF(6=0,0,IF(6<=3,Gia_dinh!$F$35,IF(6<=6,Gia_dinh!$F$37,IF(6<=9,Gia_dinh!$F$39,Gia_dinh!$F$41)))) | G11: =E11*F11 | H11: =G11*(1-Gia_dinh!$F$26) | I11: =H11*Gia_dinh!$F$27 | J11: =IF(6>=Gia_dinh!$F$29,Gia_dinh!$F$28*F11,0) | K11: =H11*Gia_dinh!$F$30 | L11: =SUM(I11:K11) | M11: =L11*Gia_dinh!$F$46 | N11: =IF(6=0,0,IF(6<=3,Gia_dinh!$F$44,Gia_dinh!$F$45)) | O11: =IF(6=0,0,Gia_dinh!$F$47) | P11: =IF(6=0,0,Gia_dinh!$F$48) | Q11: =H11*IF(6=0,0,IF(6<=3,Gia_dinh!$F$49,IF(6<=6,Gia_dinh!$F$50,IF(6<=9,Gia_dinh!$F$51,Gia_dinh!$F$52)))) | R11: =IF(6=0,0,Gia_dinh!$F$53) | S11: =IF(6=0,Gia_dinh!$F$33,0) | T11: =SUM(M11:S11) | U11: =L11-T11 | V11: =V10+U11
B12: 7 | C12: Tăng trưởng | D12: =IF(7>Gia_dinh!$F$18,1-Gia_dinh!$F$19,1)*IF(7>Gia_dinh!$F$20,1-Gia_dinh!$F$21,1)*(1-Gia_dinh!$F$107)^MAX(0,7-9) | E12: =IF(7=0,0,IF(7<=3,Gia_dinh!$F$34,IF(7<=6,Gia_dinh!$F$36,IF(7<=9,Gia_dinh!$F$38,Gia_dinh!$F$40)))) | F12: =IF(7=0,0,IF(7<=3,Gia_dinh!$F$35,IF(7<=6,Gia_dinh!$F$37,IF(7<=9,Gia_dinh!$F$39,Gia_dinh!$F$41)))) | G12: =E12*F12 | H12: =G12*(1-Gia_dinh!$F$26) | I12: =H12*Gia_dinh!$F$27 | J12: =IF(7>=Gia_dinh!$F$29,Gia_dinh!$F$28*F12,0) | K12: =H12*Gia_dinh!$F$30 | L12: =SUM(I12:K12) | M12: =L12*Gia_dinh!$F$46 | N12: =IF(7=0,0,IF(7<=3,Gia_dinh!$F$44,Gia_dinh!$F$45)) | O12: =IF(7=0,0,Gia_dinh!$F$47) | P12: =IF(7=0,0,Gia_dinh!$F$48) | Q12: =H12*IF(7=0,0,IF(7<=3,Gia_dinh!$F$49,IF(7<=6,Gia_dinh!$F$50,IF(7<=9,Gia_dinh!$F$51,Gia_dinh!$F$52)))) | R12: =IF(7=0,0,Gia_dinh!$F$53) | S12: =IF(7=0,Gia_dinh!$F$33,0) | T12: =SUM(M12:S12) | U12: =L12-T12 | V12: =V11+U12
B13: 8 | C13: Tăng trưởng | D13: =IF(8>Gia_dinh!$F$18,1-Gia_dinh!$F$19,1)*IF(8>Gia_dinh!$F$20,1-Gia_dinh!$F$21,1)*(1-Gia_dinh!$F$107)^MAX(0,8-9) | E13: =IF(8=0,0,IF(8<=3,Gia_dinh!$F$34,IF(8<=6,Gia_dinh!$F$36,IF(8<=9,Gia_dinh!$F$38,Gia_dinh!$F$40)))) | F13: =IF(8=0,0,IF(8<=3,Gia_dinh!$F$35,IF(8<=6,Gia_dinh!$F$37,IF(8<=9,Gia_dinh!$F$39,Gia_dinh!$F$41)))) | G13: =E13*F13 | H13: =G13*(1-Gia_dinh!$F$26) | I13: =H13*Gia_dinh!$F$27 | J13: =IF(8>=Gia_dinh!$F$29,Gia_dinh!$F$28*F13,0) | K13: =H13*Gia_dinh!$F$30 | L13: =SUM(I13:K13) | M13: =L13*Gia_dinh!$F$46 | N13: =IF(8=0,0,IF(8<=3,Gia_dinh!$F$44,Gia_dinh!$F$45)) | O13: =IF(8=0,0,Gia_dinh!$F$47) | P13: =IF(8=0,0,Gia_dinh!$F$48) | Q13: =H13*IF(8=0,0,IF(8<=3,Gia_dinh!$F$49,IF(8<=6,Gia_dinh!$F$50,IF(8<=9,Gia_dinh!$F$51,Gia_dinh!$F$52)))) | R13: =IF(8=0,0,Gia_dinh!$F$53) | S13: =IF(8=0,Gia_dinh!$F$33,0) | T13: =SUM(M13:S13) | U13: =L13-T13 | V13: =V12+U13
B14: 9 | C14: Tăng trưởng | D14: =IF(9>Gia_dinh!$F$18,1-Gia_dinh!$F$19,1)*IF(9>Gia_dinh!$F$20,1-Gia_dinh!$F$21,1)*(1-Gia_dinh!$F$107)^MAX(0,9-9) | E14: =IF(9=0,0,IF(9<=3,Gia_dinh!$F$34,IF(9<=6,Gia_dinh!$F$36,IF(9<=9,Gia_dinh!$F$38,Gia_dinh!$F$40)))) | F14: =IF(9=0,0,IF(9<=3,Gia_dinh!$F$35,IF(9<=6,Gia_dinh!$F$37,IF(9<=9,Gia_dinh!$F$39,Gia_dinh!$F$41)))) | G14: =E14*F14 | H14: =G14*(1-Gia_dinh!$F$26) | I14: =H14*Gia_dinh!$F$27 | J14: =IF(9>=Gia_dinh!$F$29,Gia_dinh!$F$28*F14,0) | K14: =H14*Gia_dinh!$F$30 | L14: =SUM(I14:K14) | M14: =L14*Gia_dinh!$F$46 | N14: =IF(9=0,0,IF(9<=3,Gia_dinh!$F$44,Gia_dinh!$F$45)) | O14: =IF(9=0,0,Gia_dinh!$F$47) | P14: =IF(9=0,0,Gia_dinh!$F$48) | Q14: =H14*IF(9=0,0,IF(9<=3,Gia_dinh!$F$49,IF(9<=6,Gia_dinh!$F$50,IF(9<=9,Gia_dinh!$F$51,Gia_dinh!$F$52)))) | R14: =IF(9=0,0,Gia_dinh!$F$53) | S14: =IF(9=0,Gia_dinh!$F$33,0) | T14: =SUM(M14:S14) | U14: =L14-T14 | V14: =V13+U14
B15: 10 | C15: Ổn định | D15: =IF(10>Gia_dinh!$F$18,1-Gia_dinh!$F$19,1)*IF(10>Gia_dinh!$F$20,1-Gia_dinh!$F$21,1)*(1-Gia_dinh!$F$107)^MAX(0,10-9) | E15: =IF(10=0,0,IF(10<=3,Gia_dinh!$F$34,IF(10<=6,Gia_dinh!$F$36,IF(10<=9,Gia_dinh!$F$38,Gia_dinh!$F$40)))) | F15: =IF(10=0,0,IF(10<=3,Gia_dinh!$F$35,IF(10<=6,Gia_dinh!$F$37,IF(10<=9,Gia_dinh!$F$39,Gia_dinh!$F$41)))) | G15: =E15*F15 | H15: =G15*(1-Gia_dinh!$F$26) | I15: =H15*Gia_dinh!$F$27 | J15: =IF(10>=Gia_dinh!$F$29,Gia_dinh!$F$28*F15,0) | K15: =H15*Gia_dinh!$F$30 | L15: =SUM(I15:K15) | M15: =L15*Gia_dinh!$F$46 | N15: =IF(10=0,0,IF(10<=3,Gia_dinh!$F$44,Gia_dinh!$F$45)) | O15: =IF(10=0,0,Gia_dinh!$F$47) | P15: =IF(10=0,0,Gia_dinh!$F$48) | Q15: =H15*IF(10=0,0,IF(10<=3,Gia_dinh!$F$49,IF(10<=6,Gia_dinh!$F$50,IF(10<=9,Gia_dinh!$F$51,Gia_dinh!$F$52)))) | R15: =IF(10=0,0,Gia_dinh!$F$53) | S15: =IF(10=0,Gia_dinh!$F$33,0) | T15: =SUM(M15:S15) | U15: =L15-T15 | V15: =V14+U15
B16: 11 | C16: Ổn định | D16: =IF(11>Gia_dinh!$F$18,1-Gia_dinh!$F$19,1)*IF(11>Gia_dinh!$F$20,1-Gia_dinh!$F$21,1)*(1-Gia_dinh!$F$107)^MAX(0,11-9) | E16: =IF(11=0,0,IF(11<=3,Gia_dinh!$F$34,IF(11<=6,Gia_dinh!$F$36,IF(11<=9,Gia_dinh!$F$38,Gia_dinh!$F$40)))) | F16: =IF(11=0,0,IF(11<=3,Gia_dinh!$F$35,IF(11<=6,Gia_dinh!$F$37,IF(11<=9,Gia_dinh!$F$39,Gia_dinh!$F$41)))) | G16: =E16*F16 | H16: =G16*(1-Gia_dinh!$F$26) | I16: =H16*Gia_dinh!$F$27 | J16: =IF(11>=Gia_dinh!$F$29,Gia_dinh!$F$28*F16,0) | K16: =H16*Gia_dinh!$F$30 | L16: =SUM(I16:K16) | M16: =L16*Gia_dinh!$F$46 | N16: =IF(11=0,0,IF(11<=3,Gia_dinh!$F$44,Gia_dinh!$F$45)) | O16: =IF(11=0,0,Gia_dinh!$F$47) | P16: =IF(11=0,0,Gia_dinh!$F$48) | Q16: =H16*IF(11=0,0,IF(11<=3,Gia_dinh!$F$49,IF(11<=6,Gia_dinh!$F$50,IF(11<=9,Gia_dinh!$F$51,Gia_dinh!$F$52)))) | R16: =IF(11=0,0,Gia_dinh!$F$53) | S16: =IF(11=0,Gia_dinh!$F$33,0) | T16: =SUM(M16:S16) | U16: =L16-T16 | V16: =V15+U16
B17: 12 | C17: Ổn định | D17: =IF(12>Gia_dinh!$F$18,1-Gia_dinh!$F$19,1)*IF(12>Gia_dinh!$F$20,1-Gia_dinh!$F$21,1)*(1-Gia_dinh!$F$107)^MAX(0,12-9) | E17: =IF(12=0,0,IF(12<=3,Gia_dinh!$F$34,IF(12<=6,Gia_dinh!$F$36,IF(12<=9,Gia_dinh!$F$38,Gia_dinh!$F$40)))) | F17: =IF(12=0,0,IF(12<=3,Gia_dinh!$F$35,IF(12<=6,Gia_dinh!$F$37,IF(12<=9,Gia_dinh!$F$39,Gia_dinh!$F$41)))) | G17: =E17*F17 | H17: =G17*(1-Gia_dinh!$F$26) | I17: =H17*Gia_dinh!$F$27 | J17: =IF(12>=Gia_dinh!$F$29,Gia_dinh!$F$28*F17,0) | K17: =H17*Gia_dinh!$F$30 | L17: =SUM(I17:K17) | M17: =L17*Gia_dinh!$F$46 | N17: =IF(12=0,0,IF(12<=3,Gia_dinh!$F$44,Gia_dinh!$F$45)) | O17: =IF(12=0,0,Gia_dinh!$F$47) | P17: =IF(12=0,0,Gia_dinh!$F$48) | Q17: =H17*IF(12=0,0,IF(12<=3,Gia_dinh!$F$49,IF(12<=6,Gia_dinh!$F$50,IF(12<=9,Gia_dinh!$F$51,Gia_dinh!$F$52)))) | R17: =IF(12=0,0,Gia_dinh!$F$53) | S17: =IF(12=0,Gia_dinh!$F$33,0) | T17: =SUM(M17:S17) | U17: =L17-T17 | V17: =V16+U17
B18: 13 | C18: Ổn định | D18: =IF(13>Gia_dinh!$F$18,1-Gia_dinh!$F$19,1)*IF(13>Gia_dinh!$F$20,1-Gia_dinh!$F$21,1)*(1-Gia_dinh!$F$107)^MAX(0,13-9) | E18: =IF(13=0,0,IF(13<=3,Gia_dinh!$F$34,IF(13<=6,Gia_dinh!$F$36,IF(13<=9,Gia_dinh!$F$38,Gia_dinh!$F$40)))) | F18: =IF(13=0,0,IF(13<=3,Gia_dinh!$F$35,IF(13<=6,Gia_dinh!$F$37,IF(13<=9,Gia_dinh!$F$39,Gia_dinh!$F$41)))) | G18: =E18*F18 | H18: =G18*(1-Gia_dinh!$F$26) | I18: =H18*Gia_dinh!$F$27 | J18: =IF(13>=Gia_dinh!$F$29,Gia_dinh!$F$28*F18,0) | K18: =H18*Gia_dinh!$F$30 | L18: =SUM(I18:K18) | M18: =L18*Gia_dinh!$F$46 | N18: =IF(13=0,0,IF(13<=3,Gia_dinh!$F$44,Gia_dinh!$F$45)) | O18: =IF(13=0,0,Gia_dinh!$F$47) | P18: =IF(13=0,0,Gia_dinh!$F$48) | Q18: =H18*IF(13=0,0,IF(13<=3,Gia_dinh!$F$49,IF(13<=6,Gia_dinh!$F$50,IF(13<=9,Gia_dinh!$F$51,Gia_dinh!$F$52)))) | R18: =IF(13=0,0,Gia_dinh!$F$53) | S18: =IF(13=0,Gia_dinh!$F$33,0) | T18: =SUM(M18:S18) | U18: =L18-T18 | V18: =V17+U18
B19: 14 | C19: Ổn định | D19: =IF(14>Gia_dinh!$F$18,1-Gia_dinh!$F$19,1)*IF(14>Gia_dinh!$F$20,1-Gia_dinh!$F$21,1)*(1-Gia_dinh!$F$107)^MAX(0,14-9) | E19: =IF(14=0,0,IF(14<=3,Gia_dinh!$F$34,IF(14<=6,Gia_dinh!$F$36,IF(14<=9,Gia_dinh!$F$38,Gia_dinh!$F$40)))) | F19: =IF(14=0,0,IF(14<=3,Gia_dinh!$F$35,IF(14<=6,Gia_dinh!$F$37,IF(14<=9,Gia_dinh!$F$39,Gia_dinh!$F$41)))) | G19: =E19*F19 | H19: =G19*(1-Gia_dinh!$F$26) | I19: =H19*Gia_dinh!$F$27 | J19: =IF(14>=Gia_dinh!$F$29,Gia_dinh!$F$28*F19,0) | K19: =H19*Gia_dinh!$F$30 | L19: =SUM(I19:K19) | M19: =L19*Gia_dinh!$F$46 | N19: =IF(14=0,0,IF(14<=3,Gia_dinh!$F$44,Gia_dinh!$F$45)) | O19: =IF(14=0,0,Gia_dinh!$F$47) | P19: =IF(14=0,0,Gia_dinh!$F$48) | Q19: =H19*IF(14=0,0,IF(14<=3,Gia_dinh!$F$49,IF(14<=6,Gia_dinh!$F$50,IF(14<=9,Gia_dinh!$F$51,Gia_dinh!$F$52)))) | R19: =IF(14=0,0,Gia_dinh!$F$53) | S19: =IF(14=0,Gia_dinh!$F$33,0) | T19: =SUM(M19:S19) | U19: =L19-T19 | V19: =V18+U19
B20: 15 | C20: Ổn định | D20: =IF(15>Gia_dinh!$F$18,1-Gia_dinh!$F$19,1)*IF(15>Gia_dinh!$F$20,1-Gia_dinh!$F$21,1)*(1-Gia_dinh!$F$107)^MAX(0,15-9) | E20: =IF(15=0,0,IF(15<=3,Gia_dinh!$F$34,IF(15<=6,Gia_dinh!$F$36,IF(15<=9,Gia_dinh!$F$38,Gia_dinh!$F$40)))) | F20: =IF(15=0,0,IF(15<=3,Gia_dinh!$F$35,IF(15<=6,Gia_dinh!$F$37,IF(15<=9,Gia_dinh!$F$39,Gia_dinh!$F$41)))) | G20: =E20*F20 | H20: =G20*(1-Gia_dinh!$F$26) | I20: =H20*Gia_dinh!$F$27 | J20: =IF(15>=Gia_dinh!$F$29,Gia_dinh!$F$28*F20,0) | K20: =H20*Gia_dinh!$F$30 | L20: =SUM(I20:K20) | M20: =L20*Gia_dinh!$F$46 | N20: =IF(15=0,0,IF(15<=3,Gia_dinh!$F$44,Gia_dinh!$F$45)) | O20: =IF(15=0,0,Gia_dinh!$F$47) | P20: =IF(15=0,0,Gia_dinh!$F$48) | Q20: =H20*IF(15=0,0,IF(15<=3,Gia_dinh!$F$49,IF(15<=6,Gia_dinh!$F$50,IF(15<=9,Gia_dinh!$F$51,Gia_dinh!$F$52)))) | R20: =IF(15=0,0,Gia_dinh!$F$53) | S20: =IF(15=0,Gia_dinh!$F$33,0) | T20: =SUM(M20:S20) | U20: =L20-T20 | V20: =V19+U20
B21: 16 | C21: Ổn định | D21: =IF(16>Gia_dinh!$F$18,1-Gia_dinh!$F$19,1)*IF(16>Gia_dinh!$F$20,1-Gia_dinh!$F$21,1)*(1-Gia_dinh!$F$107)^MAX(0,16-9) | E21: =IF(16=0,0,IF(16<=3,Gia_dinh!$F$34,IF(16<=6,Gia_dinh!$F$36,IF(16<=9,Gia_dinh!$F$38,Gia_dinh!$F$40)))) | F21: =IF(16=0,0,IF(16<=3,Gia_dinh!$F$35,IF(16<=6,Gia_dinh!$F$37,IF(16<=9,Gia_dinh!$F$39,Gia_dinh!$F$41)))) | G21: =E21*F21 | H21: =G21*(1-Gia_dinh!$F$26) | I21: =H21*Gia_dinh!$F$27 | J21: =IF(16>=Gia_dinh!$F$29,Gia_dinh!$F$28*F21,0) | K21: =H21*Gia_dinh!$F$30 | L21: =SUM(I21:K21) | M21: =L21*Gia_dinh!$F$46 | N21: =IF(16=0,0,IF(16<=3,Gia_dinh!$F$44,Gia_dinh!$F$45)) | O21: =IF(16=0,0,Gia_dinh!$F$47) | P21: =IF(16=0,0,Gia_dinh!$F$48) | Q21: =H21*IF(16=0,0,IF(16<=3,Gia_dinh!$F$49,IF(16<=6,Gia_dinh!$F$50,IF(16<=9,Gia_dinh!$F$51,Gia_dinh!$F$52)))) | R21: =IF(16=0,0,Gia_dinh!$F$53) | S21: =IF(16=0,Gia_dinh!$F$33,0) | T21: =SUM(M21:S21) | U21: =L21-T21 | V21: =V20+U21
B22: 17 | C22: Ổn định | D22: =IF(17>Gia_dinh!$F$18,1-Gia_dinh!$F$19,1)*IF(17>Gia_dinh!$F$20,1-Gia_dinh!$F$21,1)*(1-Gia_dinh!$F$107)^MAX(0,17-9) | E22: =IF(17=0,0,IF(17<=3,Gia_dinh!$F$34,IF(17<=6,Gia_dinh!$F$36,IF(17<=9,Gia_dinh!$F$38,Gia_dinh!$F$40)))) | F22: =IF(17=0,0,IF(17<=3,Gia_dinh!$F$35,IF(17<=6,Gia_dinh!$F$37,IF(17<=9,Gia_dinh!$F$39,Gia_dinh!$F$41)))) | G22: =E22*F22 | H22: =G22*(1-Gia_dinh!$F$26) | I22: =H22*Gia_dinh!$F$27 | J22: =IF(17>=Gia_dinh!$F$29,Gia_dinh!$F$28*F22,0) | K22: =H22*Gia_dinh!$F$30 | L22: =SUM(I22:K22) | M22: =L22*Gia_dinh!$F$46 | N22: =IF(17=0,0,IF(17<=3,Gia_dinh!$F$44,Gia_dinh!$F$45)) | O22: =IF(17=0,0,Gia_dinh!$F$47) | P22: =IF(17=0,0,Gia_dinh!$F$48) | Q22: =H22*IF(17=0,0,IF(17<=3,Gia_dinh!$F$49,IF(17<=6,Gia_dinh!$F$50,IF(17<=9,Gia_dinh!$F$51,Gia_dinh!$F$52)))) | R22: =IF(17=0,0,Gia_dinh!$F$53) | S22: =IF(17=0,Gia_dinh!$F$33,0) | T22: =SUM(M22:S22) | U22: =L22-T22 | V22: =V21+U22
B23: 18 | C23: Ổn định | D23: =IF(18>Gia_dinh!$F$18,1-Gia_dinh!$F$19,1)*IF(18>Gia_dinh!$F$20,1-Gia_dinh!$F$21,1)*(1-Gia_dinh!$F$107)^MAX(0,18-9) | E23: =IF(18=0,0,IF(18<=3,Gia_dinh!$F$34,IF(18<=6,Gia_dinh!$F$36,IF(18<=9,Gia_dinh!$F$38,Gia_dinh!$F$40)))) | F23: =IF(18=0,0,IF(18<=3,Gia_dinh!$F$35,IF(18<=6,Gia_dinh!$F$37,IF(18<=9,Gia_dinh!$F$39,Gia_dinh!$F$41)))) | G23: =E23*F23 | H23: =G23*(1-Gia_dinh!$F$26) | I23: =H23*Gia_dinh!$F$27 | J23: =IF(18>=Gia_dinh!$F$29,Gia_dinh!$F$28*F23,0) | K23: =H23*Gia_dinh!$F$30 | L23: =SUM(I23:K23) | M23: =L23*Gia_dinh!$F$46 | N23: =IF(18=0,0,IF(18<=3,Gia_dinh!$F$44,Gia_dinh!$F$45)) | O23: =IF(18=0,0,Gia_dinh!$F$47) | P23: =IF(18=0,0,Gia_dinh!$F$48) | Q23: =H23*IF(18=0,0,IF(18<=3,Gia_dinh!$F$49,IF(18<=6,Gia_dinh!$F$50,IF(18<=9,Gia_dinh!$F$51,Gia_dinh!$F$52)))) | R23: =IF(18=0,0,Gia_dinh!$F$53) | S23: =IF(18=0,Gia_dinh!$F$33,0) | T23: =SUM(M23:S23) | U23: =L23-T23 | V23: =V22+U23
B24: 19 | C24: Ổn định | D24: =IF(19>Gia_dinh!$F$18,1-Gia_dinh!$F$19,1)*IF(19>Gia_dinh!$F$20,1-Gia_dinh!$F$21,1)*(1-Gia_dinh!$F$107)^MAX(0,19-9) | E24: =IF(19=0,0,IF(19<=3,Gia_dinh!$F$34,IF(19<=6,Gia_dinh!$F$36,IF(19<=9,Gia_dinh!$F$38,Gia_dinh!$F$40)))) | F24: =IF(19=0,0,IF(19<=3,Gia_dinh!$F$35,IF(19<=6,Gia_dinh!$F$37,IF(19<=9,Gia_dinh!$F$39,Gia_dinh!$F$41)))) | G24: =E24*F24 | H24: =G24*(1-Gia_dinh!$F$26) | I24: =H24*Gia_dinh!$F$27 | J24: =IF(19>=Gia_dinh!$F$29,Gia_dinh!$F$28*F24,0) | K24: =H24*Gia_dinh!$F$30 | L24: =SUM(I24:K24) | M24: =L24*Gia_dinh!$F$46 | N24: =IF(19=0,0,IF(19<=3,Gia_dinh!$F$44,Gia_dinh!$F$45)) | O24: =IF(19=0,0,Gia_dinh!$F$47) | P24: =IF(19=0,0,Gia_dinh!$F$48) | Q24: =H24*IF(19=0,0,IF(19<=3,Gia_dinh!$F$49,IF(19<=6,Gia_dinh!$F$50,IF(19<=9,Gia_dinh!$F$51,Gia_dinh!$F$52)))) | R24: =IF(19=0,0,Gia_dinh!$F$53) | S24: =IF(19=0,Gia_dinh!$F$33,0) | T24: =SUM(M24:S24) | U24: =L24-T24 | V24: =V23+U24
B25: 20 | C25: Ổn định | D25: =IF(20>Gia_dinh!$F$18,1-Gia_dinh!$F$19,1)*IF(20>Gia_dinh!$F$20,1-Gia_dinh!$F$21,1)*(1-Gia_dinh!$F$107)^MAX(0,20-9) | E25: =IF(20=0,0,IF(20<=3,Gia_dinh!$F$34,IF(20<=6,Gia_dinh!$F$36,IF(20<=9,Gia_dinh!$F$38,Gia_dinh!$F$40)))) | F25: =IF(20=0,0,IF(20<=3,Gia_dinh!$F$35,IF(20<=6,Gia_dinh!$F$37,IF(20<=9,Gia_dinh!$F$39,Gia_dinh!$F$41)))) | G25: =E25*F25 | H25: =G25*(1-Gia_dinh!$F$26) | I25: =H25*Gia_dinh!$F$27 | J25: =IF(20>=Gia_dinh!$F$29,Gia_dinh!$F$28*F25,0) | K25: =H25*Gia_dinh!$F$30 | L25: =SUM(I25:K25) | M25: =L25*Gia_dinh!$F$46 | N25: =IF(20=0,0,IF(20<=3,Gia_dinh!$F$44,Gia_dinh!$F$45)) | O25: =IF(20=0,0,Gia_dinh!$F$47) | P25: =IF(20=0,0,Gia_dinh!$F$48) | Q25: =H25*IF(20=0,0,IF(20<=3,Gia_dinh!$F$49,IF(20<=6,Gia_dinh!$F$50,IF(20<=9,Gia_dinh!$F$51,Gia_dinh!$F$52)))) | R25: =IF(20=0,0,Gia_dinh!$F$53) | S25: =IF(20=0,Gia_dinh!$F$33,0) | T25: =SUM(M25:S25) | U25: =L25-T25 | V25: =V24+U25
B26: 21 | C26: Ổn định | D26: =IF(21>Gia_dinh!$F$18,1-Gia_dinh!$F$19,1)*IF(21>Gia_dinh!$F$20,1-Gia_dinh!$F$21,1)*(1-Gia_dinh!$F$107)^MAX(0,21-9) | E26: =IF(21=0,0,IF(21<=3,Gia_dinh!$F$34,IF(21<=6,Gia_dinh!$F$36,IF(21<=9,Gia_dinh!$F$38,Gia_dinh!$F$40)))) | F26: =IF(21=0,0,IF(21<=3,Gia_dinh!$F$35,IF(21<=6,Gia_dinh!$F$37,IF(21<=9,Gia_dinh!$F$39,Gia_dinh!$F$41)))) | G26: =E26*F26 | H26: =G26*(1-Gia_dinh!$F$26) | I26: =H26*Gia_dinh!$F$27 | J26: =IF(21>=Gia_dinh!$F$29,Gia_dinh!$F$28*F26,0) | K26: =H26*Gia_dinh!$F$30 | L26: =SUM(I26:K26) | M26: =L26*Gia_dinh!$F$46 | N26: =IF(21=0,0,IF(21<=3,Gia_dinh!$F$44,Gia_dinh!$F$45)) | O26: =IF(21=0,0,Gia_dinh!$F$47) | P26: =IF(21=0,0,Gia_dinh!$F$48) | Q26: =H26*IF(21=0,0,IF(21<=3,Gia_dinh!$F$49,IF(21<=6,Gia_dinh!$F$50,IF(21<=9,Gia_dinh!$F$51,Gia_dinh!$F$52)))) | R26: =IF(21=0,0,Gia_dinh!$F$53) | S26: =IF(21=0,Gia_dinh!$F$33,0) | T26: =SUM(M26:S26) | U26: =L26-T26 | V26: =V25+U26
B27: 22 | C27: Ổn định | D27: =IF(22>Gia_dinh!$F$18,1-Gia_dinh!$F$19,1)*IF(22>Gia_dinh!$F$20,1-Gia_dinh!$F$21,1)*(1-Gia_dinh!$F$107)^MAX(0,22-9) | E27: =IF(22=0,0,IF(22<=3,Gia_dinh!$F$34,IF(22<=6,Gia_dinh!$F$36,IF(22<=9,Gia_dinh!$F$38,Gia_dinh!$F$40)))) | F27: =IF(22=0,0,IF(22<=3,Gia_dinh!$F$35,IF(22<=6,Gia_dinh!$F$37,IF(22<=9,Gia_dinh!$F$39,Gia_dinh!$F$41)))) | G27: =E27*F27 | H27: =G27*(1-Gia_dinh!$F$26) | I27: =H27*Gia_dinh!$F$27 | J27: =IF(22>=Gia_dinh!$F$29,Gia_dinh!$F$28*F27,0) | K27: =H27*Gia_dinh!$F$30 | L27: =SUM(I27:K27) | M27: =L27*Gia_dinh!$F$46 | N27: =IF(22=0,0,IF(22<=3,Gia_dinh!$F$44,Gia_dinh!$F$45)) | O27: =IF(22=0,0,Gia_dinh!$F$47) | P27: =IF(22=0,0,Gia_dinh!$F$48) | Q27: =H27*IF(22=0,0,IF(22<=3,Gia_dinh!$F$49,IF(22<=6,Gia_dinh!$F$50,IF(22<=9,Gia_dinh!$F$51,Gia_dinh!$F$52)))) | R27: =IF(22=0,0,Gia_dinh!$F$53) | S27: =IF(22=0,Gia_dinh!$F$33,0) | T27: =SUM(M27:S27) | U27: =L27-T27 | V27: =V26+U27
B28: 23 | C28: Ổn định | D28: =IF(23>Gia_dinh!$F$18,1-Gia_dinh!$F$19,1)*IF(23>Gia_dinh!$F$20,1-Gia_dinh!$F$21,1)*(1-Gia_dinh!$F$107)^MAX(0,23-9) | E28: =IF(23=0,0,IF(23<=3,Gia_dinh!$F$34,IF(23<=6,Gia_dinh!$F$36,IF(23<=9,Gia_dinh!$F$38,Gia_dinh!$F$40)))) | F28: =IF(23=0,0,IF(23<=3,Gia_dinh!$F$35,IF(23<=6,Gia_dinh!$F$37,IF(23<=9,Gia_dinh!$F$39,Gia_dinh!$F$41)))) | G28: =E28*F28 | H28: =G28*(1-Gia_dinh!$F$26) | I28: =H28*Gia_dinh!$F$27 | J28: =IF(23>=Gia_dinh!$F$29,Gia_dinh!$F$28*F28,0) | K28: =H28*Gia_dinh!$F$30 | L28: =SUM(I28:K28) | M28: =L28*Gia_dinh!$F$46 | N28: =IF(23=0,0,IF(23<=3,Gia_dinh!$F$44,Gia_dinh!$F$45)) | O28: =IF(23=0,0,Gia_dinh!$F$47) | P28: =IF(23=0,0,Gia_dinh!$F$48) | Q28: =H28*IF(23=0,0,IF(23<=3,Gia_dinh!$F$49,IF(23<=6,Gia_dinh!$F$50,IF(23<=9,Gia_dinh!$F$51,Gia_dinh!$F$52)))) | R28: =IF(23=0,0,Gia_dinh!$F$53) | S28: =IF(23=0,Gia_dinh!$F$33,0) | T28: =SUM(M28:S28) | U28: =L28-T28 | V28: =V27+U28
B29: 24 | C29: Ổn định | D29: =IF(24>Gia_dinh!$F$18,1-Gia_dinh!$F$19,1)*IF(24>Gia_dinh!$F$20,1-Gia_dinh!$F$21,1)*(1-Gia_dinh!$F$107)^MAX(0,24-9) | E29: =IF(24=0,0,IF(24<=3,Gia_dinh!$F$34,IF(24<=6,Gia_dinh!$F$36,IF(24<=9,Gia_dinh!$F$38,Gia_dinh!$F$40)))) | F29: =IF(24=0,0,IF(24<=3,Gia_dinh!$F$35,IF(24<=6,Gia_dinh!$F$37,IF(24<=9,Gia_dinh!$F$39,Gia_dinh!$F$41)))) | G29: =E29*F29 | H29: =G29*(1-Gia_dinh!$F$26) | I29: =H29*Gia_dinh!$F$27 | J29: =IF(24>=Gia_dinh!$F$29,Gia_dinh!$F$28*F29,0) | K29: =H29*Gia_dinh!$F$30 | L29: =SUM(I29:K29) | M29: =L29*Gia_dinh!$F$46 | N29: =IF(24=0,0,IF(24<=3,Gia_dinh!$F$44,Gia_dinh!$F$45)) | O29: =IF(24=0,0,Gia_dinh!$F$47) | P29: =IF(24=0,0,Gia_dinh!$F$48) | Q29: =H29*IF(24=0,0,IF(24<=3,Gia_dinh!$F$49,IF(24<=6,Gia_dinh!$F$50,IF(24<=9,Gia_dinh!$F$51,Gia_dinh!$F$52)))) | R29: =IF(24=0,0,Gia_dinh!$F$53) | S29: =IF(24=0,Gia_dinh!$F$33,0) | T29: =SUM(M29:S29) | U29: =L29-T29 | V29: =V28+U29
B30: 25 | C30: Ổn định | D30: =IF(25>Gia_dinh!$F$18,1-Gia_dinh!$F$19,1)*IF(25>Gia_dinh!$F$20,1-Gia_dinh!$F$21,1)*(1-Gia_dinh!$F$107)^MAX(0,25-9) | E30: =IF(25=0,0,IF(25<=3,Gia_dinh!$F$34,IF(25<=6,Gia_dinh!$F$36,IF(25<=9,Gia_dinh!$F$38,Gia_dinh!$F$40)))) | F30: =IF(25=0,0,IF(25<=3,Gia_dinh!$F$35,IF(25<=6,Gia_dinh!$F$37,IF(25<=9,Gia_dinh!$F$39,Gia_dinh!$F$41)))) | G30: =E30*F30 | H30: =G30*(1-Gia_dinh!$F$26) | I30: =H30*Gia_dinh!$F$27 | J30: =IF(25>=Gia_dinh!$F$29,Gia_dinh!$F$28*F30,0) | K30: =H30*Gia_dinh!$F$30 | L30: =SUM(I30:K30) | M30: =L30*Gia_dinh!$F$46 | N30: =IF(25=0,0,IF(25<=3,Gia_dinh!$F$44,Gia_dinh!$F$45)) | O30: =IF(25=0,0,Gia_dinh!$F$47) | P30: =IF(25=0,0,Gia_dinh!$F$48) | Q30: =H30*IF(25=0,0,IF(25<=3,Gia_dinh!$F$49,IF(25<=6,Gia_dinh!$F$50,IF(25<=9,Gia_dinh!$F$51,Gia_dinh!$F$52)))) | R30: =IF(25=0,0,Gia_dinh!$F$53) | S30: =IF(25=0,Gia_dinh!$F$33,0) | T30: =SUM(M30:S30) | U30: =L30-T30 | V30: =V29+U30
B31: 26 | C31: Ổn định | D31: =IF(26>Gia_dinh!$F$18,1-Gia_dinh!$F$19,1)*IF(26>Gia_dinh!$F$20,1-Gia_dinh!$F$21,1)*(1-Gia_dinh!$F$107)^MAX(0,26-9) | E31: =IF(26=0,0,IF(26<=3,Gia_dinh!$F$34,IF(26<=6,Gia_dinh!$F$36,IF(26<=9,Gia_dinh!$F$38,Gia_dinh!$F$40)))) | F31: =IF(26=0,0,IF(26<=3,Gia_dinh!$F$35,IF(26<=6,Gia_dinh!$F$37,IF(26<=9,Gia_dinh!$F$39,Gia_dinh!$F$41)))) | G31: =E31*F31 | H31: =G31*(1-Gia_dinh!$F$26) | I31: =H31*Gia_dinh!$F$27 | J31: =IF(26>=Gia_dinh!$F$29,Gia_dinh!$F$28*F31,0) | K31: =H31*Gia_dinh!$F$30 | L31: =SUM(I31:K31) | M31: =L31*Gia_dinh!$F$46 | N31: =IF(26=0,0,IF(26<=3,Gia_dinh!$F$44,Gia_dinh!$F$45)) | O31: =IF(26=0,0,Gia_dinh!$F$47) | P31: =IF(26=0,0,Gia_dinh!$F$48) | Q31: =H31*IF(26=0,0,IF(26<=3,Gia_dinh!$F$49,IF(26<=6,Gia_dinh!$F$50,IF(26<=9,Gia_dinh!$F$51,Gia_dinh!$F$52)))) | R31: =IF(26=0,0,Gia_dinh!$F$53) | S31: =IF(26=0,Gia_dinh!$F$33,0) | T31: =SUM(M31:S31) | U31: =L31-T31 | V31: =V30+U31
B32: 27 | C32: Ổn định | D32: =IF(27>Gia_dinh!$F$18,1-Gia_dinh!$F$19,1)*IF(27>Gia_dinh!$F$20,1-Gia_dinh!$F$21,1)*(1-Gia_dinh!$F$107)^MAX(0,27-9) | E32: =IF(27=0,0,IF(27<=3,Gia_dinh!$F$34,IF(27<=6,Gia_dinh!$F$36,IF(27<=9,Gia_dinh!$F$38,Gia_dinh!$F$40)))) | F32: =IF(27=0,0,IF(27<=3,Gia_dinh!$F$35,IF(27<=6,Gia_dinh!$F$37,IF(27<=9,Gia_dinh!$F$39,Gia_dinh!$F$41)))) | G32: =E32*F32 | H32: =G32*(1-Gia_dinh!$F$26) | I32: =H32*Gia_dinh!$F$27 | J32: =IF(27>=Gia_dinh!$F$29,Gia_dinh!$F$28*F32,0) | K32: =H32*Gia_dinh!$F$30 | L32: =SUM(I32:K32) | M32: =L32*Gia_dinh!$F$46 | N32: =IF(27=0,0,IF(27<=3,Gia_dinh!$F$44,Gia_dinh!$F$45)) | O32: =IF(27=0,0,Gia_dinh!$F$47) | P32: =IF(27=0,0,Gia_dinh!$F$48) | Q32: =H32*IF(27=0,0,IF(27<=3,Gia_dinh!$F$49,IF(27<=6,Gia_dinh!$F$50,IF(27<=9,Gia_dinh!$F$51,Gia_dinh!$F$52)))) | R32: =IF(27=0,0,Gia_dinh!$F$53) | S32: =IF(27=0,Gia_dinh!$F$33,0) | T32: =SUM(M32:S32) | U32: =L32-T32 | V32: =V31+U32
B33: 28 | C33: Ổn định | D33: =IF(28>Gia_dinh!$F$18,1-Gia_dinh!$F$19,1)*IF(28>Gia_dinh!$F$20,1-Gia_dinh!$F$21,1)*(1-Gia_dinh!$F$107)^MAX(0,28-9) | E33: =IF(28=0,0,IF(28<=3,Gia_dinh!$F$34,IF(28<=6,Gia_dinh!$F$36,IF(28<=9,Gia_dinh!$F$38,Gia_dinh!$F$40)))) | F33: =IF(28=0,0,IF(28<=3,Gia_dinh!$F$35,IF(28<=6,Gia_dinh!$F$37,IF(28<=9,Gia_dinh!$F$39,Gia_dinh!$F$41)))) | G33: =E33*F33 | H33: =G33*(1-Gia_dinh!$F$26) | I33: =H33*Gia_dinh!$F$27 | J33: =IF(28>=Gia_dinh!$F$29,Gia_dinh!$F$28*F33,0) | K33: =H33*Gia_dinh!$F$30 | L33: =SUM(I33:K33) | M33: =L33*Gia_dinh!$F$46 | N33: =IF(28=0,0,IF(28<=3,Gia_dinh!$F$44,Gia_dinh!$F$45)) | O33: =IF(28=0,0,Gia_dinh!$F$47) | P33: =IF(28=0,0,Gia_dinh!$F$48) | Q33: =H33*IF(28=0,0,IF(28<=3,Gia_dinh!$F$49,IF(28<=6,Gia_dinh!$F$50,IF(28<=9,Gia_dinh!$F$51,Gia_dinh!$F$52)))) | R33: =IF(28=0,0,Gia_dinh!$F$53) | S33: =IF(28=0,Gia_dinh!$F$33,0) | T33: =SUM(M33:S33) | U33: =L33-T33 | V33: =V32+U33
B34: 29 | C34: Ổn định | D34: =IF(29>Gia_dinh!$F$18,1-Gia_dinh!$F$19,1)*IF(29>Gia_dinh!$F$20,1-Gia_dinh!$F$21,1)*(1-Gia_dinh!$F$107)^MAX(0,29-9) | E34: =IF(29=0,0,IF(29<=3,Gia_dinh!$F$34,IF(29<=6,Gia_dinh!$F$36,IF(29<=9,Gia_dinh!$F$38,Gia_dinh!$F$40)))) | F34: =IF(29=0,0,IF(29<=3,Gia_dinh!$F$35,IF(29<=6,Gia_dinh!$F$37,IF(29<=9,Gia_dinh!$F$39,Gia_dinh!$F$41)))) | G34: =E34*F34 | H34: =G34*(1-Gia_dinh!$F$26) | I34: =H34*Gia_dinh!$F$27 | J34: =IF(29>=Gia_dinh!$F$29,Gia_dinh!$F$28*F34,0) | K34: =H34*Gia_dinh!$F$30 | L34: =SUM(I34:K34) | M34: =L34*Gia_dinh!$F$46 | N34: =IF(29=0,0,IF(29<=3,Gia_dinh!$F$44,Gia_dinh!$F$45)) | O34: =IF(29=0,0,Gia_dinh!$F$47) | P34: =IF(29=0,0,Gia_dinh!$F$48) | Q34: =H34*IF(29=0,0,IF(29<=3,Gia_dinh!$F$49,IF(29<=6,Gia_dinh!$F$50,IF(29<=9,Gia_dinh!$F$51,Gia_dinh!$F$52)))) | R34: =IF(29=0,0,Gia_dinh!$F$53) | S34: =IF(29=0,Gia_dinh!$F$33,0) | T34: =SUM(M34:S34) | U34: =L34-T34 | V34: =V33+U34
B35: 30 | C35: Ổn định | D35: =IF(30>Gia_dinh!$F$18,1-Gia_dinh!$F$19,1)*IF(30>Gia_dinh!$F$20,1-Gia_dinh!$F$21,1)*(1-Gia_dinh!$F$107)^MAX(0,30-9) | E35: =IF(30=0,0,IF(30<=3,Gia_dinh!$F$34,IF(30<=6,Gia_dinh!$F$36,IF(30<=9,Gia_dinh!$F$38,Gia_dinh!$F$40)))) | F35: =IF(30=0,0,IF(30<=3,Gia_dinh!$F$35,IF(30<=6,Gia_dinh!$F$37,IF(30<=9,Gia_dinh!$F$39,Gia_dinh!$F$41)))) | G35: =E35*F35 | H35: =G35*(1-Gia_dinh!$F$26) | I35: =H35*Gia_dinh!$F$27 | J35: =IF(30>=Gia_dinh!$F$29,Gia_dinh!$F$28*F35,0) | K35: =H35*Gia_dinh!$F$30 | L35: =SUM(I35:K35) | M35: =L35*Gia_dinh!$F$46 | N35: =IF(30=0,0,IF(30<=3,Gia_dinh!$F$44,Gia_dinh!$F$45)) | O35: =IF(30=0,0,Gia_dinh!$F$47) | P35: =IF(30=0,0,Gia_dinh!$F$48) | Q35: =H35*IF(30=0,0,IF(30<=3,Gia_dinh!$F$49,IF(30<=6,Gia_dinh!$F$50,IF(30<=9,Gia_dinh!$F$51,Gia_dinh!$F$52)))) | R35: =IF(30=0,0,Gia_dinh!$F$53) | S35: =IF(30=0,Gia_dinh!$F$33,0) | T35: =SUM(M35:S35) | U35: =L35-T35 | V35: =V34+U35
B36: 31 | C36: Ổn định | D36: =IF(31>Gia_dinh!$F$18,1-Gia_dinh!$F$19,1)*IF(31>Gia_dinh!$F$20,1-Gia_dinh!$F$21,1)*(1-Gia_dinh!$F$107)^MAX(0,31-9) | E36: =IF(31=0,0,IF(31<=3,Gia_dinh!$F$34,IF(31<=6,Gia_dinh!$F$36,IF(31<=9,Gia_dinh!$F$38,Gia_dinh!$F$40)))) | F36: =IF(31=0,0,IF(31<=3,Gia_dinh!$F$35,IF(31<=6,Gia_dinh!$F$37,IF(31<=9,Gia_dinh!$F$39,Gia_dinh!$F$41)))) | G36: =E36*F36 | H36: =G36*(1-Gia_dinh!$F$26) | I36: =H36*Gia_dinh!$F$27 | J36: =IF(31>=Gia_dinh!$F$29,Gia_dinh!$F$28*F36,0) | K36: =H36*Gia_dinh!$F$30 | L36: =SUM(I36:K36) | M36: =L36*Gia_dinh!$F$46 | N36: =IF(31=0,0,IF(31<=3,Gia_dinh!$F$44,Gia_dinh!$F$45)) | O36: =IF(31=0,0,Gia_dinh!$F$47) | P36: =IF(31=0,0,Gia_dinh!$F$48) | Q36: =H36*IF(31=0,0,IF(31<=3,Gia_dinh!$F$49,IF(31<=6,Gia_dinh!$F$50,IF(31<=9,Gia_dinh!$F$51,Gia_dinh!$F$52)))) | R36: =IF(31=0,0,Gia_dinh!$F$53) | S36: =IF(31=0,Gia_dinh!$F$33,0) | T36: =SUM(M36:S36) | U36: =L36-T36 | V36: =V35+U36
B37: 32 | C37: Ổn định | D37: =IF(32>Gia_dinh!$F$18,1-Gia_dinh!$F$19,1)*IF(32>Gia_dinh!$F$20,1-Gia_dinh!$F$21,1)*(1-Gia_dinh!$F$107)^MAX(0,32-9) | E37: =IF(32=0,0,IF(32<=3,Gia_dinh!$F$34,IF(32<=6,Gia_dinh!$F$36,IF(32<=9,Gia_dinh!$F$38,Gia_dinh!$F$40)))) | F37: =IF(32=0,0,IF(32<=3,Gia_dinh!$F$35,IF(32<=6,Gia_dinh!$F$37,IF(32<=9,Gia_dinh!$F$39,Gia_dinh!$F$41)))) | G37: =E37*F37 | H37: =G37*(1-Gia_dinh!$F$26) | I37: =H37*Gia_dinh!$F$27 | J37: =IF(32>=Gia_dinh!$F$29,Gia_dinh!$F$28*F37,0) | K37: =H37*Gia_dinh!$F$30 | L37: =SUM(I37:K37) | M37: =L37*Gia_dinh!$F$46 | N37: =IF(32=0,0,IF(32<=3,Gia_dinh!$F$44,Gia_dinh!$F$45)) | O37: =IF(32=0,0,Gia_dinh!$F$47) | P37: =IF(32=0,0,Gia_dinh!$F$48) | Q37: =H37*IF(32=0,0,IF(32<=3,Gia_dinh!$F$49,IF(32<=6,Gia_dinh!$F$50,IF(32<=9,Gia_dinh!$F$51,Gia_dinh!$F$52)))) | R37: =IF(32=0,0,Gia_dinh!$F$53) | S37: =IF(32=0,Gia_dinh!$F$33,0) | T37: =SUM(M37:S37) | U37: =L37-T37 | V37: =V36+U37
B38: 33 | C38: Ổn định | D38: =IF(33>Gia_dinh!$F$18,1-Gia_dinh!$F$19,1)*IF(33>Gia_dinh!$F$20,1-Gia_dinh!$F$21,1)*(1-Gia_dinh!$F$107)^MAX(0,33-9) | E38: =IF(33=0,0,IF(33<=3,Gia_dinh!$F$34,IF(33<=6,Gia_dinh!$F$36,IF(33<=9,Gia_dinh!$F$38,Gia_dinh!$F$40)))) | F38: =IF(33=0,0,IF(33<=3,Gia_dinh!$F$35,IF(33<=6,Gia_dinh!$F$37,IF(33<=9,Gia_dinh!$F$39,Gia_dinh!$F$41)))) | G38: =E38*F38 | H38: =G38*(1-Gia_dinh!$F$26) | I38: =H38*Gia_dinh!$F$27 | J38: =IF(33>=Gia_dinh!$F$29,Gia_dinh!$F$28*F38,0) | K38: =H38*Gia_dinh!$F$30 | L38: =SUM(I38:K38) | M38: =L38*Gia_dinh!$F$46 | N38: =IF(33=0,0,IF(33<=3,Gia_dinh!$F$44,Gia_dinh!$F$45)) | O38: =IF(33=0,0,Gia_dinh!$F$47) | P38: =IF(33=0,0,Gia_dinh!$F$48) | Q38: =H38*IF(33=0,0,IF(33<=3,Gia_dinh!$F$49,IF(33<=6,Gia_dinh!$F$50,IF(33<=9,Gia_dinh!$F$51,Gia_dinh!$F$52)))) | R38: =IF(33=0,0,Gia_dinh!$F$53) | S38: =IF(33=0,Gia_dinh!$F$33,0) | T38: =SUM(M38:S38) | U38: =L38-T38 | V38: =V37+U38
B39: 34 | C39: Ổn định | D39: =IF(34>Gia_dinh!$F$18,1-Gia_dinh!$F$19,1)*IF(34>Gia_dinh!$F$20,1-Gia_dinh!$F$21,1)*(1-Gia_dinh!$F$107)^MAX(0,34-9) | E39: =IF(34=0,0,IF(34<=3,Gia_dinh!$F$34,IF(34<=6,Gia_dinh!$F$36,IF(34<=9,Gia_dinh!$F$38,Gia_dinh!$F$40)))) | F39: =IF(34=0,0,IF(34<=3,Gia_dinh!$F$35,IF(34<=6,Gia_dinh!$F$37,IF(34<=9,Gia_dinh!$F$39,Gia_dinh!$F$41)))) | G39: =E39*F39 | H39: =G39*(1-Gia_dinh!$F$26) | I39: =H39*Gia_dinh!$F$27 | J39: =IF(34>=Gia_dinh!$F$29,Gia_dinh!$F$28*F39,0) | K39: =H39*Gia_dinh!$F$30 | L39: =SUM(I39:K39) | M39: =L39*Gia_dinh!$F$46 | N39: =IF(34=0,0,IF(34<=3,Gia_dinh!$F$44,Gia_dinh!$F$45)) | O39: =IF(34=0,0,Gia_dinh!$F$47) | P39: =IF(34=0,0,Gia_dinh!$F$48) | Q39: =H39*IF(34=0,0,IF(34<=3,Gia_dinh!$F$49,IF(34<=6,Gia_dinh!$F$50,IF(34<=9,Gia_dinh!$F$51,Gia_dinh!$F$52)))) | R39: =IF(34=0,0,Gia_dinh!$F$53) | S39: =IF(34=0,Gia_dinh!$F$33,0) | T39: =SUM(M39:S39) | U39: =L39-T39 | V39: =V38+U39
B40: 35 | C40: Ổn định | D40: =IF(35>Gia_dinh!$F$18,1-Gia_dinh!$F$19,1)*IF(35>Gia_dinh!$F$20,1-Gia_dinh!$F$21,1)*(1-Gia_dinh!$F$107)^MAX(0,35-9) | E40: =IF(35=0,0,IF(35<=3,Gia_dinh!$F$34,IF(35<=6,Gia_dinh!$F$36,IF(35<=9,Gia_dinh!$F$38,Gia_dinh!$F$40)))) | F40: =IF(35=0,0,IF(35<=3,Gia_dinh!$F$35,IF(35<=6,Gia_dinh!$F$37,IF(35<=9,Gia_dinh!$F$39,Gia_dinh!$F$41)))) | G40: =E40*F40 | H40: =G40*(1-Gia_dinh!$F$26) | I40: =H40*Gia_dinh!$F$27 | J40: =IF(35>=Gia_dinh!$F$29,Gia_dinh!$F$28*F40,0) | K40: =H40*Gia_dinh!$F$30 | L40: =SUM(I40:K40) | M40: =L40*Gia_dinh!$F$46 | N40: =IF(35=0,0,IF(35<=3,Gia_dinh!$F$44,Gia_dinh!$F$45)) | O40: =IF(35=0,0,Gia_dinh!$F$47) | P40: =IF(35=0,0,Gia_dinh!$F$48) | Q40: =H40*IF(35=0,0,IF(35<=3,Gia_dinh!$F$49,IF(35<=6,Gia_dinh!$F$50,IF(35<=9,Gia_dinh!$F$51,Gia_dinh!$F$52)))) | R40: =IF(35=0,0,Gia_dinh!$F$53) | S40: =IF(35=0,Gia_dinh!$F$33,0) | T40: =SUM(M40:S40) | U40: =L40-T40 | V40: =V39+U40
B41: 36 | C41: Ổn định | D41: =IF(36>Gia_dinh!$F$18,1-Gia_dinh!$F$19,1)*IF(36>Gia_dinh!$F$20,1-Gia_dinh!$F$21,1)*(1-Gia_dinh!$F$107)^MAX(0,36-9) | E41: =IF(36=0,0,IF(36<=3,Gia_dinh!$F$34,IF(36<=6,Gia_dinh!$F$36,IF(36<=9,Gia_dinh!$F$38,Gia_dinh!$F$40)))) | F41: =IF(36=0,0,IF(36<=3,Gia_dinh!$F$35,IF(36<=6,Gia_dinh!$F$37,IF(36<=9,Gia_dinh!$F$39,Gia_dinh!$F$41)))) | G41: =E41*F41 | H41: =G41*(1-Gia_dinh!$F$26) | I41: =H41*Gia_dinh!$F$27 | J41: =IF(36>=Gia_dinh!$F$29,Gia_dinh!$F$28*F41,0) | K41: =H41*Gia_dinh!$F$30 | L41: =SUM(I41:K41) | M41: =L41*Gia_dinh!$F$46 | N41: =IF(36=0,0,IF(36<=3,Gia_dinh!$F$44,Gia_dinh!$F$45)) | O41: =IF(36=0,0,Gia_dinh!$F$47) | P41: =IF(36=0,0,Gia_dinh!$F$48) | Q41: =H41*IF(36=0,0,IF(36<=3,Gia_dinh!$F$49,IF(36<=6,Gia_dinh!$F$50,IF(36<=9,Gia_dinh!$F$51,Gia_dinh!$F$52)))) | R41: =IF(36=0,0,Gia_dinh!$F$53) | S41: =IF(36=0,Gia_dinh!$F$33,0) | T41: =SUM(M41:S41) | U41: =L41-T41 | V41: =V40+U41
B43: KẾT QUẢ MỘT IP (kịch bản đang chạy)
B44: Lãi gộp/tháng khi ổn định (tuổi 12) | F44: =U17
B45: Biên lãi gộp trên doanh thu MCN (ổn định) | F45: =U17/L17
B46: Biên lãi gộp trên GMV ròng (ổn định) | F46: =U17/H17
B47: Đỉnh vốn phải bỏ ra cho 1 IP | F47: =MIN(V5:V41)
B48: Tháng hoà vốn luỹ kế của 1 IP | F48: =IF(COUNTIF(V5:V41,"<0")>36,"Không hoà vốn trong 36 tháng",COUNTIF(V5:V41,"<0"))
B49: Chi phí chìm của 1 IP bị loại tại cửa sàng lọc 1 | F49: =-(V5+SUMPRODUCT((B5:B41>=1)*(B5:B41<=Gia_dinh!$F$18)*U5:U41))

Sheet Don_vi_IP_AI
A1: UNIT ECONOMICS — MỘT IP AI THEO TUỔI (triệu VND)
A2: Tuổi 0 = tháng dựng nhân vật. Bán được từ tuổi > số tháng ramp.
B4: Tuổi (tháng) | C4: Giai đoạn | D4: Tỷ lệ sống sót | E4: GMV/giờ | F4: Số giờ/tháng | G4: GMV gộp | H4: GMV ròng | I4: DOANH THU MCN | J4: License & compute | K4: Vận hành & trực chat | L4: Quảng cáo kéo view | M4: Chi phí khác | N4: Chi phí dựng IP AI | O4: TỔNG CHI PHÍ TRỰC TIẾP | P4: LÃI GỘP | Q4: Lãi gộp luỹ kế / IP
B5: 0 | C5: =IF(0=0,"Dựng IP AI",IF(0<=Gia_dinh!$F$57,"Ramp","Bán hàng")) | D5: 1 | E5: =IF(0<=Gia_dinh!$F$57,0,Gia_dinh!$F$58) | F5: =IF(0<=Gia_dinh!$F$57,0,Gia_dinh!$F$59*Gia_dinh!$F$60) | G5: =E5*F5 | H5: =G5*(1-Gia_dinh!$F$61) | I5: =H5*Gia_dinh!$F$62 | J5: =IF(0=0,0,Gia_dinh!$F$63) | K5: =IF(0=0,0,Gia_dinh!$F$64) | L5: =H5*Gia_dinh!$F$65 | M5: =IF(0=0,0,Gia_dinh!$F$66) | N5: =IF(0=0,Gia_dinh!$F$56,0) | O5: =SUM(J5:N5) | P5: =I5-O5 | Q5: =P5
B6: 1 | C6: =IF(1=0,"Dựng IP AI",IF(1<=Gia_dinh!$F$57,"Ramp","Bán hàng")) | D6: =(1-Gia_dinh!$F$108)^MAX(0,1-Gia_dinh!$F$57-1) | E6: =IF(1<=Gia_dinh!$F$57,0,Gia_dinh!$F$58) | F6: =IF(1<=Gia_dinh!$F$57,0,Gia_dinh!$F$59*Gia_dinh!$F$60) | G6: =E6*F6 | H6: =G6*(1-Gia_dinh!$F$61) | I6: =H6*Gia_dinh!$F$62 | J6: =IF(1=0,0,Gia_dinh!$F$63) | K6: =IF(1=0,0,Gia_dinh!$F$64) | L6: =H6*Gia_dinh!$F$65 | M6: =IF(1=0,0,Gia_dinh!$F$66) | N6: =IF(1=0,Gia_dinh!$F$56,0) | O6: =SUM(J6:N6) | P6: =I6-O6 | Q6: =Q5+P6
B7: 2 | C7: =IF(2=0,"Dựng IP AI",IF(2<=Gia_dinh!$F$57,"Ramp","Bán hàng")) | D7: =(1-Gia_dinh!$F$108)^MAX(0,2-Gia_dinh!$F$57-1) | E7: =IF(2<=Gia_dinh!$F$57,0,Gia_dinh!$F$58) | F7: =IF(2<=Gia_dinh!$F$57,0,Gia_dinh!$F$59*Gia_dinh!$F$60) | G7: =E7*F7 | H7: =G7*(1-Gia_dinh!$F$61) | I7: =H7*Gia_dinh!$F$62 | J7: =IF(2=0,0,Gia_dinh!$F$63) | K7: =IF(2=0,0,Gia_dinh!$F$64) | L7: =H7*Gia_dinh!$F$65 | M7: =IF(2=0,0,Gia_dinh!$F$66) | N7: =IF(2=0,Gia_dinh!$F$56,0) | O7: =SUM(J7:N7) | P7: =I7-O7 | Q7: =Q6+P7
B8: 3 | C8: =IF(3=0,"Dựng IP AI",IF(3<=Gia_dinh!$F$57,"Ramp","Bán hàng")) | D8: =(1-Gia_dinh!$F$108)^MAX(0,3-Gia_dinh!$F$57-1) | E8: =IF(3<=Gia_dinh!$F$57,0,Gia_dinh!$F$58) | F8: =IF(3<=Gia_dinh!$F$57,0,Gia_dinh!$F$59*Gia_dinh!$F$60) | G8: =E8*F8 | H8: =G8*(1-Gia_dinh!$F$61) | I8: =H8*Gia_dinh!$F$62 | J8: =IF(3=0,0,Gia_dinh!$F$63) | K8: =IF(3=0,0,Gia_dinh!$F$64) | L8: =H8*Gia_dinh!$F$65 | M8: =IF(3=0,0,Gia_dinh!$F$66) | N8: =IF(3=0,Gia_dinh!$F$56,0) | O8: =SUM(J8:N8) | P8: =I8-O8 | Q8: =Q7+P8
B9: 4 | C9: =IF(4=0,"Dựng IP AI",IF(4<=Gia_dinh!$F$57,"Ramp","Bán hàng")) | D9: =(1-Gia_dinh!$F$108)^MAX(0,4-Gia_dinh!$F$57-1) | E9: =IF(4<=Gia_dinh!$F$57,0,Gia_dinh!$F$58) | F9: =IF(4<=Gia_dinh!$F$57,0,Gia_dinh!$F$59*Gia_dinh!$F$60) | G9: =E9*F9 | H9: =G9*(1-Gia_dinh!$F$61) | I9: =H9*Gia_dinh!$F$62 | J9: =IF(4=0,0,Gia_dinh!$F$63) | K9: =IF(4=0,0,Gia_dinh!$F$64) | L9: =H9*Gia_dinh!$F$65 | M9: =IF(4=0,0,Gia_dinh!$F$66) | N9: =IF(4=0,Gia_dinh!$F$56,0) | O9: =SUM(J9:N9) | P9: =I9-O9 | Q9: =Q8+P9
B10: 5 | C10: =IF(5=0,"Dựng IP AI",IF(5<=Gia_dinh!$F$57,"Ramp","Bán hàng")) | D10: =(1-Gia_dinh!$F$108)^MAX(0,5-Gia_dinh!$F$57-1) | E10: =IF(5<=Gia_dinh!$F$57,0,Gia_dinh!$F$58) | F10: =IF(5<=Gia_dinh!$F$57,0,Gia_dinh!$F$59*Gia_dinh!$F$60) | G10: =E10*F10 | H10: =G10*(1-Gia_dinh!$F$61) | I10: =H10*Gia_dinh!$F$62 | J10: =IF(5=0,0,Gia_dinh!$F$63) | K10: =IF(5=0,0,Gia_dinh!$F$64) | L10: =H10*Gia_dinh!$F$65 | M10: =IF(5=0,0,Gia_dinh!$F$66) | N10: =IF(5=0,Gia_dinh!$F$56,0) | O10: =SUM(J10:N10) | P10: =I10-O10 | Q10: =Q9+P10
B11: 6 | C11: =IF(6=0,"Dựng IP AI",IF(6<=Gia_dinh!$F$57,"Ramp","Bán hàng")) | D11: =(1-Gia_dinh!$F$108)^MAX(0,6-Gia_dinh!$F$57-1) | E11: =IF(6<=Gia_dinh!$F$57,0,Gia_dinh!$F$58) | F11: =IF(6<=Gia_dinh!$F$57,0,Gia_dinh!$F$59*Gia_dinh!$F$60) | G11: =E11*F11 | H11: =G11*(1-Gia_dinh!$F$61) | I11: =H11*Gia_dinh!$F$62 | J11: =IF(6=0,0,Gia_dinh!$F$63) | K11: =IF(6=0,0,Gia_dinh!$F$64) | L11: =H11*Gia_dinh!$F$65 | M11: =IF(6=0,0,Gia_dinh!$F$66) | N11: =IF(6=0,Gia_dinh!$F$56,0) | O11: =SUM(J11:N11) | P11: =I11-O11 | Q11: =Q10+P11
B12: 7 | C12: =IF(7=0,"Dựng IP AI",IF(7<=Gia_dinh!$F$57,"Ramp","Bán hàng")) | D12: =(1-Gia_dinh!$F$108)^MAX(0,7-Gia_dinh!$F$57-1) | E12: =IF(7<=Gia_dinh!$F$57,0,Gia_dinh!$F$58) | F12: =IF(7<=Gia_dinh!$F$57,0,Gia_dinh!$F$59*Gia_dinh!$F$60) | G12: =E12*F12 | H12: =G12*(1-Gia_dinh!$F$61) | I12: =H12*Gia_dinh!$F$62 | J12: =IF(7=0,0,Gia_dinh!$F$63) | K12: =IF(7=0,0,Gia_dinh!$F$64) | L12: =H12*Gia_dinh!$F$65 | M12: =IF(7=0,0,Gia_dinh!$F$66) | N12: =IF(7=0,Gia_dinh!$F$56,0) | O12: =SUM(J12:N12) | P12: =I12-O12 | Q12: =Q11+P12
B13: 8 | C13: =IF(8=0,"Dựng IP AI",IF(8<=Gia_dinh!$F$57,"Ramp","Bán hàng")) | D13: =(1-Gia_dinh!$F$108)^MAX(0,8-Gia_dinh!$F$57-1) | E13: =IF(8<=Gia_dinh!$F$57,0,Gia_dinh!$F$58) | F13: =IF(8<=Gia_dinh!$F$57,0,Gia_dinh!$F$59*Gia_dinh!$F$60) | G13: =E13*F13 | H13: =G13*(1-Gia_dinh!$F$61) | I13: =H13*Gia_dinh!$F$62 | J13: =IF(8=0,0,Gia_dinh!$F$63) | K13: =IF(8=0,0,Gia_dinh!$F$64) | L13: =H13*Gia_dinh!$F$65 | M13: =IF(8=0,0,Gia_dinh!$F$66) | N13: =IF(8=0,Gia_dinh!$F$56,0) | O13: =SUM(J13:N13) | P13: =I13-O13 | Q13: =Q12+P13
B14: 9 | C14: =IF(9=0,"Dựng IP AI",IF(9<=Gia_dinh!$F$57,"Ramp","Bán hàng")) | D14: =(1-Gia_dinh!$F$108)^MAX(0,9-Gia_dinh!$F$57-1) | E14: =IF(9<=Gia_dinh!$F$57,0,Gia_dinh!$F$58) | F14: =IF(9<=Gia_dinh!$F$57,0,Gia_dinh!$F$59*Gia_dinh!$F$60) | G14: =E14*F14 | H14: =G14*(1-Gia_dinh!$F$61) | I14: =H14*Gia_dinh!$F$62 | J14: =IF(9=0,0,Gia_dinh!$F$63) | K14: =IF(9=0,0,Gia_dinh!$F$64) | L14: =H14*Gia_dinh!$F$65 | M14: =IF(9=0,0,Gia_dinh!$F$66) | N14: =IF(9=0,Gia_dinh!$F$56,0) | O14: =SUM(J14:N14) | P14: =I14-O14 | Q14: =Q13+P14
B15: 10 | C15: =IF(10=0,"Dựng IP AI",IF(10<=Gia_dinh!$F$57,"Ramp","Bán hàng")) | D15: =(1-Gia_dinh!$F$108)^MAX(0,10-Gia_dinh!$F$57-1) | E15: =IF(10<=Gia_dinh!$F$57,0,Gia_dinh!$F$58) | F15: =IF(10<=Gia_dinh!$F$57,0,Gia_dinh!$F$59*Gia_dinh!$F$60) | G15: =E15*F15 | H15: =G15*(1-Gia_dinh!$F$61) | I15: =H15*Gia_dinh!$F$62 | J15: =IF(10=0,0,Gia_dinh!$F$63) | K15: =IF(10=0,0,Gia_dinh!$F$64) | L15: =H15*Gia_dinh!$F$65 | M15: =IF(10=0,0,Gia_dinh!$F$66) | N15: =IF(10=0,Gia_dinh!$F$56,0) | O15: =SUM(J15:N15) | P15: =I15-O15 | Q15: =Q14+P15
B16: 11 | C16: =IF(11=0,"Dựng IP AI",IF(11<=Gia_dinh!$F$57,"Ramp","Bán hàng")) | D16: =(1-Gia_dinh!$F$108)^MAX(0,11-Gia_dinh!$F$57-1) | E16: =IF(11<=Gia_dinh!$F$57,0,Gia_dinh!$F$58) | F16: =IF(11<=Gia_dinh!$F$57,0,Gia_dinh!$F$59*Gia_dinh!$F$60) | G16: =E16*F16 | H16: =G16*(1-Gia_dinh!$F$61) | I16: =H16*Gia_dinh!$F$62 | J16: =IF(11=0,0,Gia_dinh!$F$63) | K16: =IF(11=0,0,Gia_dinh!$F$64) | L16: =H16*Gia_dinh!$F$65 | M16: =IF(11=0,0,Gia_dinh!$F$66) | N16: =IF(11=0,Gia_dinh!$F$56,0) | O16: =SUM(J16:N16) | P16: =I16-O16 | Q16: =Q15+P16
B17: 12 | C17: =IF(12=0,"Dựng IP AI",IF(12<=Gia_dinh!$F$57,"Ramp","Bán hàng")) | D17: =(1-Gia_dinh!$F$108)^MAX(0,12-Gia_dinh!$F$57-1) | E17: =IF(12<=Gia_dinh!$F$57,0,Gia_dinh!$F$58) | F17: =IF(12<=Gia_dinh!$F$57,0,Gia_dinh!$F$59*Gia_dinh!$F$60) | G17: =E17*F17 | H17: =G17*(1-Gia_dinh!$F$61) | I17: =H17*Gia_dinh!$F$62 | J17: =IF(12=0,0,Gia_dinh!$F$63) | K17: =IF(12=0,0,Gia_dinh!$F$64) | L17: =H17*Gia_dinh!$F$65 | M17: =IF(12=0,0,Gia_dinh!$F$66) | N17: =IF(12=0,Gia_dinh!$F$56,0) | O17: =SUM(J17:N17) | P17: =I17-O17 | Q17: =Q16+P17
B18: 13 | C18: =IF(13=0,"Dựng IP AI",IF(13<=Gia_dinh!$F$57,"Ramp","Bán hàng")) | D18: =(1-Gia_dinh!$F$108)^MAX(0,13-Gia_dinh!$F$57-1) | E18: =IF(13<=Gia_dinh!$F$57,0,Gia_dinh!$F$58) | F18: =IF(13<=Gia_dinh!$F$57,0,Gia_dinh!$F$59*Gia_dinh!$F$60) | G18: =E18*F18 | H18: =G18*(1-Gia_dinh!$F$61) | I18: =H18*Gia_dinh!$F$62 | J18: =IF(13=0,0,Gia_dinh!$F$63) | K18: =IF(13=0,0,Gia_dinh!$F$64) | L18: =H18*Gia_dinh!$F$65 | M18: =IF(13=0,0,Gia_dinh!$F$66) | N18: =IF(13=0,Gia_dinh!$F$56,0) | O18: =SUM(J18:N18) | P18: =I18-O18 | Q18: =Q17+P18
B19: 14 | C19: =IF(14=0,"Dựng IP AI",IF(14<=Gia_dinh!$F$57,"Ramp","Bán hàng")) | D19: =(1-Gia_dinh!$F$108)^MAX(0,14-Gia_dinh!$F$57-1) | E19: =IF(14<=Gia_dinh!$F$57,0,Gia_dinh!$F$58) | F19: =IF(14<=Gia_dinh!$F$57,0,Gia_dinh!$F$59*Gia_dinh!$F$60) | G19: =E19*F19 | H19: =G19*(1-Gia_dinh!$F$61) | I19: =H19*Gia_dinh!$F$62 | J19: =IF(14=0,0,Gia_dinh!$F$63) | K19: =IF(14=0,0,Gia_dinh!$F$64) | L19: =H19*Gia_dinh!$F$65 | M19: =IF(14=0,0,Gia_dinh!$F$66) | N19: =IF(14=0,Gia_dinh!$F$56,0) | O19: =SUM(J19:N19) | P19: =I19-O19 | Q19: =Q18+P19
B20: 15 | C20: =IF(15=0,"Dựng IP AI",IF(15<=Gia_dinh!$F$57,"Ramp","Bán hàng")) | D20: =(1-Gia_dinh!$F$108)^MAX(0,15-Gia_dinh!$F$57-1) | E20: =IF(15<=Gia_dinh!$F$57,0,Gia_dinh!$F$58) | F20: =IF(15<=Gia_dinh!$F$57,0,Gia_dinh!$F$59*Gia_dinh!$F$60) | G20: =E20*F20 | H20: =G20*(1-Gia_dinh!$F$61) | I20: =H20*Gia_dinh!$F$62 | J20: =IF(15=0,0,Gia_dinh!$F$63) | K20: =IF(15=0,0,Gia_dinh!$F$64) | L20: =H20*Gia_dinh!$F$65 | M20: =IF(15=0,0,Gia_dinh!$F$66) | N20: =IF(15=0,Gia_dinh!$F$56,0) | O20: =SUM(J20:N20) | P20: =I20-O20 | Q20: =Q19+P20
B21: 16 | C21: =IF(16=0,"Dựng IP AI",IF(16<=Gia_dinh!$F$57,"Ramp","Bán hàng")) | D21: =(1-Gia_dinh!$F$108)^MAX(0,16-Gia_dinh!$F$57-1) | E21: =IF(16<=Gia_dinh!$F$57,0,Gia_dinh!$F$58) | F21: =IF(16<=Gia_dinh!$F$57,0,Gia_dinh!$F$59*Gia_dinh!$F$60) | G21: =E21*F21 | H21: =G21*(1-Gia_dinh!$F$61) | I21: =H21*Gia_dinh!$F$62 | J21: =IF(16=0,0,Gia_dinh!$F$63) | K21: =IF(16=0,0,Gia_dinh!$F$64) | L21: =H21*Gia_dinh!$F$65 | M21: =IF(16=0,0,Gia_dinh!$F$66) | N21: =IF(16=0,Gia_dinh!$F$56,0) | O21: =SUM(J21:N21) | P21: =I21-O21 | Q21: =Q20+P21
B22: 17 | C22: =IF(17=0,"Dựng IP AI",IF(17<=Gia_dinh!$F$57,"Ramp","Bán hàng")) | D22: =(1-Gia_dinh!$F$108)^MAX(0,17-Gia_dinh!$F$57-1) | E22: =IF(17<=Gia_dinh!$F$57,0,Gia_dinh!$F$58) | F22: =IF(17<=Gia_dinh!$F$57,0,Gia_dinh!$F$59*Gia_dinh!$F$60) | G22: =E22*F22 | H22: =G22*(1-Gia_dinh!$F$61) | I22: =H22*Gia_dinh!$F$62 | J22: =IF(17=0,0,Gia_dinh!$F$63) | K22: =IF(17=0,0,Gia_dinh!$F$64) | L22: =H22*Gia_dinh!$F$65 | M22: =IF(17=0,0,Gia_dinh!$F$66) | N22: =IF(17=0,Gia_dinh!$F$56,0) | O22: =SUM(J22:N22) | P22: =I22-O22 | Q22: =Q21+P22
B23: 18 | C23: =IF(18=0,"Dựng IP AI",IF(18<=Gia_dinh!$F$57,"Ramp","Bán hàng")) | D23: =(1-Gia_dinh!$F$108)^MAX(0,18-Gia_dinh!$F$57-1) | E23: =IF(18<=Gia_dinh!$F$57,0,Gia_dinh!$F$58) | F23: =IF(18<=Gia_dinh!$F$57,0,Gia_dinh!$F$59*Gia_dinh!$F$60) | G23: =E23*F23 | H23: =G23*(1-Gia_dinh!$F$61) | I23: =H23*Gia_dinh!$F$62 | J23: =IF(18=0,0,Gia_dinh!$F$63) | K23: =IF(18=0,0,Gia_dinh!$F$64) | L23: =H23*Gia_dinh!$F$65 | M23: =IF(18=0,0,Gia_dinh!$F$66) | N23: =IF(18=0,Gia_dinh!$F$56,0) | O23: =SUM(J23:N23) | P23: =I23-O23 | Q23: =Q22+P23
B24: 19 | C24: =IF(19=0,"Dựng IP AI",IF(19<=Gia_dinh!$F$57,"Ramp","Bán hàng")) | D24: =(1-Gia_dinh!$F$108)^MAX(0,19-Gia_dinh!$F$57-1) | E24: =IF(19<=Gia_dinh!$F$57,0,Gia_dinh!$F$58) | F24: =IF(19<=Gia_dinh!$F$57,0,Gia_dinh!$F$59*Gia_dinh!$F$60) | G24: =E24*F24 | H24: =G24*(1-Gia_dinh!$F$61) | I24: =H24*Gia_dinh!$F$62 | J24: =IF(19=0,0,Gia_dinh!$F$63) | K24: =IF(19=0,0,Gia_dinh!$F$64) | L24: =H24*Gia_dinh!$F$65 | M24: =IF(19=0,0,Gia_dinh!$F$66) | N24: =IF(19=0,Gia_dinh!$F$56,0) | O24: =SUM(J24:N24) | P24: =I24-O24 | Q24: =Q23+P24
B25: 20 | C25: =IF(20=0,"Dựng IP AI",IF(20<=Gia_dinh!$F$57,"Ramp","Bán hàng")) | D25: =(1-Gia_dinh!$F$108)^MAX(0,20-Gia_dinh!$F$57-1) | E25: =IF(20<=Gia_dinh!$F$57,0,Gia_dinh!$F$58) | F25: =IF(20<=Gia_dinh!$F$57,0,Gia_dinh!$F$59*Gia_dinh!$F$60) | G25: =E25*F25 | H25: =G25*(1-Gia_dinh!$F$61) | I25: =H25*Gia_dinh!$F$62 | J25: =IF(20=0,0,Gia_dinh!$F$63) | K25: =IF(20=0,0,Gia_dinh!$F$64) | L25: =H25*Gia_dinh!$F$65 | M25: =IF(20=0,0,Gia_dinh!$F$66) | N25: =IF(20=0,Gia_dinh!$F$56,0) | O25: =SUM(J25:N25) | P25: =I25-O25 | Q25: =Q24+P25
B26: 21 | C26: =IF(21=0,"Dựng IP AI",IF(21<=Gia_dinh!$F$57,"Ramp","Bán hàng")) | D26: =(1-Gia_dinh!$F$108)^MAX(0,21-Gia_dinh!$F$57-1) | E26: =IF(21<=Gia_dinh!$F$57,0,Gia_dinh!$F$58) | F26: =IF(21<=Gia_dinh!$F$57,0,Gia_dinh!$F$59*Gia_dinh!$F$60) | G26: =E26*F26 | H26: =G26*(1-Gia_dinh!$F$61) | I26: =H26*Gia_dinh!$F$62 | J26: =IF(21=0,0,Gia_dinh!$F$63) | K26: =IF(21=0,0,Gia_dinh!$F$64) | L26: =H26*Gia_dinh!$F$65 | M26: =IF(21=0,0,Gia_dinh!$F$66) | N26: =IF(21=0,Gia_dinh!$F$56,0) | O26: =SUM(J26:N26) | P26: =I26-O26 | Q26: =Q25+P26
B27: 22 | C27: =IF(22=0,"Dựng IP AI",IF(22<=Gia_dinh!$F$57,"Ramp","Bán hàng")) | D27: =(1-Gia_dinh!$F$108)^MAX(0,22-Gia_dinh!$F$57-1) | E27: =IF(22<=Gia_dinh!$F$57,0,Gia_dinh!$F$58) | F27: =IF(22<=Gia_dinh!$F$57,0,Gia_dinh!$F$59*Gia_dinh!$F$60) | G27: =E27*F27 | H27: =G27*(1-Gia_dinh!$F$61) | I27: =H27*Gia_dinh!$F$62 | J27: =IF(22=0,0,Gia_dinh!$F$63) | K27: =IF(22=0,0,Gia_dinh!$F$64) | L27: =H27*Gia_dinh!$F$65 | M27: =IF(22=0,0,Gia_dinh!$F$66) | N27: =IF(22=0,Gia_dinh!$F$56,0) | O27: =SUM(J27:N27) | P27: =I27-O27 | Q27: =Q26+P27
B28: 23 | C28: =IF(23=0,"Dựng IP AI",IF(23<=Gia_dinh!$F$57,"Ramp","Bán hàng")) | D28: =(1-Gia_dinh!$F$108)^MAX(0,23-Gia_dinh!$F$57-1) | E28: =IF(23<=Gia_dinh!$F$57,0,Gia_dinh!$F$58) | F28: =IF(23<=Gia_dinh!$F$57,0,Gia_dinh!$F$59*Gia_dinh!$F$60) | G28: =E28*F28 | H28: =G28*(1-Gia_dinh!$F$61) | I28: =H28*Gia_dinh!$F$62 | J28: =IF(23=0,0,Gia_dinh!$F$63) | K28: =IF(23=0,0,Gia_dinh!$F$64) | L28: =H28*Gia_dinh!$F$65 | M28: =IF(23=0,0,Gia_dinh!$F$66) | N28: =IF(23=0,Gia_dinh!$F$56,0) | O28: =SUM(J28:N28) | P28: =I28-O28 | Q28: =Q27+P28
B29: 24 | C29: =IF(24=0,"Dựng IP AI",IF(24<=Gia_dinh!$F$57,"Ramp","Bán hàng")) | D29: =(1-Gia_dinh!$F$108)^MAX(0,24-Gia_dinh!$F$57-1) | E29: =IF(24<=Gia_dinh!$F$57,0,Gia_dinh!$F$58) | F29: =IF(24<=Gia_dinh!$F$57,0,Gia_dinh!$F$59*Gia_dinh!$F$60) | G29: =E29*F29 | H29: =G29*(1-Gia_dinh!$F$61) | I29: =H29*Gia_dinh!$F$62 | J29: =IF(24=0,0,Gia_dinh!$F$63) | K29: =IF(24=0,0,Gia_dinh!$F$64) | L29: =H29*Gia_dinh!$F$65 | M29: =IF(24=0,0,Gia_dinh!$F$66) | N29: =IF(24=0,Gia_dinh!$F$56,0) | O29: =SUM(J29:N29) | P29: =I29-O29 | Q29: =Q28+P29
B30: 25 | C30: =IF(25=0,"Dựng IP AI",IF(25<=Gia_dinh!$F$57,"Ramp","Bán hàng")) | D30: =(1-Gia_dinh!$F$108)^MAX(0,25-Gia_dinh!$F$57-1) | E30: =IF(25<=Gia_dinh!$F$57,0,Gia_dinh!$F$58) | F30: =IF(25<=Gia_dinh!$F$57,0,Gia_dinh!$F$59*Gia_dinh!$F$60) | G30: =E30*F30 | H30: =G30*(1-Gia_dinh!$F$61) | I30: =H30*Gia_dinh!$F$62 | J30: =IF(25=0,0,Gia_dinh!$F$63) | K30: =IF(25=0,0,Gia_dinh!$F$64) | L30: =H30*Gia_dinh!$F$65 | M30: =IF(25=0,0,Gia_dinh!$F$66) | N30: =IF(25=0,Gia_dinh!$F$56,0) | O30: =SUM(J30:N30) | P30: =I30-O30 | Q30: =Q29+P30
B31: 26 | C31: =IF(26=0,"Dựng IP AI",IF(26<=Gia_dinh!$F$57,"Ramp","Bán hàng")) | D31: =(1-Gia_dinh!$F$108)^MAX(0,26-Gia_dinh!$F$57-1) | E31: =IF(26<=Gia_dinh!$F$57,0,Gia_dinh!$F$58) | F31: =IF(26<=Gia_dinh!$F$57,0,Gia_dinh!$F$59*Gia_dinh!$F$60) | G31: =E31*F31 | H31: =G31*(1-Gia_dinh!$F$61) | I31: =H31*Gia_dinh!$F$62 | J31: =IF(26=0,0,Gia_dinh!$F$63) | K31: =IF(26=0,0,Gia_dinh!$F$64) | L31: =H31*Gia_dinh!$F$65 | M31: =IF(26=0,0,Gia_dinh!$F$66) | N31: =IF(26=0,Gia_dinh!$F$56,0) | O31: =SUM(J31:N31) | P31: =I31-O31 | Q31: =Q30+P31
B32: 27 | C32: =IF(27=0,"Dựng IP AI",IF(27<=Gia_dinh!$F$57,"Ramp","Bán hàng")) | D32: =(1-Gia_dinh!$F$108)^MAX(0,27-Gia_dinh!$F$57-1) | E32: =IF(27<=Gia_dinh!$F$57,0,Gia_dinh!$F$58) | F32: =IF(27<=Gia_dinh!$F$57,0,Gia_dinh!$F$59*Gia_dinh!$F$60) | G32: =E32*F32 | H32: =G32*(1-Gia_dinh!$F$61) | I32: =H32*Gia_dinh!$F$62 | J32: =IF(27=0,0,Gia_dinh!$F$63) | K32: =IF(27=0,0,Gia_dinh!$F$64) | L32: =H32*Gia_dinh!$F$65 | M32: =IF(27=0,0,Gia_dinh!$F$66) | N32: =IF(27=0,Gia_dinh!$F$56,0) | O32: =SUM(J32:N32) | P32: =I32-O32 | Q32: =Q31+P32
B33: 28 | C33: =IF(28=0,"Dựng IP AI",IF(28<=Gia_dinh!$F$57,"Ramp","Bán hàng")) | D33: =(1-Gia_dinh!$F$108)^MAX(0,28-Gia_dinh!$F$57-1) | E33: =IF(28<=Gia_dinh!$F$57,0,Gia_dinh!$F$58) | F33: =IF(28<=Gia_dinh!$F$57,0,Gia_dinh!$F$59*Gia_dinh!$F$60) | G33: =E33*F33 | H33: =G33*(1-Gia_dinh!$F$61) | I33: =H33*Gia_dinh!$F$62 | J33: =IF(28=0,0,Gia_dinh!$F$63) | K33: =IF(28=0,0,Gia_dinh!$F$64) | L33: =H33*Gia_dinh!$F$65 | M33: =IF(28=0,0,Gia_dinh!$F$66) | N33: =IF(28=0,Gia_dinh!$F$56,0) | O33: =SUM(J33:N33) | P33: =I33-O33 | Q33: =Q32+P33
B34: 29 | C34: =IF(29=0,"Dựng IP AI",IF(29<=Gia_dinh!$F$57,"Ramp","Bán hàng")) | D34: =(1-Gia_dinh!$F$108)^MAX(0,29-Gia_dinh!$F$57-1) | E34: =IF(29<=Gia_dinh!$F$57,0,Gia_dinh!$F$58) | F34: =IF(29<=Gia_dinh!$F$57,0,Gia_dinh!$F$59*Gia_dinh!$F$60) | G34: =E34*F34 | H34: =G34*(1-Gia_dinh!$F$61) | I34: =H34*Gia_dinh!$F$62 | J34: =IF(29=0,0,Gia_dinh!$F$63) | K34: =IF(29=0,0,Gia_dinh!$F$64) | L34: =H34*Gia_dinh!$F$65 | M34: =IF(29=0,0,Gia_dinh!$F$66) | N34: =IF(29=0,Gia_dinh!$F$56,0) | O34: =SUM(J34:N34) | P34: =I34-O34 | Q34: =Q33+P34
B35: 30 | C35: =IF(30=0,"Dựng IP AI",IF(30<=Gia_dinh!$F$57,"Ramp","Bán hàng")) | D35: =(1-Gia_dinh!$F$108)^MAX(0,30-Gia_dinh!$F$57-1) | E35: =IF(30<=Gia_dinh!$F$57,0,Gia_dinh!$F$58) | F35: =IF(30<=Gia_dinh!$F$57,0,Gia_dinh!$F$59*Gia_dinh!$F$60) | G35: =E35*F35 | H35: =G35*(1-Gia_dinh!$F$61) | I35: =H35*Gia_dinh!$F$62 | J35: =IF(30=0,0,Gia_dinh!$F$63) | K35: =IF(30=0,0,Gia_dinh!$F$64) | L35: =H35*Gia_dinh!$F$65 | M35: =IF(30=0,0,Gia_dinh!$F$66) | N35: =IF(30=0,Gia_dinh!$F$56,0) | O35: =SUM(J35:N35) | P35: =I35-O35 | Q35: =Q34+P35
B36: 31 | C36: =IF(31=0,"Dựng IP AI",IF(31<=Gia_dinh!$F$57,"Ramp","Bán hàng")) | D36: =(1-Gia_dinh!$F$108)^MAX(0,31-Gia_dinh!$F$57-1) | E36: =IF(31<=Gia_dinh!$F$57,0,Gia_dinh!$F$58) | F36: =IF(31<=Gia_dinh!$F$57,0,Gia_dinh!$F$59*Gia_dinh!$F$60) | G36: =E36*F36 | H36: =G36*(1-Gia_dinh!$F$61) | I36: =H36*Gia_dinh!$F$62 | J36: =IF(31=0,0,Gia_dinh!$F$63) | K36: =IF(31=0,0,Gia_dinh!$F$64) | L36: =H36*Gia_dinh!$F$65 | M36: =IF(31=0,0,Gia_dinh!$F$66) | N36: =IF(31=0,Gia_dinh!$F$56,0) | O36: =SUM(J36:N36) | P36: =I36-O36 | Q36: =Q35+P36
B37: 32 | C37: =IF(32=0,"Dựng IP AI",IF(32<=Gia_dinh!$F$57,"Ramp","Bán hàng")) | D37: =(1-Gia_dinh!$F$108)^MAX(0,32-Gia_dinh!$F$57-1) | E37: =IF(32<=Gia_dinh!$F$57,0,Gia_dinh!$F$58) | F37: =IF(32<=Gia_dinh!$F$57,0,Gia_dinh!$F$59*Gia_dinh!$F$60) | G37: =E37*F37 | H37: =G37*(1-Gia_dinh!$F$61) | I37: =H37*Gia_dinh!$F$62 | J37: =IF(32=0,0,Gia_dinh!$F$63) | K37: =IF(32=0,0,Gia_dinh!$F$64) | L37: =H37*Gia_dinh!$F$65 | M37: =IF(32=0,0,Gia_dinh!$F$66) | N37: =IF(32=0,Gia_dinh!$F$56,0) | O37: =SUM(J37:N37) | P37: =I37-O37 | Q37: =Q36+P37
B38: 33 | C38: =IF(33=0,"Dựng IP AI",IF(33<=Gia_dinh!$F$57,"Ramp","Bán hàng")) | D38: =(1-Gia_dinh!$F$108)^MAX(0,33-Gia_dinh!$F$57-1) | E38: =IF(33<=Gia_dinh!$F$57,0,Gia_dinh!$F$58) | F38: =IF(33<=Gia_dinh!$F$57,0,Gia_dinh!$F$59*Gia_dinh!$F$60) | G38: =E38*F38 | H38: =G38*(1-Gia_dinh!$F$61) | I38: =H38*Gia_dinh!$F$62 | J38: =IF(33=0,0,Gia_dinh!$F$63) | K38: =IF(33=0,0,Gia_dinh!$F$64) | L38: =H38*Gia_dinh!$F$65 | M38: =IF(33=0,0,Gia_dinh!$F$66) | N38: =IF(33=0,Gia_dinh!$F$56,0) | O38: =SUM(J38:N38) | P38: =I38-O38 | Q38: =Q37+P38
B39: 34 | C39: =IF(34=0,"Dựng IP AI",IF(34<=Gia_dinh!$F$57,"Ramp","Bán hàng")) | D39: =(1-Gia_dinh!$F$108)^MAX(0,34-Gia_dinh!$F$57-1) | E39: =IF(34<=Gia_dinh!$F$57,0,Gia_dinh!$F$58) | F39: =IF(34<=Gia_dinh!$F$57,0,Gia_dinh!$F$59*Gia_dinh!$F$60) | G39: =E39*F39 | H39: =G39*(1-Gia_dinh!$F$61) | I39: =H39*Gia_dinh!$F$62 | J39: =IF(34=0,0,Gia_dinh!$F$63) | K39: =IF(34=0,0,Gia_dinh!$F$64) | L39: =H39*Gia_dinh!$F$65 | M39: =IF(34=0,0,Gia_dinh!$F$66) | N39: =IF(34=0,Gia_dinh!$F$56,0) | O39: =SUM(J39:N39) | P39: =I39-O39 | Q39: =Q38+P39
B40: 35 | C40: =IF(35=0,"Dựng IP AI",IF(35<=Gia_dinh!$F$57,"Ramp","Bán hàng")) | D40: =(1-Gia_dinh!$F$108)^MAX(0,35-Gia_dinh!$F$57-1) | E40: =IF(35<=Gia_dinh!$F$57,0,Gia_dinh!$F$58) | F40: =IF(35<=Gia_dinh!$F$57,0,Gia_dinh!$F$59*Gia_dinh!$F$60) | G40: =E40*F40 | H40: =G40*(1-Gia_dinh!$F$61) | I40: =H40*Gia_dinh!$F$62 | J40: =IF(35=0,0,Gia_dinh!$F$63) | K40: =IF(35=0,0,Gia_dinh!$F$64) | L40: =H40*Gia_dinh!$F$65 | M40: =IF(35=0,0,Gia_dinh!$F$66) | N40: =IF(35=0,Gia_dinh!$F$56,0) | O40: =SUM(J40:N40) | P40: =I40-O40 | Q40: =Q39+P40
B41: 36 | C41: =IF(36=0,"Dựng IP AI",IF(36<=Gia_dinh!$F$57,"Ramp","Bán hàng")) | D41: =(1-Gia_dinh!$F$108)^MAX(0,36-Gia_dinh!$F$57-1) | E41: =IF(36<=Gia_dinh!$F$57,0,Gia_dinh!$F$58) | F41: =IF(36<=Gia_dinh!$F$57,0,Gia_dinh!$F$59*Gia_dinh!$F$60) | G41: =E41*F41 | H41: =G41*(1-Gia_dinh!$F$61) | I41: =H41*Gia_dinh!$F$62 | J41: =IF(36=0,0,Gia_dinh!$F$63) | K41: =IF(36=0,0,Gia_dinh!$F$64) | L41: =H41*Gia_dinh!$F$65 | M41: =IF(36=0,0,Gia_dinh!$F$66) | N41: =IF(36=0,Gia_dinh!$F$56,0) | O41: =SUM(J41:N41) | P41: =I41-O41 | Q41: =Q40+P41
B43: KẾT QUẢ MỘT IP AI (kịch bản đang chạy)
B44: Lãi gộp/tháng khi ổn định (tuổi 12) | F44: =P17
B45: Biên lãi gộp trên doanh thu MCN | F45: =P17/I17
B46: Đỉnh vốn phải bỏ ra cho 1 IP AI | F46: =MIN(Q5:Q41)
B47: Tháng hoà vốn luỹ kế của 1 IP AI | F47: =IF(COUNTIF(Q5:Q41,"<0")>36,"Không hoà vốn trong 36 tháng",COUNTIF(Q5:Q41,"<0"))

Sheet Doi_hinh
A1: ĐỘI HÌNH IP THEO THÁNG (mô hình cohort)
A2: Số IP ở mỗi tuổi = số IP ký mới của tháng tương ứng × tỷ lệ sống sót của tuổi đó.
B3: Thang | C3: Đơn vị | D3: 1 | E3: 2 | F3: 3 | G3: 4 | H3: 5 | I3: 6 | J3: 7 | K3: 8 | L3: 9 | M3: 10 | N3: 11 | O3: 12 | P3: 13 | Q3: 14 | R3: 15 | S3: 16 | T3: 17 | U3: 18 | V3: 19 | W3: 20 | X3: 21 | Y3: 22 | Z3: 23 | AA3: 24 | AB3: 25 | AC3: 26 | AD3: 27 | AE3: 28 | AF3: 29 | AG3: 30 | AH3: 31 | AI3: 32 | AJ3: 33 | AK3: 34 | AL3: 35 | AM3: 36
B4: Ky | D4: =EDATE(Gia_dinh!$B$5,1-1) | E4: =EDATE(Gia_dinh!$B$5,2-1) | F4: =EDATE(Gia_dinh!$B$5,3-1) | G4: =EDATE(Gia_dinh!$B$5,4-1) | H4: =EDATE(Gia_dinh!$B$5,5-1) | I4: =EDATE(Gia_dinh!$B$5,6-1) | J4: =EDATE(Gia_dinh!$B$5,7-1) | K4: =EDATE(Gia_dinh!$B$5,8-1) | L4: =EDATE(Gia_dinh!$B$5,9-1) | M4: =EDATE(Gia_dinh!$B$5,10-1) | N4: =EDATE(Gia_dinh!$B$5,11-1) | O4: =EDATE(Gia_dinh!$B$5,12-1) | P4: =EDATE(Gia_dinh!$B$5,13-1) | Q4: =EDATE(Gia_dinh!$B$5,14-1) | R4: =EDATE(Gia_dinh!$B$5,15-1) | S4: =EDATE(Gia_dinh!$B$5,16-1) | T4: =EDATE(Gia_dinh!$B$5,17-1) | U4: =EDATE(Gia_dinh!$B$5,18-1) | V4: =EDATE(Gia_dinh!$B$5,19-1) | W4: =EDATE(Gia_dinh!$B$5,20-1) | X4: =EDATE(Gia_dinh!$B$5,21-1) | Y4: =EDATE(Gia_dinh!$B$5,22-1) | Z4: =EDATE(Gia_dinh!$B$5,23-1) | AA4: =EDATE(Gia_dinh!$B$5,24-1) | AB4: =EDATE(Gia_dinh!$B$5,25-1) | AC4: =EDATE(Gia_dinh!$B$5,26-1) | AD4: =EDATE(Gia_dinh!$B$5,27-1) | AE4: =EDATE(Gia_dinh!$B$5,28-1) | AF4: =EDATE(Gia_dinh!$B$5,29-1) | AG4: =EDATE(Gia_dinh!$B$5,30-1) | AH4: =EDATE(Gia_dinh!$B$5,31-1) | AI4: =EDATE(Gia_dinh!$B$5,32-1) | AJ4: =EDATE(Gia_dinh!$B$5,33-1) | AK4: =EDATE(Gia_dinh!$B$5,34-1) | AL4: =EDATE(Gia_dinh!$B$5,35-1) | AM4: =EDATE(Gia_dinh!$B$5,36-1)
B5: Nam | D5: Nam 1 | E5: Nam 1 | F5: Nam 1 | G5: Nam 1 | H5: Nam 1 | I5: Nam 1 | J5: Nam 1 | K5: Nam 1 | L5: Nam 1 | M5: Nam 1 | N5: Nam 1 | O5: Nam 1 | P5: Nam 2 | Q5: Nam 2 | R5: Nam 2 | S5: Nam 2 | T5: Nam 2 | U5: Nam 2 | V5: Nam 2 | W5: Nam 2 | X5: Nam 2 | Y5: Nam 2 | Z5: Nam 2 | AA5: Nam 2 | AB5: Nam 3 | AC5: Nam 3 | AD5: Nam 3 | AE5: Nam 3 | AF5: Nam 3 | AG5: Nam 3 | AH5: Nam 3 | AI5: Nam 3 | AJ5: Nam 3 | AK5: Nam 3 | AL5: Nam 3 | AM5: Nam 3
B6: KẾ HOẠCH KÝ MỚI
B7: IP người thật ký mới trong tháng | C7: IP | D7: =IF(1<=6,Gia_dinh!$F$10,IF(1<=18,Gia_dinh!$F$11,Gia_dinh!$F$12)) | E7: =IF(2<=6,Gia_dinh!$F$10,IF(2<=18,Gia_dinh!$F$11,Gia_dinh!$F$12)) | F7: =IF(3<=6,Gia_dinh!$F$10,IF(3<=18,Gia_dinh!$F$11,Gia_dinh!$F$12)) | G7: =IF(4<=6,Gia_dinh!$F$10,IF(4<=18,Gia_dinh!$F$11,Gia_dinh!$F$12)) | H7: =IF(5<=6,Gia_dinh!$F$10,IF(5<=18,Gia_dinh!$F$11,Gia_dinh!$F$12)) | I7: =IF(6<=6,Gia_dinh!$F$10,IF(6<=18,Gia_dinh!$F$11,Gia_dinh!$F$12)) | J7: =IF(7<=6,Gia_dinh!$F$10,IF(7<=18,Gia_dinh!$F$11,Gia_dinh!$F$12)) | K7: =IF(8<=6,Gia_dinh!$F$10,IF(8<=18,Gia_dinh!$F$11,Gia_dinh!$F$12)) | L7: =IF(9<=6,Gia_dinh!$F$10,IF(9<=18,Gia_dinh!$F$11,Gia_dinh!$F$12)) | M7: =IF(10<=6,Gia_dinh!$F$10,IF(10<=18,Gia_dinh!$F$11,Gia_dinh!$F$12)) | N7: =IF(11<=6,Gia_dinh!$F$10,IF(11<=18,Gia_dinh!$F$11,Gia_dinh!$F$12)) | O7: =IF(12<=6,Gia_dinh!$F$10,IF(12<=18,Gia_dinh!$F$11,Gia_dinh!$F$12)) | P7: =IF(13<=6,Gia_dinh!$F$10,IF(13<=18,Gia_dinh!$F$11,Gia_dinh!$F$12)) | Q7: =IF(14<=6,Gia_dinh!$F$10,IF(14<=18,Gia_dinh!$F$11,Gia_dinh!$F$12)) | R7: =IF(15<=6,Gia_dinh!$F$10,IF(15<=18,Gia_dinh!$F$11,Gia_dinh!$F$12)) | S7: =IF(16<=6,Gia_dinh!$F$10,IF(16<=18,Gia_dinh!$F$11,Gia_dinh!$F$12)) | T7: =IF(17<=6,Gia_dinh!$F$10,IF(17<=18,Gia_dinh!$F$11,Gia_dinh!$F$12)) | U7: =IF(18<=6,Gia_dinh!$F$10,IF(18<=18,Gia_dinh!$F$11,Gia_dinh!$F$12)) | V7: =IF(19<=6,Gia_dinh!$F$10,IF(19<=18,Gia_dinh!$F$11,Gia_dinh!$F$12)) | W7: =IF(20<=6,Gia_dinh!$F$10,IF(20<=18,Gia_dinh!$F$11,Gia_dinh!$F$12)) | X7: =IF(21<=6,Gia_dinh!$F$10,IF(21<=18,Gia_dinh!$F$11,Gia_dinh!$F$12)) | Y7: =IF(22<=6,Gia_dinh!$F$10,IF(22<=18,Gia_dinh!$F$11,Gia_dinh!$F$12)) | Z7: =IF(23<=6,Gia_dinh!$F$10,IF(23<=18,Gia_dinh!$F$11,Gia_dinh!$F$12)) | AA7: =IF(24<=6,Gia_dinh!$F$10,IF(24<=18,Gia_dinh!$F$11,Gia_dinh!$F$12)) | AB7: =IF(25<=6,Gia_dinh!$F$10,IF(25<=18,Gia_dinh!$F$11,Gia_dinh!$F$12)) | AC7: =IF(26<=6,Gia_dinh!$F$10,IF(26<=18,Gia_dinh!$F$11,Gia_dinh!$F$12)) | AD7: =IF(27<=6,Gia_dinh!$F$10,IF(27<=18,Gia_dinh!$F$11,Gia_dinh!$F$12)) | AE7: =IF(28<=6,Gia_dinh!$F$10,IF(28<=18,Gia_dinh!$F$11,Gia_dinh!$F$12)) | AF7: =IF(29<=6,Gia_dinh!$F$10,IF(29<=18,Gia_dinh!$F$11,Gia_dinh!$F$12)) | AG7: =IF(30<=6,Gia_dinh!$F$10,IF(30<=18,Gia_dinh!$F$11,Gia_dinh!$F$12)) | AH7: =IF(31<=6,Gia_dinh!$F$10,IF(31<=18,Gia_dinh!$F$11,Gia_dinh!$F$12)) | AI7: =IF(32<=6,Gia_dinh!$F$10,IF(32<=18,Gia_dinh!$F$11,Gia_dinh!$F$12)) | AJ7: =IF(33<=6,Gia_dinh!$F$10,IF(33<=18,Gia_dinh!$F$11,Gia_dinh!$F$12)) | AK7: =IF(34<=6,Gia_dinh!$F$10,IF(34<=18,Gia_dinh!$F$11,Gia_dinh!$F$12)) | AL7: =IF(35<=6,Gia_dinh!$F$10,IF(35<=18,Gia_dinh!$F$11,Gia_dinh!$F$12)) | AM7: =IF(36<=6,Gia_dinh!$F$10,IF(36<=18,Gia_dinh!$F$11,Gia_dinh!$F$12))
B8: IP AI ra mắt trong tháng | C8: IP | D8: =IF(1<Gia_dinh!$F$13,0,IF(1<Gia_dinh!$F$13+12,Gia_dinh!$F$14,Gia_dinh!$F$15)) | E8: =IF(2<Gia_dinh!$F$13,0,IF(2<Gia_dinh!$F$13+12,Gia_dinh!$F$14,Gia_dinh!$F$15)) | F8: =IF(3<Gia_dinh!$F$13,0,IF(3<Gia_dinh!$F$13+12,Gia_dinh!$F$14,Gia_dinh!$F$15)) | G8: =IF(4<Gia_dinh!$F$13,0,IF(4<Gia_dinh!$F$13+12,Gia_dinh!$F$14,Gia_dinh!$F$15)) | H8: =IF(5<Gia_dinh!$F$13,0,IF(5<Gia_dinh!$F$13+12,Gia_dinh!$F$14,Gia_dinh!$F$15)) | I8: =IF(6<Gia_dinh!$F$13,0,IF(6<Gia_dinh!$F$13+12,Gia_dinh!$F$14,Gia_dinh!$F$15)) | J8: =IF(7<Gia_dinh!$F$13,0,IF(7<Gia_dinh!$F$13+12,Gia_dinh!$F$14,Gia_dinh!$F$15)) | K8: =IF(8<Gia_dinh!$F$13,0,IF(8<Gia_dinh!$F$13+12,Gia_dinh!$F$14,Gia_dinh!$F$15)) | L8: =IF(9<Gia_dinh!$F$13,0,IF(9<Gia_dinh!$F$13+12,Gia_dinh!$F$14,Gia_dinh!$F$15)) | M8: =IF(10<Gia_dinh!$F$13,0,IF(10<Gia_dinh!$F$13+12,Gia_dinh!$F$14,Gia_dinh!$F$15)) | N8: =IF(11<Gia_dinh!$F$13,0,IF(11<Gia_dinh!$F$13+12,Gia_dinh!$F$14,Gia_dinh!$F$15)) | O8: =IF(12<Gia_dinh!$F$13,0,IF(12<Gia_dinh!$F$13+12,Gia_dinh!$F$14,Gia_dinh!$F$15)) | P8: =IF(13<Gia_dinh!$F$13,0,IF(13<Gia_dinh!$F$13+12,Gia_dinh!$F$14,Gia_dinh!$F$15)) | Q8: =IF(14<Gia_dinh!$F$13,0,IF(14<Gia_dinh!$F$13+12,Gia_dinh!$F$14,Gia_dinh!$F$15)) | R8: =IF(15<Gia_dinh!$F$13,0,IF(15<Gia_dinh!$F$13+12,Gia_dinh!$F$14,Gia_dinh!$F$15)) | S8: =IF(16<Gia_dinh!$F$13,0,IF(16<Gia_dinh!$F$13+12,Gia_dinh!$F$14,Gia_dinh!$F$15)) | T8: =IF(17<Gia_dinh!$F$13,0,IF(17<Gia_dinh!$F$13+12,Gia_dinh!$F$14,Gia_dinh!$F$15)) | U8: =IF(18<Gia_dinh!$F$13,0,IF(18<Gia_dinh!$F$13+12,Gia_dinh!$F$14,Gia_dinh!$F$15)) | V8: =IF(19<Gia_dinh!$F$13,0,IF(19<Gia_dinh!$F$13+12,Gia_dinh!$F$14,Gia_dinh!$F$15)) | W8: =IF(20<Gia_dinh!$F$13,0,IF(20<Gia_dinh!$F$13+12,Gia_dinh!$F$14,Gia_dinh!$F$15)) | X8: =IF(21<Gia_dinh!$F$13,0,IF(21<Gia_dinh!$F$13+12,Gia_dinh!$F$14,Gia_dinh!$F$15)) | Y8: =IF(22<Gia_dinh!$F$13,0,IF(22<Gia_dinh!$F$13+12,Gia_dinh!$F$14,Gia_dinh!$F$15)) | Z8: =IF(23<Gia_dinh!$F$13,0,IF(23<Gia_dinh!$F$13+12,Gia_dinh!$F$14,Gia_dinh!$F$15)) | AA8: =IF(24<Gia_dinh!$F$13,0,IF(24<Gia_dinh!$F$13+12,Gia_dinh!$F$14,Gia_dinh!$F$15)) | AB8: =IF(25<Gia_dinh!$F$13,0,IF(25<Gia_dinh!$F$13+12,Gia_dinh!$F$14,Gia_dinh!$F$15)) | AC8: =IF(26<Gia_dinh!$F$13,0,IF(26<Gia_dinh!$F$13+12,Gia_dinh!$F$14,Gia_dinh!$F$15)) | AD8: =IF(27<Gia_dinh!$F$13,0,IF(27<Gia_dinh!$F$13+12,Gia_dinh!$F$14,Gia_dinh!$F$15)) | AE8: =IF(28<Gia_dinh!$F$13,0,IF(28<Gia_dinh!$F$13+12,Gia_dinh!$F$14,Gia_dinh!$F$15)) | AF8: =IF(29<Gia_dinh!$F$13,0,IF(29<Gia_dinh!$F$13+12,Gia_dinh!$F$14,Gia_dinh!$F$15)) | AG8: =IF(30<Gia_dinh!$F$13,0,IF(30<Gia_dinh!$F$13+12,Gia_dinh!$F$14,Gia_dinh!$F$15)) | AH8: =IF(31<Gia_dinh!$F$13,0,IF(31<Gia_dinh!$F$13+12,Gia_dinh!$F$14,Gia_dinh!$F$15)) | AI8: =IF(32<Gia_dinh!$F$13,0,IF(32<Gia_dinh!$F$13+12,Gia_dinh!$F$14,Gia_dinh!$F$15)) | AJ8: =IF(33<Gia_dinh!$F$13,0,IF(33<Gia_dinh!$F$13+12,Gia_dinh!$F$14,Gia_dinh!$F$15)) | AK8: =IF(34<Gia_dinh!$F$13,0,IF(34<Gia_dinh!$F$13+12,Gia_dinh!$F$14,Gia_dinh!$F$15)) | AL8: =IF(35<Gia_dinh!$F$13,0,IF(35<Gia_dinh!$F$13+12,Gia_dinh!$F$14,Gia_dinh!$F$15)) | AM8: =IF(36<Gia_dinh!$F$13,0,IF(36<Gia_dinh!$F$13+12,Gia_dinh!$F$14,Gia_dinh!$F$15))
B10: A. SỐ IP NGƯỜI THẬT THEO TUỔI (hàng = tuổi, cột = tháng)
B11: Tuổi (tháng) | C11: Tỷ lệ sống sót
B12: 0 | C12: =Don_vi_IP!D5 | D12: =D7*$C12 | E12: =E7*$C12 | F12: =F7*$C12 | G12: =G7*$C12 | H12: =H7*$C12 | I12: =I7*$C12 | J12: =J7*$C12 | K12: =K7*$C12 | ... AM12: =AM7*$C12
B13: 1 | C13: =Don_vi_IP!D6 | E13: =D7*$C13 | F13: =E7*$C13 | G13: =F7*$C13 | H13: =G7*$C13 | I13: =H7*$C13 | J13: =I7*$C13 | K13: =J7*$C13 | L13: =K7*$C13 | ... AM13: =AL7*$C13
B14: 2 | C14: =Don_vi_IP!D7 | F14: =D7*$C14 | G14: =E7*$C14 | H14: =F7*$C14 | I14: =G7*$C14 | J14: =H7*$C14 | K14: =I7*$C14 | L14: =J7*$C14 | M14: =K7*$C14 | ... AM14: =AK7*$C14
B15: 3 | C15: =Don_vi_IP!D8 | G15: =D7*$C15 | H15: =E7*$C15 | I15: =F7*$C15 | J15: =G7*$C15 | K15: =H7*$C15 | L15: =I7*$C15 | M15: =J7*$C15 | N15: =K7*$C15 | ... AM15: =AJ7*$C15
B16: 4 | C16: =Don_vi_IP!D9 | H16: =D7*$C16 | I16: =E7*$C16 | J16: =F7*$C16 | K16: =G7*$C16 | L16: =H7*$C16 | M16: =I7*$C16 | N16: =J7*$C16 | O16: =K7*$C16 | ... AM16: =AI7*$C16
B17: 5 | C17: =Don_vi_IP!D10 | I17: =D7*$C17 | J17: =E7*$C17 | K17: =F7*$C17 | L17: =G7*$C17 | M17: =H7*$C17 | N17: =I7*$C17 | O17: =J7*$C17 | P17: =K7*$C17 | ... AM17: =AH7*$C17
B18: 6 | C18: =Don_vi_IP!D11 | J18: =D7*$C18 | K18: =E7*$C18 | L18: =F7*$C18 | M18: =G7*$C18 | N18: =H7*$C18 | O18: =I7*$C18 | P18: =J7*$C18 | Q18: =K7*$C18 | ... AM18: =AG7*$C18
B19: 7 | C19: =Don_vi_IP!D12 | K19: =D7*$C19 | L19: =E7*$C19 | M19: =F7*$C19 | N19: =G7*$C19 | O19: =H7*$C19 | P19: =I7*$C19 | Q19: =J7*$C19 | R19: =K7*$C19 | ... AM19: =AF7*$C19
B20: 8 | C20: =Don_vi_IP!D13 | L20: =D7*$C20 | M20: =E7*$C20 | N20: =F7*$C20 | O20: =G7*$C20 | P20: =H7*$C20 | Q20: =I7*$C20 | R20: =J7*$C20 | S20: =K7*$C20 | ... AM20: =AE7*$C20
B21: 9 | C21: =Don_vi_IP!D14 | M21: =D7*$C21 | N21: =E7*$C21 | O21: =F7*$C21 | P21: =G7*$C21 | Q21: =H7*$C21 | R21: =I7*$C21 | S21: =J7*$C21 | T21: =K7*$C21 | ... AM21: =AD7*$C21
B22: 10 | C22: =Don_vi_IP!D15 | N22: =D7*$C22 | O22: =E7*$C22 | P22: =F7*$C22 | Q22: =G7*$C22 | R22: =H7*$C22 | S22: =I7*$C22 | T22: =J7*$C22 | U22: =K7*$C22 | ... AM22: =AC7*$C22
B23: 11 | C23: =Don_vi_IP!D16 | O23: =D7*$C23 | P23: =E7*$C23 | Q23: =F7*$C23 | R23: =G7*$C23 | S23: =H7*$C23 | T23: =I7*$C23 | U23: =J7*$C23 | V23: =K7*$C23 | ... AM23: =AB7*$C23
B24: 12 | C24: =Don_vi_IP!D17 | P24: =D7*$C24 | Q24: =E7*$C24 | R24: =F7*$C24 | S24: =G7*$C24 | T24: =H7*$C24 | U24: =I7*$C24 | V24: =J7*$C24 | W24: =K7*$C24 | ... AM24: =AA7*$C24
B25: 13 | C25: =Don_vi_IP!D18 | Q25: =D7*$C25 | R25: =E7*$C25 | S25: =F7*$C25 | T25: =G7*$C25 | U25: =H7*$C25 | V25: =I7*$C25 | W25: =J7*$C25 | X25: =K7*$C25 | ... AM25: =Z7*$C25
B26: 14 | C26: =Don_vi_IP!D19 | R26: =D7*$C26 | S26: =E7*$C26 | T26: =F7*$C26 | U26: =G7*$C26 | V26: =H7*$C26 | W26: =I7*$C26 | X26: =J7*$C26 | Y26: =K7*$C26 | ... AM26: =Y7*$C26
B27: 15 | C27: =Don_vi_IP!D20 | S27: =D7*$C27 | T27: =E7*$C27 | U27: =F7*$C27 | V27: =G7*$C27 | W27: =H7*$C27 | X27: =I7*$C27 | Y27: =J7*$C27 | Z27: =K7*$C27 | ... AM27: =X7*$C27
B28: 16 | C28: =Don_vi_IP!D21 | T28: =D7*$C28 | U28: =E7*$C28 | V28: =F7*$C28 | W28: =G7*$C28 | X28: =H7*$C28 | Y28: =I7*$C28 | Z28: =J7*$C28 | AA28: =K7*$C28 | ... AM28: =W7*$C28
B29: 17 | C29: =Don_vi_IP!D22 | U29: =D7*$C29 | V29: =E7*$C29 | W29: =F7*$C29 | X29: =G7*$C29 | Y29: =H7*$C29 | Z29: =I7*$C29 | AA29: =J7*$C29 | AB29: =K7*$C29 | ... AM29: =V7*$C29
B30: 18 | C30: =Don_vi_IP!D23 | V30: =D7*$C30 | W30: =E7*$C30 | X30: =F7*$C30 | Y30: =G7*$C30 | Z30: =H7*$C30 | AA30: =I7*$C30 | AB30: =J7*$C30 | AC30: =K7*$C30 | ... AM30: =U7*$C30
B31: 19 | C31: =Don_vi_IP!D24 | W31: =D7*$C31 | X31: =E7*$C31 | Y31: =F7*$C31 | Z31: =G7*$C31 | AA31: =H7*$C31 | AB31: =I7*$C31 | AC31: =J7*$C31 | AD31: =K7*$C31 | ... AM31: =T7*$C31
B32: 20 | C32: =Don_vi_IP!D25 | X32: =D7*$C32 | Y32: =E7*$C32 | Z32: =F7*$C32 | AA32: =G7*$C32 | AB32: =H7*$C32 | AC32: =I7*$C32 | AD32: =J7*$C32 | AE32: =K7*$C32 | ... AM32: =S7*$C32
B33: 21 | C33: =Don_vi_IP!D26 | Y33: =D7*$C33 | Z33: =E7*$C33 | AA33: =F7*$C33 | AB33: =G7*$C33 | AC33: =H7*$C33 | AD33: =I7*$C33 | AE33: =J7*$C33 | AF33: =K7*$C33 | ... AM33: =R7*$C33
B34: 22 | C34: =Don_vi_IP!D27 | Z34: =D7*$C34 | AA34: =E7*$C34 | AB34: =F7*$C34 | AC34: =G7*$C34 | AD34: =H7*$C34 | AE34: =I7*$C34 | AF34: =J7*$C34 | AG34: =K7*$C34 | ... AM34: =Q7*$C34
B35: 23 | C35: =Don_vi_IP!D28 | AA35: =D7*$C35 | AB35: =E7*$C35 | AC35: =F7*$C35 | AD35: =G7*$C35 | AE35: =H7*$C35 | AF35: =I7*$C35 | AG35: =J7*$C35 | AH35: =K7*$C35 | ... AM35: =P7*$C35
B36: 24 | C36: =Don_vi_IP!D29 | AB36: =D7*$C36 | AC36: =E7*$C36 | AD36: =F7*$C36 | AE36: =G7*$C36 | AF36: =H7*$C36 | AG36: =I7*$C36 | AH36: =J7*$C36 | AI36: =K7*$C36 | ... AM36: =O7*$C36
B37: 25 | C37: =Don_vi_IP!D30 | AC37: =D7*$C37 | AD37: =E7*$C37 | AE37: =F7*$C37 | AF37: =G7*$C37 | AG37: =H7*$C37 | AH37: =I7*$C37 | AI37: =J7*$C37 | AJ37: =K7*$C37 | ... AM37: =N7*$C37
B38: 26 | C38: =Don_vi_IP!D31 | AD38: =D7*$C38 | AE38: =E7*$C38 | AF38: =F7*$C38 | AG38: =G7*$C38 | AH38: =H7*$C38 | AI38: =I7*$C38 | AJ38: =J7*$C38 | AK38: =K7*$C38 | ... AM38: =M7*$C38
B39: 27 | C39: =Don_vi_IP!D32 | AE39: =D7*$C39 | AF39: =E7*$C39 | AG39: =F7*$C39 | AH39: =G7*$C39 | AI39: =H7*$C39 | AJ39: =I7*$C39 | AK39: =J7*$C39 | AL39: =K7*$C39 | AM39: =L7*$C39
B40: 28 | C40: =Don_vi_IP!D33 | AF40: =D7*$C40 | AG40: =E7*$C40 | AH40: =F7*$C40 | AI40: =G7*$C40 | AJ40: =H7*$C40 | AK40: =I7*$C40 | AL40: =J7*$C40 | AM40: =K7*$C40
B41: 29 | C41: =Don_vi_IP!D34 | AG41: =D7*$C41 | AH41: =E7*$C41 | AI41: =F7*$C41 | AJ41: =G7*$C41 | AK41: =H7*$C41 | AL41: =I7*$C41 | AM41: =J7*$C41
B42: 30 | C42: =Don_vi_IP!D35 | AH42: =D7*$C42 | AI42: =E7*$C42 | AJ42: =F7*$C42 | AK42: =G7*$C42 | AL42: =H7*$C42 | AM42: =I7*$C42
B43: 31 | C43: =Don_vi_IP!D36 | AI43: =D7*$C43 | AJ43: =E7*$C43 | AK43: =F7*$C43 | AL43: =G7*$C43 | AM43: =H7*$C43
B44: 32 | C44: =Don_vi_IP!D37 | AJ44: =D7*$C44 | AK44: =E7*$C44 | AL44: =F7*$C44 | AM44: =G7*$C44
B45: 33 | C45: =Don_vi_IP!D38 | AK45: =D7*$C45 | AL45: =E7*$C45 | AM45: =F7*$C45
B46: 34 | C46: =Don_vi_IP!D39 | AL46: =D7*$C46 | AM46: =E7*$C46
B47: 35 | C47: =Don_vi_IP!D40 | AM47: =D7*$C47
B48: 36 | C48: =Don_vi_IP!D41
B49: IP người thật đang dựng (tuổi 0) | C49: IP | D49: =D12 | E49: =E12 | F49: =F12 | G49: =G12 | H49: =H12 | I49: =I12 | J49: =J12 | K49: =K12 | ... AM49: =AM12
B50: TỔNG IP NGƯỜI THẬT ĐANG HOẠT ĐỘNG | C50: IP | D50: =SUM(D13:D48) | E50: =SUM(E13:E48) | F50: =SUM(F13:F48) | G50: =SUM(G13:G48) | H50: =SUM(H13:H48) | I50: =SUM(I13:I48) | J50: =SUM(J13:J48) | K50: =SUM(K13:K48) | ... AM50: =SUM(AM13:AM48)
B51: — giai đoạn ươm (tuổi 1-3) | C51: IP | D51: =SUM(D13:D15) | E51: =SUM(E13:E15) | F51: =SUM(F13:F15) | G51: =SUM(G13:G15) | H51: =SUM(H13:H15) | I51: =SUM(I13:I15) | J51: =SUM(J13:J15) | K51: =SUM(K13:K15) | ... AM51: =SUM(AM13:AM15)
B52: — tăng trưởng sớm (tuổi 4-6) | C52: IP | D52: =SUM(D16:D18) | E52: =SUM(E16:E18) | F52: =SUM(F16:F18) | G52: =SUM(G16:G18) | H52: =SUM(H16:H18) | I52: =SUM(I16:I18) | J52: =SUM(J16:J18) | K52: =SUM(K16:K18) | ... AM52: =SUM(AM16:AM18)
B53: — tăng trưởng (tuổi 7-9) | C53: IP | D53: =SUM(D19:D21) | E53: =SUM(E19:E21) | F53: =SUM(F19:F21) | G53: =SUM(G19:G21) | H53: =SUM(H19:H21) | I53: =SUM(I19:I21) | J53: =SUM(J19:J21) | K53: =SUM(K19:K21) | ... AM53: =SUM(AM19:AM21)
B54: — ổn định (tuổi 10+) | C54: IP | D54: =SUM(D22:D48) | E54: =SUM(E22:E48) | F54: =SUM(F22:F48) | G54: =SUM(G22:G48) | H54: =SUM(H22:H48) | I54: =SUM(I22:I48) | J54: =SUM(J22:J48) | K54: =SUM(K22:K48) | ... AM54: =SUM(AM22:AM48)
B55: Luỹ kế IP người thật đã ký | C55: IP | D55: =SUM($D$7:D7) | E55: =SUM($D$7:E7) | F55: =SUM($D$7:F7) | G55: =SUM($D$7:G7) | H55: =SUM($D$7:H7) | I55: =SUM($D$7:I7) | J55: =SUM($D$7:J7) | K55: =SUM($D$7:K7) | ... AM55: =SUM($D$7:AM7)
B56: Luỹ kế IP người thật đã bị loại/rời bỏ | C56: IP | D56: =D55-D49-D50 | E56: =E55-E49-E50 | F56: =F55-F49-F50 | G56: =G55-G49-G50 | H56: =H55-H49-H50 | I56: =I55-I49-I50 | J56: =J55-J49-J50 | K56: =K55-K49-K50 | ... AM56: =AM55-AM49-AM50
B58: B. SỐ IP AI THEO TUỔI
B59: Tuổi (tháng) | C59: Tỷ lệ sống sót
B60: 0 | C60: =Don_vi_IP_AI!D5 | D60: =D8*$C60 | E60: =E8*$C60 | F60: =F8*$C60 | G60: =G8*$C60 | H60: =H8*$C60 | I60: =I8*$C60 | J60: =J8*$C60 | K60: =K8*$C60 | ... AM60: =AM8*$C60
B61: 1 | C61: =Don_vi_IP_AI!D6 | E61: =D8*$C61 | F61: =E8*$C61 | G61: =F8*$C61 | H61: =G8*$C61 | I61: =H8*$C61 | J61: =I8*$C61 | K61: =J8*$C61 | L61: =K8*$C61 | ... AM61: =AL8*$C61
B62: 2 | C62: =Don_vi_IP_AI!D7 | F62: =D8*$C62 | G62: =E8*$C62 | H62: =F8*$C62 | I62: =G8*$C62 | J62: =H8*$C62 | K62: =I8*$C62 | L62: =J8*$C62 | M62: =K8*$C62 | ... AM62: =AK8*$C62
B63: 3 | C63: =Don_vi_IP_AI!D8 | G63: =D8*$C63 | H63: =E8*$C63 | I63: =F8*$C63 | J63: =G8*$C63 | K63: =H8*$C63 | L63: =I8*$C63 | M63: =J8*$C63 | N63: =K8*$C63 | ... AM63: =AJ8*$C63
B64: 4 | C64: =Don_vi_IP_AI!D9 | H64: =D8*$C64 | I64: =E8*$C64 | J64: =F8*$C64 | K64: =G8*$C64 | L64: =H8*$C64 | M64: =I8*$C64 | N64: =J8*$C64 | O64: =K8*$C64 | ... AM64: =AI8*$C64
B65: 5 | C65: =Don_vi_IP_AI!D10 | I65: =D8*$C65 | J65: =E8*$C65 | K65: =F8*$C65 | L65: =G8*$C65 | M65: =H8*$C65 | N65: =I8*$C65 | O65: =J8*$C65 | P65: =K8*$C65 | ... AM65: =AH8*$C65
B66: 6 | C66: =Don_vi_IP_AI!D11 | J66: =D8*$C66 | K66: =E8*$C66 | L66: =F8*$C66 | M66: =G8*$C66 | N66: =H8*$C66 | O66: =I8*$C66 | P66: =J8*$C66 | Q66: =K8*$C66 | ... AM66: =AG8*$C66
B67: 7 | C67: =Don_vi_IP_AI!D12 | K67: =D8*$C67 | L67: =E8*$C67 | M67: =F8*$C67 | N67: =G8*$C67 | O67: =H8*$C67 | P67: =I8*$C67 | Q67: =J8*$C67 | R67: =K8*$C67 | ... AM67: =AF8*$C67
B68: 8 | C68: =Don_vi_IP_AI!D13 | L68: =D8*$C68 | M68: =E8*$C68 | N68: =F8*$C68 | O68: =G8*$C68 | P68: =H8*$C68 | Q68: =I8*$C68 | R68: =J8*$C68 | S68: =K8*$C68 | ... AM68: =AE8*$C68
B69: 9 | C69: =Don_vi_IP_AI!D14 | M69: =D8*$C69 | N69: =E8*$C69 | O69: =F8*$C69 | P69: =G8*$C69 | Q69: =H8*$C69 | R69: =I8*$C69 | S69: =J8*$C69 | T69: =K8*$C69 | ... AM69: =AD8*$C69
B70: 10 | C70: =Don_vi_IP_AI!D15 | N70: =D8*$C70 | O70: =E8*$C70 | P70: =F8*$C70 | Q70: =G8*$C70 | R70: =H8*$C70 | S70: =I8*$C70 | T70: =J8*$C70 | U70: =K8*$C70 | ... AM70: =AC8*$C70
B71: 11 | C71: =Don_vi_IP_AI!D16 | O71: =D8*$C71 | P71: =E8*$C71 | Q71: =F8*$C71 | R71: =G8*$C71 | S71: =H8*$C71 | T71: =I8*$C71 | U71: =J8*$C71 | V71: =K8*$C71 | ... AM71: =AB8*$C71
B72: 12 | C72: =Don_vi_IP_AI!D17 | P72: =D8*$C72 | Q72: =E8*$C72 | R72: =F8*$C72 | S72: =G8*$C72 | T72: =H8*$C72 | U72: =I8*$C72 | V72: =J8*$C72 | W72: =K8*$C72 | ... AM72: =AA8*$C72
B73: 13 | C73: =Don_vi_IP_AI!D18 | Q73: =D8*$C73 | R73: =E8*$C73 | S73: =F8*$C73 | T73: =G8*$C73 | U73: =H8*$C73 | V73: =I8*$C73 | W73: =J8*$C73 | X73: =K8*$C73 | ... AM73: =Z8*$C73
B74: 14 | C74: =Don_vi_IP_AI!D19 | R74: =D8*$C74 | S74: =E8*$C74 | T74: =F8*$C74 | U74: =G8*$C74 | V74: =H8*$C74 | W74: =I8*$C74 | X74: =J8*$C74 | Y74: =K8*$C74 | ... AM74: =Y8*$C74
B75: 15 | C75: =Don_vi_IP_AI!D20 | S75: =D8*$C75 | T75: =E8*$C75 | U75: =F8*$C75 | V75: =G8*$C75 | W75: =H8*$C75 | X75: =I8*$C75 | Y75: =J8*$C75 | Z75: =K8*$C75 | ... AM75: =X8*$C75
B76: 16 | C76: =Don_vi_IP_AI!D21 | T76: =D8*$C76 | U76: =E8*$C76 | V76: =F8*$C76 | W76: =G8*$C76 | X76: =H8*$C76 | Y76: =I8*$C76 | Z76: =J8*$C76 | AA76: =K8*$C76 | ... AM76: =W8*$C76
B77: 17 | C77: =Don_vi_IP_AI!D22 | U77: =D8*$C77 | V77: =E8*$C77 | W77: =F8*$C77 | X77: =G8*$C77 | Y77: =H8*$C77 | Z77: =I8*$C77 | AA77: =J8*$C77 | AB77: =K8*$C77 | ... AM77: =V8*$C77
B78: 18 | C78: =Don_vi_IP_AI!D23 | V78: =D8*$C78 | W78: =E8*$C78 | X78: =F8*$C78 | Y78: =G8*$C78 | Z78: =H8*$C78 | AA78: =I8*$C78 | AB78: =J8*$C78 | AC78: =K8*$C78 | ... AM78: =U8*$C78
B79: 19 | C79: =Don_vi_IP_AI!D24 | W79: =D8*$C79 | X79: =E8*$C79 | Y79: =F8*$C79 | Z79: =G8*$C79 | AA79: =H8*$C79 | AB79: =I8*$C79 | AC79: =J8*$C79 | AD79: =K8*$C79 | ... AM79: =T8*$C79
B80: 20 | C80: =Don_vi_IP_AI!D25 | X80: =D8*$C80 | Y80: =E8*$C80 | Z80: =F8*$C80 | AA80: =G8*$C80 | AB80: =H8*$C80 | AC80: =I8*$C80 | AD80: =J8*$C80 | AE80: =K8*$C80 | ... AM80: =S8*$C80
B81: 21 | C81: =Don_vi_IP_AI!D26 | Y81: =D8*$C81 | Z81: =E8*$C81 | AA81: =F8*$C81 | AB81: =G8*$C81 | AC81: =H8*$C81 | AD81: =I8*$C81 | AE81: =J8*$C81 | AF81: =K8*$C81 | ... AM81: =R8*$C81
B82: 22 | C82: =Don_vi_IP_AI!D27 | Z82: =D8*$C82 | AA82: =E8*$C82 | AB82: =F8*$C82 | AC82: =G8*$C82 | AD82: =H8*$C82 | AE82: =I8*$C82 | AF82: =J8*$C82 | AG82: =K8*$C82 | ... AM82: =Q8*$C82
B83: 23 | C83: =Don_vi_IP_AI!D28 | AA83: =D8*$C83 | AB83: =E8*$C83 | AC83: =F8*$C83 | AD83: =G8*$C83 | AE83: =H8*$C83 | AF83: =I8*$C83 | AG83: =J8*$C83 | AH83: =K8*$C83 | ... AM83: =P8*$C83
B84: 24 | C84: =Don_vi_IP_AI!D29 | AB84: =D8*$C84 | AC84: =E8*$C84 | AD84: =F8*$C84 | AE84: =G8*$C84 | AF84: =H8*$C84 | AG84: =I8*$C84 | AH84: =J8*$C84 | AI84: =K8*$C84 | ... AM84: =O8*$C84
B85: 25 | C85: =Don_vi_IP_AI!D30 | AC85: =D8*$C85 | AD85: =E8*$C85 | AE85: =F8*$C85 | AF85: =G8*$C85 | AG85: =H8*$C85 | AH85: =I8*$C85 | AI85: =J8*$C85 | AJ85: =K8*$C85 | ... AM85: =N8*$C85
B86: 26 | C86: =Don_vi_IP_AI!D31 | AD86: =D8*$C86 | AE86: =E8*$C86 | AF86: =F8*$C86 | AG86: =G8*$C86 | AH86: =H8*$C86 | AI86: =I8*$C86 | AJ86: =J8*$C86 | AK86: =K8*$C86 | ... AM86: =M8*$C86
B87: 27 | C87: =Don_vi_IP_AI!D32 | AE87: =D8*$C87 | AF87: =E8*$C87 | AG87: =F8*$C87 | AH87: =G8*$C87 | AI87: =H8*$C87 | AJ87: =I8*$C87 | AK87: =J8*$C87 | AL87: =K8*$C87 | AM87: =L8*$C87
B88: 28 | C88: =Don_vi_IP_AI!D33 | AF88: =D8*$C88 | AG88: =E8*$C88 | AH88: =F8*$C88 | AI88: =G8*$C88 | AJ88: =H8*$C88 | AK88: =I8*$C88 | AL88: =J8*$C88 | AM88: =K8*$C88
B89: 29 | C89: =Don_vi_IP_AI!D34 | AG89: =D8*$C89 | AH89: =E8*$C89 | AI89: =F8*$C89 | AJ89: =G8*$C89 | AK89: =H8*$C89 | AL89: =I8*$C89 | AM89: =J8*$C89
B90: 30 | C90: =Don_vi_IP_AI!D35 | AH90: =D8*$C90 | AI90: =E8*$C90 | AJ90: =F8*$C90 | AK90: =G8*$C90 | AL90: =H8*$C90 | AM90: =I8*$C90
B91: 31 | C91: =Don_vi_IP_AI!D36 | AI91: =D8*$C91 | AJ91: =E8*$C91 | AK91: =F8*$C91 | AL91: =G8*$C91 | AM91: =H8*$C91
B92: 32 | C92: =Don_vi_IP_AI!D37 | AJ92: =D8*$C92 | AK92: =E8*$C92 | AL92: =F8*$C92 | AM92: =G8*$C92
B93: 33 | C93: =Don_vi_IP_AI!D38 | AK93: =D8*$C93 | AL93: =E8*$C93 | AM93: =F8*$C93
B94: 34 | C94: =Don_vi_IP_AI!D39 | AL94: =D8*$C94 | AM94: =E8*$C94
B95: 35 | C95: =Don_vi_IP_AI!D40 | AM95: =D8*$C95
B96: 36 | C96: =Don_vi_IP_AI!D41
B97: TỔNG IP AI ĐANG HOẠT ĐỘNG | C97: IP | D97: =SUM(D61:D96) | E97: =SUM(E61:E96) | F97: =SUM(F61:F96) | G97: =SUM(G61:G96) | H97: =SUM(H61:H96) | I97: =SUM(I61:I96) | J97: =SUM(J61:J96) | K97: =SUM(K61:K96) | ... AM97: =SUM(AM61:AM96)

Sheet Doanh_thu
A1: DOANH THU THEO TỪNG DÒNG (triệu VND)
A2: Doanh thu MCN = hoa hồng nhãn hàng trả, GHI NHẬN TRƯỚC khi chia cho talent. Phí nền tảng TikTok Shop do người bán chịu, không nằm trong bảng này.
B3: Thang | C3: Đơn vị | D3: 1 | E3: 2 | F3: 3 | G3: 4 | H3: 5 | I3: 6 | J3: 7 | K3: 8 | L3: 9 | M3: 10 | N3: 11 | O3: 12 | P3: 13 | Q3: 14 | R3: 15 | S3: 16 | T3: 17 | U3: 18 | V3: 19 | W3: 20 | X3: 21 | Y3: 22 | Z3: 23 | AA3: 24 | AB3: 25 | AC3: 26 | AD3: 27 | AE3: 28 | AF3: 29 | AG3: 30 | AH3: 31 | AI3: 32 | AJ3: 33 | AK3: 34 | AL3: 35 | AM3: 36
B4: Ky | D4: =EDATE(Gia_dinh!$B$5,1-1) | E4: =EDATE(Gia_dinh!$B$5,2-1) | F4: =EDATE(Gia_dinh!$B$5,3-1) | G4: =EDATE(Gia_dinh!$B$5,4-1) | H4: =EDATE(Gia_dinh!$B$5,5-1) | I4: =EDATE(Gia_dinh!$B$5,6-1) | J4: =EDATE(Gia_dinh!$B$5,7-1) | K4: =EDATE(Gia_dinh!$B$5,8-1) | L4: =EDATE(Gia_dinh!$B$5,9-1) | M4: =EDATE(Gia_dinh!$B$5,10-1) | N4: =EDATE(Gia_dinh!$B$5,11-1) | O4: =EDATE(Gia_dinh!$B$5,12-1) | P4: =EDATE(Gia_dinh!$B$5,13-1) | Q4: =EDATE(Gia_dinh!$B$5,14-1) | R4: =EDATE(Gia_dinh!$B$5,15-1) | S4: =EDATE(Gia_dinh!$B$5,16-1) | T4: =EDATE(Gia_dinh!$B$5,17-1) | U4: =EDATE(Gia_dinh!$B$5,18-1) | V4: =EDATE(Gia_dinh!$B$5,19-1) | W4: =EDATE(Gia_dinh!$B$5,20-1) | X4: =EDATE(Gia_dinh!$B$5,21-1) | Y4: =EDATE(Gia_dinh!$B$5,22-1) | Z4: =EDATE(Gia_dinh!$B$5,23-1) | AA4: =EDATE(Gia_dinh!$B$5,24-1) | AB4: =EDATE(Gia_dinh!$B$5,25-1) | AC4: =EDATE(Gia_dinh!$B$5,26-1) | AD4: =EDATE(Gia_dinh!$B$5,27-1) | AE4: =EDATE(Gia_dinh!$B$5,28-1) | AF4: =EDATE(Gia_dinh!$B$5,29-1) | AG4: =EDATE(Gia_dinh!$B$5,30-1) | AH4: =EDATE(Gia_dinh!$B$5,31-1) | AI4: =EDATE(Gia_dinh!$B$5,32-1) | AJ4: =EDATE(Gia_dinh!$B$5,33-1) | AK4: =EDATE(Gia_dinh!$B$5,34-1) | AL4: =EDATE(Gia_dinh!$B$5,35-1) | AM4: =EDATE(Gia_dinh!$B$5,36-1)
B5: Nam | D5: Nam 1 | E5: Nam 1 | F5: Nam 1 | G5: Nam 1 | H5: Nam 1 | I5: Nam 1 | J5: Nam 1 | K5: Nam 1 | L5: Nam 1 | M5: Nam 1 | N5: Nam 1 | O5: Nam 1 | P5: Nam 2 | Q5: Nam 2 | R5: Nam 2 | S5: Nam 2 | T5: Nam 2 | U5: Nam 2 | V5: Nam 2 | W5: Nam 2 | X5: Nam 2 | Y5: Nam 2 | Z5: Nam 2 | AA5: Nam 2 | AB5: Nam 3 | AC5: Nam 3 | AD5: Nam 3 | AE5: Nam 3 | AF5: Nam 3 | AG5: Nam 3 | AH5: Nam 3 | AI5: Nam 3 | AJ5: Nam 3 | AK5: Nam 3 | AL5: Nam 3 | AM5: Nam 3
B6: KIỂM ĐỊNH RỦI RO
B7: Hệ số còn lại của GMV tầng AI (cú sốc nền tảng) | C7: hệ số | D7: =IF(AND(1>=Gia_dinh!$F$103,1<Gia_dinh!$F$103+Gia_dinh!$F$104),1-Gia_dinh!$F$102,1) | E7: =IF(AND(2>=Gia_dinh!$F$103,2<Gia_dinh!$F$103+Gia_dinh!$F$104),1-Gia_dinh!$F$102,1) | F7: =IF(AND(3>=Gia_dinh!$F$103,3<Gia_dinh!$F$103+Gia_dinh!$F$104),1-Gia_dinh!$F$102,1) | G7: =IF(AND(4>=Gia_dinh!$F$103,4<Gia_dinh!$F$103+Gia_dinh!$F$104),1-Gia_dinh!$F$102,1) | H7: =IF(AND(5>=Gia_dinh!$F$103,5<Gia_dinh!$F$103+Gia_dinh!$F$104),1-Gia_dinh!$F$102,1) | I7: =IF(AND(6>=Gia_dinh!$F$103,6<Gia_dinh!$F$103+Gia_dinh!$F$104),1-Gia_dinh!$F$102,1) | J7: =IF(AND(7>=Gia_dinh!$F$103,7<Gia_dinh!$F$103+Gia_dinh!$F$104),1-Gia_dinh!$F$102,1) | K7: =IF(AND(8>=Gia_dinh!$F$103,8<Gia_dinh!$F$103+Gia_dinh!$F$104),1-Gia_dinh!$F$102,1) | L7: =IF(AND(9>=Gia_dinh!$F$103,9<Gia_dinh!$F$103+Gia_dinh!$F$104),1-Gia_dinh!$F$102,1) | M7: =IF(AND(10>=Gia_dinh!$F$103,10<Gia_dinh!$F$103+Gia_dinh!$F$104),1-Gia_dinh!$F$102,1) | N7: =IF(AND(11>=Gia_dinh!$F$103,11<Gia_dinh!$F$103+Gia_dinh!$F$104),1-Gia_dinh!$F$102,1) | O7: =IF(AND(12>=Gia_dinh!$F$103,12<Gia_dinh!$F$103+Gia_dinh!$F$104),1-Gia_dinh!$F$102,1) | P7: =IF(AND(13>=Gia_dinh!$F$103,13<Gia_dinh!$F$103+Gia_dinh!$F$104),1-Gia_dinh!$F$102,1) | Q7: =IF(AND(14>=Gia_dinh!$F$103,14<Gia_dinh!$F$103+Gia_dinh!$F$104),1-Gia_dinh!$F$102,1) | R7: =IF(AND(15>=Gia_dinh!$F$103,15<Gia_dinh!$F$103+Gia_dinh!$F$104),1-Gia_dinh!$F$102,1) | S7: =IF(AND(16>=Gia_dinh!$F$103,16<Gia_dinh!$F$103+Gia_dinh!$F$104),1-Gia_dinh!$F$102,1) | T7: =IF(AND(17>=Gia_dinh!$F$103,17<Gia_dinh!$F$103+Gia_dinh!$F$104),1-Gia_dinh!$F$102,1) | U7: =IF(AND(18>=Gia_dinh!$F$103,18<Gia_dinh!$F$103+Gia_dinh!$F$104),1-Gia_dinh!$F$102,1) | V7: =IF(AND(19>=Gia_dinh!$F$103,19<Gia_dinh!$F$103+Gia_dinh!$F$104),1-Gia_dinh!$F$102,1) | W7: =IF(AND(20>=Gia_dinh!$F$103,20<Gia_dinh!$F$103+Gia_dinh!$F$104),1-Gia_dinh!$F$102,1) | X7: =IF(AND(21>=Gia_dinh!$F$103,21<Gia_dinh!$F$103+Gia_dinh!$F$104),1-Gia_dinh!$F$102,1) | Y7: =IF(AND(22>=Gia_dinh!$F$103,22<Gia_dinh!$F$103+Gia_dinh!$F$104),1-Gia_dinh!$F$102,1) | Z7: =IF(AND(23>=Gia_dinh!$F$103,23<Gia_dinh!$F$103+Gia_dinh!$F$104),1-Gia_dinh!$F$102,1) | AA7: =IF(AND(24>=Gia_dinh!$F$103,24<Gia_dinh!$F$103+Gia_dinh!$F$104),1-Gia_dinh!$F$102,1) | AB7: =IF(AND(25>=Gia_dinh!$F$103,25<Gia_dinh!$F$103+Gia_dinh!$F$104),1-Gia_dinh!$F$102,1) | AC7: =IF(AND(26>=Gia_dinh!$F$103,26<Gia_dinh!$F$103+Gia_dinh!$F$104),1-Gia_dinh!$F$102,1) | AD7: =IF(AND(27>=Gia_dinh!$F$103,27<Gia_dinh!$F$103+Gia_dinh!$F$104),1-Gia_dinh!$F$102,1) | AE7: =IF(AND(28>=Gia_dinh!$F$103,28<Gia_dinh!$F$103+Gia_dinh!$F$104),1-Gia_dinh!$F$102,1) | AF7: =IF(AND(29>=Gia_dinh!$F$103,29<Gia_dinh!$F$103+Gia_dinh!$F$104),1-Gia_dinh!$F$102,1) | AG7: =IF(AND(30>=Gia_dinh!$F$103,30<Gia_dinh!$F$103+Gia_dinh!$F$104),1-Gia_dinh!$F$102,1) | AH7: =IF(AND(31>=Gia_dinh!$F$103,31<Gia_dinh!$F$103+Gia_dinh!$F$104),1-Gia_dinh!$F$102,1) | AI7: =IF(AND(32>=Gia_dinh!$F$103,32<Gia_dinh!$F$103+Gia_dinh!$F$104),1-Gia_dinh!$F$102,1) | AJ7: =IF(AND(33>=Gia_dinh!$F$103,33<Gia_dinh!$F$103+Gia_dinh!$F$104),1-Gia_dinh!$F$102,1) | AK7: =IF(AND(34>=Gia_dinh!$F$103,34<Gia_dinh!$F$103+Gia_dinh!$F$104),1-Gia_dinh!$F$102,1) | AL7: =IF(AND(35>=Gia_dinh!$F$103,35<Gia_dinh!$F$103+Gia_dinh!$F$104),1-Gia_dinh!$F$102,1) | AM7: =IF(AND(36>=Gia_dinh!$F$103,36<Gia_dinh!$F$103+Gia_dinh!$F$104),1-Gia_dinh!$F$102,1)
B9: ĐỘI HÌNH
B10: Số IP người thật đang hoạt động | C10: IP | D10: =Doi_hinh!D50 | E10: =Doi_hinh!E50 | F10: =Doi_hinh!F50 | G10: =Doi_hinh!G50 | H10: =Doi_hinh!H50 | I10: =Doi_hinh!I50 | J10: =Doi_hinh!J50 | K10: =Doi_hinh!K50 | ... AM10: =Doi_hinh!AM50
B11: Số IP AI đang hoạt động | C11: IP | D11: =Doi_hinh!D97 | E11: =Doi_hinh!E97 | F11: =Doi_hinh!F97 | G11: =Doi_hinh!G97 | H11: =Doi_hinh!H97 | I11: =Doi_hinh!I97 | J11: =Doi_hinh!J97 | K11: =Doi_hinh!K97 | ... AM11: =Doi_hinh!AM97
B12: Số IP người thật ký mới | C12: IP | D12: =Doi_hinh!D7 | E12: =Doi_hinh!E7 | F12: =Doi_hinh!F7 | G12: =Doi_hinh!G7 | H12: =Doi_hinh!H7 | I12: =Doi_hinh!I7 | J12: =Doi_hinh!J7 | K12: =Doi_hinh!K7 | ... AM12: =Doi_hinh!AM7
B13: Số IP AI ra mắt | C13: IP | D13: =Doi_hinh!D8 | E13: =Doi_hinh!E8 | F13: =Doi_hinh!F8 | G13: =Doi_hinh!G8 | H13: =Doi_hinh!H8 | I13: =Doi_hinh!I8 | J13: =Doi_hinh!J8 | K13: =Doi_hinh!K8 | ... AM13: =Doi_hinh!AM8
B15: GMV
B16: GMV gộp — IP người thật | C16: triệu VND | D16: =SUMPRODUCT(Doi_hinh!D$12:D$48,Don_vi_IP!$G$5:$G$41) | E16: =SUMPRODUCT(Doi_hinh!E$12:E$48,Don_vi_IP!$G$5:$G$41) | F16: =SUMPRODUCT(Doi_hinh!F$12:F$48,Don_vi_IP!$G$5:$G$41) | G16: =SUMPRODUCT(Doi_hinh!G$12:G$48,Don_vi_IP!$G$5:$G$41) | H16: =SUMPRODUCT(Doi_hinh!H$12:H$48,Don_vi_IP!$G$5:$G$41) | I16: =SUMPRODUCT(Doi_hinh!I$12:I$48,Don_vi_IP!$G$5:$G$41) | J16: =SUMPRODUCT(Doi_hinh!J$12:J$48,Don_vi_IP!$G$5:$G$41) | K16: =SUMPRODUCT(Doi_hinh!K$12:K$48,Don_vi_IP!$G$5:$G$41) | ... AM16: =SUMPRODUCT(Doi_hinh!AM$12:AM$48,Don_vi_IP!$G$5:$G$41)
B17: GMV gộp — IP AI | C17: triệu VND | D17: =SUMPRODUCT(Doi_hinh!D$60:D$96,Don_vi_IP_AI!$G$5:$G$41)*D7 | E17: =SUMPRODUCT(Doi_hinh!E$60:E$96,Don_vi_IP_AI!$G$5:$G$41)*E7 | F17: =SUMPRODUCT(Doi_hinh!F$60:F$96,Don_vi_IP_AI!$G$5:$G$41)*F7 | G17: =SUMPRODUCT(Doi_hinh!G$60:G$96,Don_vi_IP_AI!$G$5:$G$41)*G7 | H17: =SUMPRODUCT(Doi_hinh!H$60:H$96,Don_vi_IP_AI!$G$5:$G$41)*H7 | I17: =SUMPRODUCT(Doi_hinh!I$60:I$96,Don_vi_IP_AI!$G$5:$G$41)*I7 | J17: =SUMPRODUCT(Doi_hinh!J$60:J$96,Don_vi_IP_AI!$G$5:$G$41)*J7 | K17: =SUMPRODUCT(Doi_hinh!K$60:K$96,Don_vi_IP_AI!$G$5:$G$41)*K7 | ... AM17: =SUMPRODUCT(Doi_hinh!AM$60:AM$96,Don_vi_IP_AI!$G$5:$G$41)*AM7
B18: TỔNG GMV GỘP | C18: triệu VND | D18: =D16+D17 | E18: =E16+E17 | F18: =F16+F17 | G18: =G16+G17 | H18: =H16+H17 | I18: =I16+I17 | J18: =J16+J17 | K18: =K16+K17 | ... AM18: =AM16+AM17
B19: GMV ròng — IP người thật | C19: triệu VND | D19: =SUMPRODUCT(Doi_hinh!D$12:D$48,Don_vi_IP!$H$5:$H$41) | E19: =SUMPRODUCT(Doi_hinh!E$12:E$48,Don_vi_IP!$H$5:$H$41) | F19: =SUMPRODUCT(Doi_hinh!F$12:F$48,Don_vi_IP!$H$5:$H$41) | G19: =SUMPRODUCT(Doi_hinh!G$12:G$48,Don_vi_IP!$H$5:$H$41) | H19: =SUMPRODUCT(Doi_hinh!H$12:H$48,Don_vi_IP!$H$5:$H$41) | I19: =SUMPRODUCT(Doi_hinh!I$12:I$48,Don_vi_IP!$H$5:$H$41) | J19: =SUMPRODUCT(Doi_hinh!J$12:J$48,Don_vi_IP!$H$5:$H$41) | K19: =SUMPRODUCT(Doi_hinh!K$12:K$48,Don_vi_IP!$H$5:$H$41) | ... AM19: =SUMPRODUCT(Doi_hinh!AM$12:AM$48,Don_vi_IP!$H$5:$H$41)
B20: GMV ròng — IP AI | C20: triệu VND | D20: =SUMPRODUCT(Doi_hinh!D$60:D$96,Don_vi_IP_AI!$H$5:$H$41)*D7 | E20: =SUMPRODUCT(Doi_hinh!E$60:E$96,Don_vi_IP_AI!$H$5:$H$41)*E7 | F20: =SUMPRODUCT(Doi_hinh!F$60:F$96,Don_vi_IP_AI!$H$5:$H$41)*F7 | G20: =SUMPRODUCT(Doi_hinh!G$60:G$96,Don_vi_IP_AI!$H$5:$H$41)*G7 | H20: =SUMPRODUCT(Doi_hinh!H$60:H$96,Don_vi_IP_AI!$H$5:$H$41)*H7 | I20: =SUMPRODUCT(Doi_hinh!I$60:I$96,Don_vi_IP_AI!$H$5:$H$41)*I7 | J20: =SUMPRODUCT(Doi_hinh!J$60:J$96,Don_vi_IP_AI!$H$5:$H$41)*J7 | K20: =SUMPRODUCT(Doi_hinh!K$60:K$96,Don_vi_IP_AI!$H$5:$H$41)*K7 | ... AM20: =SUMPRODUCT(Doi_hinh!AM$60:AM$96,Don_vi_IP_AI!$H$5:$H$41)*AM7
B21: TỔNG GMV RÒNG (sau huỷ & hoàn hàng) | C21: triệu VND | D21: =D19+D20 | E21: =E19+E20 | F21: =F19+F20 | G21: =G19+G20 | H21: =H19+H20 | I21: =I19+I20 | J21: =J19+J20 | K21: =K19+K20 | ... AM21: =AM19+AM20
B23: DOANH THU MCN
B24: Hoa hồng affiliate — IP người thật | C24: triệu VND | D24: =SUMPRODUCT(Doi_hinh!D$12:D$48,Don_vi_IP!$I$5:$I$41) | E24: =SUMPRODUCT(Doi_hinh!E$12:E$48,Don_vi_IP!$I$5:$I$41) | F24: =SUMPRODUCT(Doi_hinh!F$12:F$48,Don_vi_IP!$I$5:$I$41) | G24: =SUMPRODUCT(Doi_hinh!G$12:G$48,Don_vi_IP!$I$5:$I$41) | H24: =SUMPRODUCT(Doi_hinh!H$12:H$48,Don_vi_IP!$I$5:$I$41) | I24: =SUMPRODUCT(Doi_hinh!I$12:I$48,Don_vi_IP!$I$5:$I$41) | J24: =SUMPRODUCT(Doi_hinh!J$12:J$48,Don_vi_IP!$I$5:$I$41) | K24: =SUMPRODUCT(Doi_hinh!K$12:K$48,Don_vi_IP!$I$5:$I$41) | ... AM24: =SUMPRODUCT(Doi_hinh!AM$12:AM$48,Don_vi_IP!$I$5:$I$41)
B25: Phí booking cố định | C25: triệu VND | D25: =SUMPRODUCT(Doi_hinh!D$12:D$48,Don_vi_IP!$J$5:$J$41) | E25: =SUMPRODUCT(Doi_hinh!E$12:E$48,Don_vi_IP!$J$5:$J$41) | F25: =SUMPRODUCT(Doi_hinh!F$12:F$48,Don_vi_IP!$J$5:$J$41) | G25: =SUMPRODUCT(Doi_hinh!G$12:G$48,Don_vi_IP!$J$5:$J$41) | H25: =SUMPRODUCT(Doi_hinh!H$12:H$48,Don_vi_IP!$J$5:$J$41) | I25: =SUMPRODUCT(Doi_hinh!I$12:I$48,Don_vi_IP!$J$5:$J$41) | J25: =SUMPRODUCT(Doi_hinh!J$12:J$48,Don_vi_IP!$J$5:$J$41) | K25: =SUMPRODUCT(Doi_hinh!K$12:K$48,Don_vi_IP!$J$5:$J$41) | ... AM25: =SUMPRODUCT(Doi_hinh!AM$12:AM$48,Don_vi_IP!$J$5:$J$41)
B26: Thưởng đạt target | C26: triệu VND | D26: =SUMPRODUCT(Doi_hinh!D$12:D$48,Don_vi_IP!$K$5:$K$41) | E26: =SUMPRODUCT(Doi_hinh!E$12:E$48,Don_vi_IP!$K$5:$K$41) | F26: =SUMPRODUCT(Doi_hinh!F$12:F$48,Don_vi_IP!$K$5:$K$41) | G26: =SUMPRODUCT(Doi_hinh!G$12:G$48,Don_vi_IP!$K$5:$K$41) | H26: =SUMPRODUCT(Doi_hinh!H$12:H$48,Don_vi_IP!$K$5:$K$41) | I26: =SUMPRODUCT(Doi_hinh!I$12:I$48,Don_vi_IP!$K$5:$K$41) | J26: =SUMPRODUCT(Doi_hinh!J$12:J$48,Don_vi_IP!$K$5:$K$41) | K26: =SUMPRODUCT(Doi_hinh!K$12:K$48,Don_vi_IP!$K$5:$K$41) | ... AM26: =SUMPRODUCT(Doi_hinh!AM$12:AM$48,Don_vi_IP!$K$5:$K$41)
B27: Doanh thu từ IP người thật | C27: triệu VND | D27: =SUM(D24:D26) | E27: =SUM(E24:E26) | F27: =SUM(F24:F26) | G27: =SUM(G24:G26) | H27: =SUM(H24:H26) | I27: =SUM(I24:I26) | J27: =SUM(J24:J26) | K27: =SUM(K24:K26) | ... AM27: =SUM(AM24:AM26)
B28: Hoa hồng affiliate — IP AI | C28: triệu VND | D28: =SUMPRODUCT(Doi_hinh!D$60:D$96,Don_vi_IP_AI!$I$5:$I$41)*D7 | E28: =SUMPRODUCT(Doi_hinh!E$60:E$96,Don_vi_IP_AI!$I$5:$I$41)*E7 | F28: =SUMPRODUCT(Doi_hinh!F$60:F$96,Don_vi_IP_AI!$I$5:$I$41)*F7 | G28: =SUMPRODUCT(Doi_hinh!G$60:G$96,Don_vi_IP_AI!$I$5:$I$41)*G7 | H28: =SUMPRODUCT(Doi_hinh!H$60:H$96,Don_vi_IP_AI!$I$5:$I$41)*H7 | I28: =SUMPRODUCT(Doi_hinh!I$60:I$96,Don_vi_IP_AI!$I$5:$I$41)*I7 | J28: =SUMPRODUCT(Doi_hinh!J$60:J$96,Don_vi_IP_AI!$I$5:$I$41)*J7 | K28: =SUMPRODUCT(Doi_hinh!K$60:K$96,Don_vi_IP_AI!$I$5:$I$41)*K7 | ... AM28: =SUMPRODUCT(Doi_hinh!AM$60:AM$96,Don_vi_IP_AI!$I$5:$I$41)*AM7
B29: TỔNG DOANH THU | C29: triệu VND | D29: =D27+D28 | E29: =E27+E28 | F29: =F27+F28 | G29: =G27+G28 | H29: =H27+H28 | I29: =I27+I28 | J29: =J27+J28 | K29: =K27+K28 | ... AM29: =AM27+AM28
B31: Tỷ trọng doanh thu từ tầng IP AI | C31: % | D31: =IFERROR(D28/D29,0) | E31: =IFERROR(E28/E29,0) | F31: =IFERROR(F28/F29,0) | G31: =IFERROR(G28/G29,0) | H31: =IFERROR(H28/H29,0) | I31: =IFERROR(I28/I29,0) | J31: =IFERROR(J28/J29,0) | K31: =IFERROR(K28/K29,0) | ... AM31: =IFERROR(AM28/AM29,0)
B32: Take rate hiệu dụng (doanh thu / GMV gộp) | C32: % | D32: =IFERROR(D29/D18,0) | E32: =IFERROR(E29/E18,0) | F32: =IFERROR(F29/F18,0) | G32: =IFERROR(G29/G18,0) | H32: =IFERROR(H29/H18,0) | I32: =IFERROR(I29/I18,0) | J32: =IFERROR(J29/J18,0) | K32: =IFERROR(K29/K18,0) | ... AM32: =IFERROR(AM29/AM18,0)
B33: Doanh thu bình quân / IP người thật đang hoạt động | C33: triệu VND | D33: =IFERROR(D27/D10,0) | E33: =IFERROR(E27/E10,0) | F33: =IFERROR(F27/F10,0) | G33: =IFERROR(G27/G10,0) | H33: =IFERROR(H27/H10,0) | I33: =IFERROR(I27/I10,0) | J33: =IFERROR(J27/J10,0) | K33: =IFERROR(K27/K10,0) | ... AM33: =IFERROR(AM27/AM10,0)

Sheet Chi_phi
A1: CHI PHÍ THEO THÁNG (triệu VND)
A2: Chi phí trực tiếp lấy từ unit economics nhân với đội hình IP. Chi phí tầng công ty là giả định riêng của bản dự toán này.
B3: Thang | C3: Đơn vị | D3: 1 | E3: 2 | F3: 3 | G3: 4 | H3: 5 | I3: 6 | J3: 7 | K3: 8 | L3: 9 | M3: 10 | N3: 11 | O3: 12 | P3: 13 | Q3: 14 | R3: 15 | S3: 16 | T3: 17 | U3: 18 | V3: 19 | W3: 20 | X3: 21 | Y3: 22 | Z3: 23 | AA3: 24 | AB3: 25 | AC3: 26 | AD3: 27 | AE3: 28 | AF3: 29 | AG3: 30 | AH3: 31 | AI3: 32 | AJ3: 33 | AK3: 34 | AL3: 35 | AM3: 36
B4: Ky | D4: =EDATE(Gia_dinh!$B$5,1-1) | E4: =EDATE(Gia_dinh!$B$5,2-1) | F4: =EDATE(Gia_dinh!$B$5,3-1) | G4: =EDATE(Gia_dinh!$B$5,4-1) | H4: =EDATE(Gia_dinh!$B$5,5-1) | I4: =EDATE(Gia_dinh!$B$5,6-1) | J4: =EDATE(Gia_dinh!$B$5,7-1) | K4: =EDATE(Gia_dinh!$B$5,8-1) | L4: =EDATE(Gia_dinh!$B$5,9-1) | M4: =EDATE(Gia_dinh!$B$5,10-1) | N4: =EDATE(Gia_dinh!$B$5,11-1) | O4: =EDATE(Gia_dinh!$B$5,12-1) | P4: =EDATE(Gia_dinh!$B$5,13-1) | Q4: =EDATE(Gia_dinh!$B$5,14-1) | R4: =EDATE(Gia_dinh!$B$5,15-1) | S4: =EDATE(Gia_dinh!$B$5,16-1) | T4: =EDATE(Gia_dinh!$B$5,17-1) | U4: =EDATE(Gia_dinh!$B$5,18-1) | V4: =EDATE(Gia_dinh!$B$5,19-1) | W4: =EDATE(Gia_dinh!$B$5,20-1) | X4: =EDATE(Gia_dinh!$B$5,21-1) | Y4: =EDATE(Gia_dinh!$B$5,22-1) | Z4: =EDATE(Gia_dinh!$B$5,23-1) | AA4: =EDATE(Gia_dinh!$B$5,24-1) | AB4: =EDATE(Gia_dinh!$B$5,25-1) | AC4: =EDATE(Gia_dinh!$B$5,26-1) | AD4: =EDATE(Gia_dinh!$B$5,27-1) | AE4: =EDATE(Gia_dinh!$B$5,28-1) | AF4: =EDATE(Gia_dinh!$B$5,29-1) | AG4: =EDATE(Gia_dinh!$B$5,30-1) | AH4: =EDATE(Gia_dinh!$B$5,31-1) | AI4: =EDATE(Gia_dinh!$B$5,32-1) | AJ4: =EDATE(Gia_dinh!$B$5,33-1) | AK4: =EDATE(Gia_dinh!$B$5,34-1) | AL4: =EDATE(Gia_dinh!$B$5,35-1) | AM4: =EDATE(Gia_dinh!$B$5,36-1)
B5: Nam | D5: Nam 1 | E5: Nam 1 | F5: Nam 1 | G5: Nam 1 | H5: Nam 1 | I5: Nam 1 | J5: Nam 1 | K5: Nam 1 | L5: Nam 1 | M5: Nam 1 | N5: Nam 1 | O5: Nam 1 | P5: Nam 2 | Q5: Nam 2 | R5: Nam 2 | S5: Nam 2 | T5: Nam 2 | U5: Nam 2 | V5: Nam 2 | W5: Nam 2 | X5: Nam 2 | Y5: Nam 2 | Z5: Nam 2 | AA5: Nam 2 | AB5: Nam 3 | AC5: Nam 3 | AD5: Nam 3 | AE5: Nam 3 | AF5: Nam 3 | AG5: Nam 3 | AH5: Nam 3 | AI5: Nam 3 | AJ5: Nam 3 | AK5: Nam 3 | AL5: Nam 3 | AM5: Nam 3
B6: 1. CHI PHÍ TRỰC TIẾP — IP NGƯỜI THẬT
B7: Chia hoa hồng cho talent | C7: triệu VND | D7: =SUMPRODUCT(Doi_hinh!D$12:D$48,Don_vi_IP!$M$5:$M$41) | E7: =SUMPRODUCT(Doi_hinh!E$12:E$48,Don_vi_IP!$M$5:$M$41) | F7: =SUMPRODUCT(Doi_hinh!F$12:F$48,Don_vi_IP!$M$5:$M$41) | G7: =SUMPRODUCT(Doi_hinh!G$12:G$48,Don_vi_IP!$M$5:$M$41) | H7: =SUMPRODUCT(Doi_hinh!H$12:H$48,Don_vi_IP!$M$5:$M$41) | I7: =SUMPRODUCT(Doi_hinh!I$12:I$48,Don_vi_IP!$M$5:$M$41) | J7: =SUMPRODUCT(Doi_hinh!J$12:J$48,Don_vi_IP!$M$5:$M$41) | K7: =SUMPRODUCT(Doi_hinh!K$12:K$48,Don_vi_IP!$M$5:$M$41) | ... AM7: =SUMPRODUCT(Doi_hinh!AM$12:AM$48,Don_vi_IP!$M$5:$M$41)
B8: Lương cứng talent | C8: triệu VND | D8: =SUMPRODUCT(Doi_hinh!D$12:D$48,Don_vi_IP!$N$5:$N$41) | E8: =SUMPRODUCT(Doi_hinh!E$12:E$48,Don_vi_IP!$N$5:$N$41) | F8: =SUMPRODUCT(Doi_hinh!F$12:F$48,Don_vi_IP!$N$5:$N$41) | G8: =SUMPRODUCT(Doi_hinh!G$12:G$48,Don_vi_IP!$N$5:$N$41) | H8: =SUMPRODUCT(Doi_hinh!H$12:H$48,Don_vi_IP!$N$5:$N$41) | I8: =SUMPRODUCT(Doi_hinh!I$12:I$48,Don_vi_IP!$N$5:$N$41) | J8: =SUMPRODUCT(Doi_hinh!J$12:J$48,Don_vi_IP!$N$5:$N$41) | K8: =SUMPRODUCT(Doi_hinh!K$12:K$48,Don_vi_IP!$N$5:$N$41) | ... AM8: =SUMPRODUCT(Doi_hinh!AM$12:AM$48,Don_vi_IP!$N$5:$N$41)
B9: Ê-kíp nội dung & ê-kíp live | C9: triệu VND | D9: =SUMPRODUCT(Doi_hinh!D$12:D$48,Don_vi_IP!$O$5:$O$41) | E9: =SUMPRODUCT(Doi_hinh!E$12:E$48,Don_vi_IP!$O$5:$O$41) | F9: =SUMPRODUCT(Doi_hinh!F$12:F$48,Don_vi_IP!$O$5:$O$41) | G9: =SUMPRODUCT(Doi_hinh!G$12:G$48,Don_vi_IP!$O$5:$O$41) | H9: =SUMPRODUCT(Doi_hinh!H$12:H$48,Don_vi_IP!$O$5:$O$41) | I9: =SUMPRODUCT(Doi_hinh!I$12:I$48,Don_vi_IP!$O$5:$O$41) | J9: =SUMPRODUCT(Doi_hinh!J$12:J$48,Don_vi_IP!$O$5:$O$41) | K9: =SUMPRODUCT(Doi_hinh!K$12:K$48,Don_vi_IP!$O$5:$O$41) | ... AM9: =SUMPRODUCT(Doi_hinh!AM$12:AM$48,Don_vi_IP!$O$5:$O$41)
B10: Studio, thiết bị, phần mềm | C10: triệu VND | D10: =SUMPRODUCT(Doi_hinh!D$12:D$48,Don_vi_IP!$P$5:$P$41) | E10: =SUMPRODUCT(Doi_hinh!E$12:E$48,Don_vi_IP!$P$5:$P$41) | F10: =SUMPRODUCT(Doi_hinh!F$12:F$48,Don_vi_IP!$P$5:$P$41) | G10: =SUMPRODUCT(Doi_hinh!G$12:G$48,Don_vi_IP!$P$5:$P$41) | H10: =SUMPRODUCT(Doi_hinh!H$12:H$48,Don_vi_IP!$P$5:$P$41) | I10: =SUMPRODUCT(Doi_hinh!I$12:I$48,Don_vi_IP!$P$5:$P$41) | J10: =SUMPRODUCT(Doi_hinh!J$12:J$48,Don_vi_IP!$P$5:$P$41) | K10: =SUMPRODUCT(Doi_hinh!K$12:K$48,Don_vi_IP!$P$5:$P$41) | ... AM10: =SUMPRODUCT(Doi_hinh!AM$12:AM$48,Don_vi_IP!$P$5:$P$41)
B11: Quảng cáo kéo view | C11: triệu VND | D11: =SUMPRODUCT(Doi_hinh!D$12:D$48,Don_vi_IP!$Q$5:$Q$41) | E11: =SUMPRODUCT(Doi_hinh!E$12:E$48,Don_vi_IP!$Q$5:$Q$41) | F11: =SUMPRODUCT(Doi_hinh!F$12:F$48,Don_vi_IP!$Q$5:$Q$41) | G11: =SUMPRODUCT(Doi_hinh!G$12:G$48,Don_vi_IP!$Q$5:$Q$41) | H11: =SUMPRODUCT(Doi_hinh!H$12:H$48,Don_vi_IP!$Q$5:$Q$41) | I11: =SUMPRODUCT(Doi_hinh!I$12:I$48,Don_vi_IP!$Q$5:$Q$41) | J11: =SUMPRODUCT(Doi_hinh!J$12:J$48,Don_vi_IP!$Q$5:$Q$41) | K11: =SUMPRODUCT(Doi_hinh!K$12:K$48,Don_vi_IP!$Q$5:$Q$41) | ... AM11: =SUMPRODUCT(Doi_hinh!AM$12:AM$48,Don_vi_IP!$Q$5:$Q$41)
B12: Mẫu sản phẩm, đạo cụ | C12: triệu VND | D12: =SUMPRODUCT(Doi_hinh!D$12:D$48,Don_vi_IP!$R$5:$R$41) | E12: =SUMPRODUCT(Doi_hinh!E$12:E$48,Don_vi_IP!$R$5:$R$41) | F12: =SUMPRODUCT(Doi_hinh!F$12:F$48,Don_vi_IP!$R$5:$R$41) | G12: =SUMPRODUCT(Doi_hinh!G$12:G$48,Don_vi_IP!$R$5:$R$41) | H12: =SUMPRODUCT(Doi_hinh!H$12:H$48,Don_vi_IP!$R$5:$R$41) | I12: =SUMPRODUCT(Doi_hinh!I$12:I$48,Don_vi_IP!$R$5:$R$41) | J12: =SUMPRODUCT(Doi_hinh!J$12:J$48,Don_vi_IP!$R$5:$R$41) | K12: =SUMPRODUCT(Doi_hinh!K$12:K$48,Don_vi_IP!$R$5:$R$41) | ... AM12: =SUMPRODUCT(Doi_hinh!AM$12:AM$48,Don_vi_IP!$R$5:$R$41)
B13: Chi phí dựng IP mới (casting, đào tạo, nhận diện) | C13: triệu VND | D13: =SUMPRODUCT(Doi_hinh!D$12:D$48,Don_vi_IP!$S$5:$S$41) | E13: =SUMPRODUCT(Doi_hinh!E$12:E$48,Don_vi_IP!$S$5:$S$41) | F13: =SUMPRODUCT(Doi_hinh!F$12:F$48,Don_vi_IP!$S$5:$S$41) | G13: =SUMPRODUCT(Doi_hinh!G$12:G$48,Don_vi_IP!$S$5:$S$41) | H13: =SUMPRODUCT(Doi_hinh!H$12:H$48,Don_vi_IP!$S$5:$S$41) | I13: =SUMPRODUCT(Doi_hinh!I$12:I$48,Don_vi_IP!$S$5:$S$41) | J13: =SUMPRODUCT(Doi_hinh!J$12:J$48,Don_vi_IP!$S$5:$S$41) | K13: =SUMPRODUCT(Doi_hinh!K$12:K$48,Don_vi_IP!$S$5:$S$41) | ... AM13: =SUMPRODUCT(Doi_hinh!AM$12:AM$48,Don_vi_IP!$S$5:$S$41)
B14: Cộng chi phí trực tiếp — IP người thật | C14: triệu VND | D14: =SUM(D7:D13) | E14: =SUM(E7:E13) | F14: =SUM(F7:F13) | G14: =SUM(G7:G13) | H14: =SUM(H7:H13) | I14: =SUM(I7:I13) | J14: =SUM(J7:J13) | K14: =SUM(K7:K13) | ... AM14: =SUM(AM7:AM13)
B16: 2. CHI PHÍ TRỰC TIẾP — IP AI
B17: License & compute | C17: triệu VND | D17: =SUMPRODUCT(Doi_hinh!D$60:D$96,Don_vi_IP_AI!$J$5:$J$41) | E17: =SUMPRODUCT(Doi_hinh!E$60:E$96,Don_vi_IP_AI!$J$5:$J$41) | F17: =SUMPRODUCT(Doi_hinh!F$60:F$96,Don_vi_IP_AI!$J$5:$J$41) | G17: =SUMPRODUCT(Doi_hinh!G$60:G$96,Don_vi_IP_AI!$J$5:$J$41) | H17: =SUMPRODUCT(Doi_hinh!H$60:H$96,Don_vi_IP_AI!$J$5:$J$41) | I17: =SUMPRODUCT(Doi_hinh!I$60:I$96,Don_vi_IP_AI!$J$5:$J$41) | J17: =SUMPRODUCT(Doi_hinh!J$60:J$96,Don_vi_IP_AI!$J$5:$J$41) | K17: =SUMPRODUCT(Doi_hinh!K$60:K$96,Don_vi_IP_AI!$J$5:$J$41) | ... AM17: =SUMPRODUCT(Doi_hinh!AM$60:AM$96,Don_vi_IP_AI!$J$5:$J$41)
B18: Vận hành & trực chat | C18: triệu VND | D18: =SUMPRODUCT(Doi_hinh!D$60:D$96,Don_vi_IP_AI!$K$5:$K$41) | E18: =SUMPRODUCT(Doi_hinh!E$60:E$96,Don_vi_IP_AI!$K$5:$K$41) | F18: =SUMPRODUCT(Doi_hinh!F$60:F$96,Don_vi_IP_AI!$K$5:$K$41) | G18: =SUMPRODUCT(Doi_hinh!G$60:G$96,Don_vi_IP_AI!$K$5:$K$41) | H18: =SUMPRODUCT(Doi_hinh!H$60:H$96,Don_vi_IP_AI!$K$5:$K$41) | I18: =SUMPRODUCT(Doi_hinh!I$60:I$96,Don_vi_IP_AI!$K$5:$K$41) | J18: =SUMPRODUCT(Doi_hinh!J$60:J$96,Don_vi_IP_AI!$K$5:$K$41) | K18: =SUMPRODUCT(Doi_hinh!K$60:K$96,Don_vi_IP_AI!$K$5:$K$41) | ... AM18: =SUMPRODUCT(Doi_hinh!AM$60:AM$96,Don_vi_IP_AI!$K$5:$K$41)
B19: Quảng cáo kéo view | C19: triệu VND | D19: =SUMPRODUCT(Doi_hinh!D$60:D$96,Don_vi_IP_AI!$L$5:$L$41)*Doanh_thu!D7 | E19: =SUMPRODUCT(Doi_hinh!E$60:E$96,Don_vi_IP_AI!$L$5:$L$41)*Doanh_thu!E7 | F19: =SUMPRODUCT(Doi_hinh!F$60:F$96,Don_vi_IP_AI!$L$5:$L$41)*Doanh_thu!F7 | G19: =SUMPRODUCT(Doi_hinh!G$60:G$96,Don_vi_IP_AI!$L$5:$L$41)*Doanh_thu!G7 | H19: =SUMPRODUCT(Doi_hinh!H$60:H$96,Don_vi_IP_AI!$L$5:$L$41)*Doanh_thu!H7 | I19: =SUMPRODUCT(Doi_hinh!I$60:I$96,Don_vi_IP_AI!$L$5:$L$41)*Doanh_thu!I7 | J19: =SUMPRODUCT(Doi_hinh!J$60:J$96,Don_vi_IP_AI!$L$5:$L$41)*Doanh_thu!J7 | K19: =SUMPRODUCT(Doi_hinh!K$60:K$96,Don_vi_IP_AI!$L$5:$L$41)*Doanh_thu!K7 | ... AM19: =SUMPRODUCT(Doi_hinh!AM$60:AM$96,Don_vi_IP_AI!$L$5:$L$41)*Doanh_thu!AM7
B20: Chi phí khác | C20: triệu VND | D20: =SUMPRODUCT(Doi_hinh!D$60:D$96,Don_vi_IP_AI!$M$5:$M$41) | E20: =SUMPRODUCT(Doi_hinh!E$60:E$96,Don_vi_IP_AI!$M$5:$M$41) | F20: =SUMPRODUCT(Doi_hinh!F$60:F$96,Don_vi_IP_AI!$M$5:$M$41) | G20: =SUMPRODUCT(Doi_hinh!G$60:G$96,Don_vi_IP_AI!$M$5:$M$41) | H20: =SUMPRODUCT(Doi_hinh!H$60:H$96,Don_vi_IP_AI!$M$5:$M$41) | I20: =SUMPRODUCT(Doi_hinh!I$60:I$96,Don_vi_IP_AI!$M$5:$M$41) | J20: =SUMPRODUCT(Doi_hinh!J$60:J$96,Don_vi_IP_AI!$M$5:$M$41) | K20: =SUMPRODUCT(Doi_hinh!K$60:K$96,Don_vi_IP_AI!$M$5:$M$41) | ... AM20: =SUMPRODUCT(Doi_hinh!AM$60:AM$96,Don_vi_IP_AI!$M$5:$M$41)
B21: Chi phí dựng IP AI mới | C21: triệu VND | D21: =SUMPRODUCT(Doi_hinh!D$60:D$96,Don_vi_IP_AI!$N$5:$N$41) | E21: =SUMPRODUCT(Doi_hinh!E$60:E$96,Don_vi_IP_AI!$N$5:$N$41) | F21: =SUMPRODUCT(Doi_hinh!F$60:F$96,Don_vi_IP_AI!$N$5:$N$41) | G21: =SUMPRODUCT(Doi_hinh!G$60:G$96,Don_vi_IP_AI!$N$5:$N$41) | H21: =SUMPRODUCT(Doi_hinh!H$60:H$96,Don_vi_IP_AI!$N$5:$N$41) | I21: =SUMPRODUCT(Doi_hinh!I$60:I$96,Don_vi_IP_AI!$N$5:$N$41) | J21: =SUMPRODUCT(Doi_hinh!J$60:J$96,Don_vi_IP_AI!$N$5:$N$41) | K21: =SUMPRODUCT(Doi_hinh!K$60:K$96,Don_vi_IP_AI!$N$5:$N$41) | ... AM21: =SUMPRODUCT(Doi_hinh!AM$60:AM$96,Don_vi_IP_AI!$N$5:$N$41)
B22: Cộng chi phí trực tiếp — IP AI | C22: triệu VND | D22: =SUM(D17:D21) | E22: =SUM(E17:E21) | F22: =SUM(F17:F21) | G22: =SUM(G17:G21) | H22: =SUM(H17:H21) | I22: =SUM(I17:I21) | J22: =SUM(J17:J21) | K22: =SUM(K17:K21) | ... AM22: =SUM(AM17:AM21)
B24: TỔNG CHI PHÍ TRỰC TIẾP | C24: triệu VND | D24: =D14+D22 | E24: =E14+E22 | F24: =F14+F22 | G24: =G14+G22 | H24: =H14+H22 | I24: =I14+I22 | J24: =J14+J22 | K24: =K14+K22 | ... AM24: =AM14+AM22
B26: 3. NHÂN SỰ TẦNG CÔNG TY (người)
B27: BOD / quản lý cấp cao | C27: nguoi | D27: =Gia_dinh!$F$69 | E27: =Gia_dinh!$F$69 | F27: =Gia_dinh!$F$69 | G27: =Gia_dinh!$F$69 | H27: =Gia_dinh!$F$69 | I27: =Gia_dinh!$F$69 | J27: =Gia_dinh!$F$69 | K27: =Gia_dinh!$F$69 | ... AM27: =Gia_dinh!$F$69
B28: BD / sales tìm nhãn hàng | C28: nguoi | D28: =MAX(2,ROUNDUP(Doanh_thu!D10/Gia_dinh!$F$71,0)) | E28: =MAX(2,ROUNDUP(Doanh_thu!E10/Gia_dinh!$F$71,0)) | F28: =MAX(2,ROUNDUP(Doanh_thu!F10/Gia_dinh!$F$71,0)) | G28: =MAX(2,ROUNDUP(Doanh_thu!G10/Gia_dinh!$F$71,0)) | H28: =MAX(2,ROUNDUP(Doanh_thu!H10/Gia_dinh!$F$71,0)) | I28: =MAX(2,ROUNDUP(Doanh_thu!I10/Gia_dinh!$F$71,0)) | J28: =MAX(2,ROUNDUP(Doanh_thu!J10/Gia_dinh!$F$71,0)) | K28: =MAX(2,ROUNDUP(Doanh_thu!K10/Gia_dinh!$F$71,0)) | ... AM28: =MAX(2,ROUNDUP(Doanh_thu!AM10/Gia_dinh!$F$71,0))
B29: Tuyển dụng & đào tạo IP | C29: nguoi | D29: =MAX(1,ROUNDUP(Doanh_thu!D12/Gia_dinh!$F$73,0)) | E29: =MAX(1,ROUNDUP(Doanh_thu!E12/Gia_dinh!$F$73,0)) | F29: =MAX(1,ROUNDUP(Doanh_thu!F12/Gia_dinh!$F$73,0)) | G29: =MAX(1,ROUNDUP(Doanh_thu!G12/Gia_dinh!$F$73,0)) | H29: =MAX(1,ROUNDUP(Doanh_thu!H12/Gia_dinh!$F$73,0)) | I29: =MAX(1,ROUNDUP(Doanh_thu!I12/Gia_dinh!$F$73,0)) | J29: =MAX(1,ROUNDUP(Doanh_thu!J12/Gia_dinh!$F$73,0)) | K29: =MAX(1,ROUNDUP(Doanh_thu!K12/Gia_dinh!$F$73,0)) | ... AM29: =MAX(1,ROUNDUP(Doanh_thu!AM12/Gia_dinh!$F$73,0))
B30: Kỹ sư AI / công nghệ | C30: nguoi | D30: =IF(1<Gia_dinh!$F$13-Gia_dinh!$F$75,0,Gia_dinh!$F$76+ROUNDUP(Doanh_thu!D11/Gia_dinh!$F$77,0)) | E30: =IF(2<Gia_dinh!$F$13-Gia_dinh!$F$75,0,Gia_dinh!$F$76+ROUNDUP(Doanh_thu!E11/Gia_dinh!$F$77,0)) | F30: =IF(3<Gia_dinh!$F$13-Gia_dinh!$F$75,0,Gia_dinh!$F$76+ROUNDUP(Doanh_thu!F11/Gia_dinh!$F$77,0)) | G30: =IF(4<Gia_dinh!$F$13-Gia_dinh!$F$75,0,Gia_dinh!$F$76+ROUNDUP(Doanh_thu!G11/Gia_dinh!$F$77,0)) | H30: =IF(5<Gia_dinh!$F$13-Gia_dinh!$F$75,0,Gia_dinh!$F$76+ROUNDUP(Doanh_thu!H11/Gia_dinh!$F$77,0)) | I30: =IF(6<Gia_dinh!$F$13-Gia_dinh!$F$75,0,Gia_dinh!$F$76+ROUNDUP(Doanh_thu!I11/Gia_dinh!$F$77,0)) | J30: =IF(7<Gia_dinh!$F$13-Gia_dinh!$F$75,0,Gia_dinh!$F$76+ROUNDUP(Doanh_thu!J11/Gia_dinh!$F$77,0)) | K30: =IF(8<Gia_dinh!$F$13-Gia_dinh!$F$75,0,Gia_dinh!$F$76+ROUNDUP(Doanh_thu!K11/Gia_dinh!$F$77,0)) | L30: =IF(9<Gia_dinh!$F$13-Gia_dinh!$F$75,0,Gia_dinh!$F$76+ROUNDUP(Doanh_thu!L11/Gia_dinh!$F$77,0)) | M30: =IF(10<Gia_dinh!$F$13-Gia_dinh!$F$75,0,Gia_dinh!$F$76+ROUNDUP(Doanh_thu!M11/Gia_dinh!$F$77,0)) | N30: =IF(11<Gia_dinh!$F$13-Gia_dinh!$F$75,0,Gia_dinh!$F$76+ROUNDUP(Doanh_thu!N11/Gia_dinh!$F$77,0)) | O30: =IF(12<Gia_dinh!$F$13-Gia_dinh!$F$75,0,Gia_dinh!$F$76+ROUNDUP(Doanh_thu!O11/Gia_dinh!$F$77,0)) | P30: =IF(13<Gia_dinh!$F$13-Gia_dinh!$F$75,0,Gia_dinh!$F$76+ROUNDUP(Doanh_thu!P11/Gia_dinh!$F$77,0)) | Q30: =IF(14<Gia_dinh!$F$13-Gia_dinh!$F$75,0,Gia_dinh!$F$76+ROUNDUP(Doanh_thu!Q11/Gia_dinh!$F$77,0)) | R30: =IF(15<Gia_dinh!$F$13-Gia_dinh!$F$75,0,Gia_dinh!$F$76+ROUNDUP(Doanh_thu!R11/Gia_dinh!$F$77,0)) | S30: =IF(16<Gia_dinh!$F$13-Gia_dinh!$F$75,0,Gia_dinh!$F$76+ROUNDUP(Doanh_thu!S11/Gia_dinh!$F$77,0)) | T30: =IF(17<Gia_dinh!$F$13-Gia_dinh!$F$75,0,Gia_dinh!$F$76+ROUNDUP(Doanh_thu!T11/Gia_dinh!$F$77,0)) | U30: =IF(18<Gia_dinh!$F$13-Gia_dinh!$F$75,0,Gia_dinh!$F$76+ROUNDUP(Doanh_thu!U11/Gia_dinh!$F$77,0)) | V30: =IF(19<Gia_dinh!$F$13-Gia_dinh!$F$75,0,Gia_dinh!$F$76+ROUNDUP(Doanh_thu!V11/Gia_dinh!$F$77,0)) | W30: =IF(20<Gia_dinh!$F$13-Gia_dinh!$F$75,0,Gia_dinh!$F$76+ROUNDUP(Doanh_thu!W11/Gia_dinh!$F$77,0)) | X30: =IF(21<Gia_dinh!$F$13-Gia_dinh!$F$75,0,Gia_dinh!$F$76+ROUNDUP(Doanh_thu!X11/Gia_dinh!$F$77,0)) | Y30: =IF(22<Gia_dinh!$F$13-Gia_dinh!$F$75,0,Gia_dinh!$F$76+ROUNDUP(Doanh_thu!Y11/Gia_dinh!$F$77,0)) | Z30: =IF(23<Gia_dinh!$F$13-Gia_dinh!$F$75,0,Gia_dinh!$F$76+ROUNDUP(Doanh_thu!Z11/Gia_dinh!$F$77,0)) | AA30: =IF(24<Gia_dinh!$F$13-Gia_dinh!$F$75,0,Gia_dinh!$F$76+ROUNDUP(Doanh_thu!AA11/Gia_dinh!$F$77,0)) | AB30: =IF(25<Gia_dinh!$F$13-Gia_dinh!$F$75,0,Gia_dinh!$F$76+ROUNDUP(Doanh_thu!AB11/Gia_dinh!$F$77,0)) | AC30: =IF(26<Gia_dinh!$F$13-Gia_dinh!$F$75,0,Gia_dinh!$F$76+ROUNDUP(Doanh_thu!AC11/Gia_dinh!$F$77,0)) | AD30: =IF(27<Gia_dinh!$F$13-Gia_dinh!$F$75,0,Gia_dinh!$F$76+ROUNDUP(Doanh_thu!AD11/Gia_dinh!$F$77,0)) | AE30: =IF(28<Gia_dinh!$F$13-Gia_dinh!$F$75,0,Gia_dinh!$F$76+ROUNDUP(Doanh_thu!AE11/Gia_dinh!$F$77,0)) | AF30: =IF(29<Gia_dinh!$F$13-Gia_dinh!$F$75,0,Gia_dinh!$F$76+ROUNDUP(Doanh_thu!AF11/Gia_dinh!$F$77,0)) | AG30: =IF(30<Gia_dinh!$F$13-Gia_dinh!$F$75,0,Gia_dinh!$F$76+ROUNDUP(Doanh_thu!AG11/Gia_dinh!$F$77,0)) | AH30: =IF(31<Gia_dinh!$F$13-Gia_dinh!$F$75,0,Gia_dinh!$F$76+ROUNDUP(Doanh_thu!AH11/Gia_dinh!$F$77,0)) | AI30: =IF(32<Gia_dinh!$F$13-Gia_dinh!$F$75,0,Gia_dinh!$F$76+ROUNDUP(Doanh_thu!AI11/Gia_dinh!$F$77,0)) | AJ30: =IF(33<Gia_dinh!$F$13-Gia_dinh!$F$75,0,Gia_dinh!$F$76+ROUNDUP(Doanh_thu!AJ11/Gia_dinh!$F$77,0)) | AK30: =IF(34<Gia_dinh!$F$13-Gia_dinh!$F$75,0,Gia_dinh!$F$76+ROUNDUP(Doanh_thu!AK11/Gia_dinh!$F$77,0)) | AL30: =IF(35<Gia_dinh!$F$13-Gia_dinh!$F$75,0,Gia_dinh!$F$76+ROUNDUP(Doanh_thu!AL11/Gia_dinh!$F$77,0)) | AM30: =IF(36<Gia_dinh!$F$13-Gia_dinh!$F$75,0,Gia_dinh!$F$76+ROUNDUP(Doanh_thu!AM11/Gia_dinh!$F$77,0))
B31: Back office (kế toán, HR, hành chính) | C31: nguoi | D31: =MAX(Gia_dinh!$F$79,ROUNDUP(SUM(D27:D30)/Gia_dinh!$F$80,0)) | E31: =MAX(Gia_dinh!$F$79,ROUNDUP(SUM(E27:E30)/Gia_dinh!$F$80,0)) | F31: =MAX(Gia_dinh!$F$79,ROUNDUP(SUM(F27:F30)/Gia_dinh!$F$80,0)) | G31: =MAX(Gia_dinh!$F$79,ROUNDUP(SUM(G27:G30)/Gia_dinh!$F$80,0)) | H31: =MAX(Gia_dinh!$F$79,ROUNDUP(SUM(H27:H30)/Gia_dinh!$F$80,0)) | I31: =MAX(Gia_dinh!$F$79,ROUNDUP(SUM(I27:I30)/Gia_dinh!$F$80,0)) | J31: =MAX(Gia_dinh!$F$79,ROUNDUP(SUM(J27:J30)/Gia_dinh!$F$80,0)) | K31: =MAX(Gia_dinh!$F$79,ROUNDUP(SUM(K27:K30)/Gia_dinh!$F$80,0)) | ... AM31: =MAX(Gia_dinh!$F$79,ROUNDUP(SUM(AM27:AM30)/Gia_dinh!$F$80,0))
B32: TỔNG NHÂN SỰ TẦNG CÔNG TY | C32: nguoi | D32: =SUM(D27:D31) | E32: =SUM(E27:E31) | F32: =SUM(F27:F31) | G32: =SUM(G27:G31) | H32: =SUM(H27:H31) | I32: =SUM(I27:I31) | J32: =SUM(J27:J31) | K32: =SUM(K27:K31) | ... AM32: =SUM(AM27:AM31)
B34: 4. CHI PHÍ TẦNG CÔNG TY (OPEX)
B35: Lương & phụ cấp tầng công ty | C35: triệu VND | D35: =(D27*Gia_dinh!$F$70+D28*Gia_dinh!$F$72+D29*Gia_dinh!$F$74+D30*Gia_dinh!$F$78+D31*Gia_dinh!$F$81)*(1+Gia_dinh!$F$82) | E35: =(E27*Gia_dinh!$F$70+E28*Gia_dinh!$F$72+E29*Gia_dinh!$F$74+E30*Gia_dinh!$F$78+E31*Gia_dinh!$F$81)*(1+Gia_dinh!$F$82) | F35: =(F27*Gia_dinh!$F$70+F28*Gia_dinh!$F$72+F29*Gia_dinh!$F$74+F30*Gia_dinh!$F$78+F31*Gia_dinh!$F$81)*(1+Gia_dinh!$F$82) | G35: =(G27*Gia_dinh!$F$70+G28*Gia_dinh!$F$72+G29*Gia_dinh!$F$74+G30*Gia_dinh!$F$78+G31*Gia_dinh!$F$81)*(1+Gia_dinh!$F$82) | H35: =(H27*Gia_dinh!$F$70+H28*Gia_dinh!$F$72+H29*Gia_dinh!$F$74+H30*Gia_dinh!$F$78+H31*Gia_dinh!$F$81)*(1+Gia_dinh!$F$82) | I35: =(I27*Gia_dinh!$F$70+I28*Gia_dinh!$F$72+I29*Gia_dinh!$F$74+I30*Gia_dinh!$F$78+I31*Gia_dinh!$F$81)*(1+Gia_dinh!$F$82) | J35: =(J27*Gia_dinh!$F$70+J28*Gia_dinh!$F$72+J29*Gia_dinh!$F$74+J30*Gia_dinh!$F$78+J31*Gia_dinh!$F$81)*(1+Gia_dinh!$F$82) | K35: =(K27*Gia_dinh!$F$70+K28*Gia_dinh!$F$72+K29*Gia_dinh!$F$74+K30*Gia_dinh!$F$78+K31*Gia_dinh!$F$81)*(1+Gia_dinh!$F$82) | ... AM35: =(AM27*Gia_dinh!$F$70+AM28*Gia_dinh!$F$72+AM29*Gia_dinh!$F$74+AM30*Gia_dinh!$F$78+AM31*Gia_dinh!$F$81)*(1+Gia_dinh!$F$82)
B36: Marketing thương hiệu MCN & tuyển IP | C36: triệu VND | D36: =Gia_dinh!$F$83 | E36: =Gia_dinh!$F$83 | F36: =Gia_dinh!$F$83 | G36: =Gia_dinh!$F$83 | H36: =Gia_dinh!$F$83 | I36: =Gia_dinh!$F$83 | J36: =Gia_dinh!$F$83 | K36: =Gia_dinh!$F$83 | ... AM36: =Gia_dinh!$F$83
B37: Công nghệ & nền tảng dùng chung | C37: triệu VND | D37: =Gia_dinh!$F$84 | E37: =Gia_dinh!$F$84 | F37: =Gia_dinh!$F$84 | G37: =Gia_dinh!$F$84 | H37: =Gia_dinh!$F$84 | I37: =Gia_dinh!$F$84 | J37: =Gia_dinh!$F$84 | K37: =Gia_dinh!$F$84 | ... AM37: =Gia_dinh!$F$84
B38: Văn phòng, pháp lý, kế toán & chi phí chung | C38: triệu VND | D38: =Gia_dinh!$F$85+Gia_dinh!$F$86+Doanh_thu!D29*Gia_dinh!$F$87 | E38: =Gia_dinh!$F$85+Gia_dinh!$F$86+Doanh_thu!E29*Gia_dinh!$F$87 | F38: =Gia_dinh!$F$85+Gia_dinh!$F$86+Doanh_thu!F29*Gia_dinh!$F$87 | G38: =Gia_dinh!$F$85+Gia_dinh!$F$86+Doanh_thu!G29*Gia_dinh!$F$87 | H38: =Gia_dinh!$F$85+Gia_dinh!$F$86+Doanh_thu!H29*Gia_dinh!$F$87 | I38: =Gia_dinh!$F$85+Gia_dinh!$F$86+Doanh_thu!I29*Gia_dinh!$F$87 | J38: =Gia_dinh!$F$85+Gia_dinh!$F$86+Doanh_thu!J29*Gia_dinh!$F$87 | K38: =Gia_dinh!$F$85+Gia_dinh!$F$86+Doanh_thu!K29*Gia_dinh!$F$87 | ... AM38: =Gia_dinh!$F$85+Gia_dinh!$F$86+Doanh_thu!AM29*Gia_dinh!$F$87
B39: TỔNG CHI PHÍ TẦNG CÔNG TY | C39: triệu VND | D39: =SUM(D35:D38) | E39: =SUM(E35:E38) | F39: =SUM(F35:F38) | G39: =SUM(G35:G38) | H39: =SUM(H35:H38) | I39: =SUM(I35:I38) | J39: =SUM(J35:J38) | K39: =SUM(K35:K38) | ... AM39: =SUM(AM35:AM38)
B41: 5. ĐẦU TƯ TÀI SẢN (CAPEX)
B42: Thiết bị cho nhân sự tầng công ty | C42: triệu VND | D42: =D32*Gia_dinh!$F$88 | E42: =MAX(0,E32-D32)*Gia_dinh!$F$88 | F42: =MAX(0,F32-E32)*Gia_dinh!$F$88 | G42: =MAX(0,G32-F32)*Gia_dinh!$F$88 | H42: =MAX(0,H32-G32)*Gia_dinh!$F$88 | I42: =MAX(0,I32-H32)*Gia_dinh!$F$88 | J42: =MAX(0,J32-I32)*Gia_dinh!$F$88 | K42: =MAX(0,K32-J32)*Gia_dinh!$F$88 | L42: =MAX(0,L32-K32)*Gia_dinh!$F$88 | ... AM42: =MAX(0,AM32-AL32)*Gia_dinh!$F$88
B43: Khấu hao trong tháng (đường thẳng) | C43: triệu VND | D43: =SUM($D$42:D42)/Gia_dinh!$F$89 | E43: =SUM($D$42:E42)/Gia_dinh!$F$89 | F43: =SUM($D$42:F42)/Gia_dinh!$F$89 | G43: =SUM($D$42:G42)/Gia_dinh!$F$89 | H43: =SUM($D$42:H42)/Gia_dinh!$F$89 | I43: =SUM($D$42:I42)/Gia_dinh!$F$89 | J43: =SUM($D$42:J42)/Gia_dinh!$F$89 | K43: =SUM($D$42:K42)/Gia_dinh!$F$89 | ... AM43: =SUM($D$42:AM42)/Gia_dinh!$F$89

Sheet PnL
A1: BÁO CÁO KẾT QUẢ KINH DOANH (P&L) THEO THÁNG — triệu VND
B3: Thang | C3: Đơn vị | D3: 1 | E3: 2 | F3: 3 | G3: 4 | H3: 5 | I3: 6 | J3: 7 | K3: 8 | L3: 9 | M3: 10 | N3: 11 | O3: 12 | P3: 13 | Q3: 14 | R3: 15 | S3: 16 | T3: 17 | U3: 18 | V3: 19 | W3: 20 | X3: 21 | Y3: 22 | Z3: 23 | AA3: 24 | AB3: 25 | AC3: 26 | AD3: 27 | AE3: 28 | AF3: 29 | AG3: 30 | AH3: 31 | AI3: 32 | AJ3: 33 | AK3: 34 | AL3: 35 | AM3: 36
B4: Ky | D4: =EDATE(Gia_dinh!$B$5,1-1) | E4: =EDATE(Gia_dinh!$B$5,2-1) | F4: =EDATE(Gia_dinh!$B$5,3-1) | G4: =EDATE(Gia_dinh!$B$5,4-1) | H4: =EDATE(Gia_dinh!$B$5,5-1) | I4: =EDATE(Gia_dinh!$B$5,6-1) | J4: =EDATE(Gia_dinh!$B$5,7-1) | K4: =EDATE(Gia_dinh!$B$5,8-1) | L4: =EDATE(Gia_dinh!$B$5,9-1) | M4: =EDATE(Gia_dinh!$B$5,10-1) | N4: =EDATE(Gia_dinh!$B$5,11-1) | O4: =EDATE(Gia_dinh!$B$5,12-1) | P4: =EDATE(Gia_dinh!$B$5,13-1) | Q4: =EDATE(Gia_dinh!$B$5,14-1) | R4: =EDATE(Gia_dinh!$B$5,15-1) | S4: =EDATE(Gia_dinh!$B$5,16-1) | T4: =EDATE(Gia_dinh!$B$5,17-1) | U4: =EDATE(Gia_dinh!$B$5,18-1) | V4: =EDATE(Gia_dinh!$B$5,19-1) | W4: =EDATE(Gia_dinh!$B$5,20-1) | X4: =EDATE(Gia_dinh!$B$5,21-1) | Y4: =EDATE(Gia_dinh!$B$5,22-1) | Z4: =EDATE(Gia_dinh!$B$5,23-1) | AA4: =EDATE(Gia_dinh!$B$5,24-1) | AB4: =EDATE(Gia_dinh!$B$5,25-1) | AC4: =EDATE(Gia_dinh!$B$5,26-1) | AD4: =EDATE(Gia_dinh!$B$5,27-1) | AE4: =EDATE(Gia_dinh!$B$5,28-1) | AF4: =EDATE(Gia_dinh!$B$5,29-1) | AG4: =EDATE(Gia_dinh!$B$5,30-1) | AH4: =EDATE(Gia_dinh!$B$5,31-1) | AI4: =EDATE(Gia_dinh!$B$5,32-1) | AJ4: =EDATE(Gia_dinh!$B$5,33-1) | AK4: =EDATE(Gia_dinh!$B$5,34-1) | AL4: =EDATE(Gia_dinh!$B$5,35-1) | AM4: =EDATE(Gia_dinh!$B$5,36-1)
B5: Nam | D5: Nam 1 | E5: Nam 1 | F5: Nam 1 | G5: Nam 1 | H5: Nam 1 | I5: Nam 1 | J5: Nam 1 | K5: Nam 1 | L5: Nam 1 | M5: Nam 1 | N5: Nam 1 | O5: Nam 1 | P5: Nam 2 | Q5: Nam 2 | R5: Nam 2 | S5: Nam 2 | T5: Nam 2 | U5: Nam 2 | V5: Nam 2 | W5: Nam 2 | X5: Nam 2 | Y5: Nam 2 | Z5: Nam 2 | AA5: Nam 2 | AB5: Nam 3 | AC5: Nam 3 | AD5: Nam 3 | AE5: Nam 3 | AF5: Nam 3 | AG5: Nam 3 | AH5: Nam 3 | AI5: Nam 3 | AJ5: Nam 3 | AK5: Nam 3 | AL5: Nam 3 | AM5: Nam 3
B6: DOANH THU
B7: Hoa hồng affiliate — IP người thật | C7: triệu VND | D7: =Doanh_thu!D24 | E7: =Doanh_thu!E24 | F7: =Doanh_thu!F24 | G7: =Doanh_thu!G24 | H7: =Doanh_thu!H24 | I7: =Doanh_thu!I24 | J7: =Doanh_thu!J24 | K7: =Doanh_thu!K24 | ... AM7: =Doanh_thu!AM24
B8: Phí booking cố định | C8: triệu VND | D8: =Doanh_thu!D25 | E8: =Doanh_thu!E25 | F8: =Doanh_thu!F25 | G8: =Doanh_thu!G25 | H8: =Doanh_thu!H25 | I8: =Doanh_thu!I25 | J8: =Doanh_thu!J25 | K8: =Doanh_thu!K25 | ... AM8: =Doanh_thu!AM25
B9: Thưởng đạt target | C9: triệu VND | D9: =Doanh_thu!D26 | E9: =Doanh_thu!E26 | F9: =Doanh_thu!F26 | G9: =Doanh_thu!G26 | H9: =Doanh_thu!H26 | I9: =Doanh_thu!I26 | J9: =Doanh_thu!J26 | K9: =Doanh_thu!K26 | ... AM9: =Doanh_thu!AM26
B10: Hoa hồng affiliate — IP AI | C10: triệu VND | D10: =Doanh_thu!D28 | E10: =Doanh_thu!E28 | F10: =Doanh_thu!F28 | G10: =Doanh_thu!G28 | H10: =Doanh_thu!H28 | I10: =Doanh_thu!I28 | J10: =Doanh_thu!J28 | K10: =Doanh_thu!K28 | ... AM10: =Doanh_thu!AM28
B11: TỔNG DOANH THU | C11: triệu VND | D11: =SUM(D7:D10) | E11: =SUM(E7:E10) | F11: =SUM(F7:F10) | G11: =SUM(G7:G10) | H11: =SUM(H7:H10) | I11: =SUM(I7:I10) | J11: =SUM(J7:J10) | K11: =SUM(K7:K10) | ... AM11: =SUM(AM7:AM10)
B13: GIÁ VỐN (chi phí trực tiếp của IP)
B14: Chia hoa hồng cho talent | C14: triệu VND | D14: =Chi_phi!D7 | E14: =Chi_phi!E7 | F14: =Chi_phi!F7 | G14: =Chi_phi!G7 | H14: =Chi_phi!H7 | I14: =Chi_phi!I7 | J14: =Chi_phi!J7 | K14: =Chi_phi!K7 | ... AM14: =Chi_phi!AM7
B15: Lương cứng talent | C15: triệu VND | D15: =Chi_phi!D8 | E15: =Chi_phi!E8 | F15: =Chi_phi!F8 | G15: =Chi_phi!G8 | H15: =Chi_phi!H8 | I15: =Chi_phi!I8 | J15: =Chi_phi!J8 | K15: =Chi_phi!K8 | ... AM15: =Chi_phi!AM8
B16: Ê-kíp nội dung & live | C16: triệu VND | D16: =Chi_phi!D9 | E16: =Chi_phi!E9 | F16: =Chi_phi!F9 | G16: =Chi_phi!G9 | H16: =Chi_phi!H9 | I16: =Chi_phi!I9 | J16: =Chi_phi!J9 | K16: =Chi_phi!K9 | ... AM16: =Chi_phi!AM9
B17: Studio, thiết bị, phần mềm | C17: triệu VND | D17: =Chi_phi!D10 | E17: =Chi_phi!E10 | F17: =Chi_phi!F10 | G17: =Chi_phi!G10 | H17: =Chi_phi!H10 | I17: =Chi_phi!I10 | J17: =Chi_phi!J10 | K17: =Chi_phi!K10 | ... AM17: =Chi_phi!AM10
B18: Quảng cáo kéo view (IP thật + IP AI) | C18: triệu VND | D18: =Chi_phi!D11+Chi_phi!D19 | E18: =Chi_phi!E11+Chi_phi!E19 | F18: =Chi_phi!F11+Chi_phi!F19 | G18: =Chi_phi!G11+Chi_phi!G19 | H18: =Chi_phi!H11+Chi_phi!H19 | I18: =Chi_phi!I11+Chi_phi!I19 | J18: =Chi_phi!J11+Chi_phi!J19 | K18: =Chi_phi!K11+Chi_phi!K19 | ... AM18: =Chi_phi!AM11+Chi_phi!AM19
B19: Mẫu sản phẩm, đạo cụ | C19: triệu VND | D19: =Chi_phi!D12 | E19: =Chi_phi!E12 | F19: =Chi_phi!F12 | G19: =Chi_phi!G12 | H19: =Chi_phi!H12 | I19: =Chi_phi!I12 | J19: =Chi_phi!J12 | K19: =Chi_phi!K12 | ... AM19: =Chi_phi!AM12
B20: Chi phí dựng IP mới (thật + AI) | C20: triệu VND | D20: =Chi_phi!D13+Chi_phi!D21 | E20: =Chi_phi!E13+Chi_phi!E21 | F20: =Chi_phi!F13+Chi_phi!F21 | G20: =Chi_phi!G13+Chi_phi!G21 | H20: =Chi_phi!H13+Chi_phi!H21 | I20: =Chi_phi!I13+Chi_phi!I21 | J20: =Chi_phi!J13+Chi_phi!J21 | K20: =Chi_phi!K13+Chi_phi!K21 | ... AM20: =Chi_phi!AM13+Chi_phi!AM21
B21: License, compute & vận hành IP AI | C21: triệu VND | D21: =Chi_phi!D17+Chi_phi!D18+Chi_phi!D20 | E21: =Chi_phi!E17+Chi_phi!E18+Chi_phi!E20 | F21: =Chi_phi!F17+Chi_phi!F18+Chi_phi!F20 | G21: =Chi_phi!G17+Chi_phi!G18+Chi_phi!G20 | H21: =Chi_phi!H17+Chi_phi!H18+Chi_phi!H20 | I21: =Chi_phi!I17+Chi_phi!I18+Chi_phi!I20 | J21: =Chi_phi!J17+Chi_phi!J18+Chi_phi!J20 | K21: =Chi_phi!K17+Chi_phi!K18+Chi_phi!K20 | ... AM21: =Chi_phi!AM17+Chi_phi!AM18+Chi_phi!AM20
B22: TỔNG GIÁ VỐN | C22: triệu VND | D22: =SUM(D14:D21) | E22: =SUM(E14:E21) | F22: =SUM(F14:F21) | G22: =SUM(G14:G21) | H22: =SUM(H14:H21) | I22: =SUM(I14:I21) | J22: =SUM(J14:J21) | K22: =SUM(K14:K21) | ... AM22: =SUM(AM14:AM21)
B23: LỢI NHUẬN GỘP | C23: triệu VND | D23: =D11-D22 | E23: =E11-E22 | F23: =F11-F22 | G23: =G11-G22 | H23: =H11-H22 | I23: =I11-I22 | J23: =J11-J22 | K23: =K11-K22 | ... AM23: =AM11-AM22
B24: Biên lợi nhuận gộp | C24: % | D24: =IFERROR(D23/D11,0) | E24: =IFERROR(E23/E11,0) | F24: =IFERROR(F23/F11,0) | G24: =IFERROR(G23/G11,0) | H24: =IFERROR(H23/H11,0) | I24: =IFERROR(I23/I11,0) | J24: =IFERROR(J23/J11,0) | K24: =IFERROR(K23/K11,0) | ... AM24: =IFERROR(AM23/AM11,0)
B26: CHI PHÍ TẦNG CÔNG TY
B27: Lương & phụ cấp tầng công ty | C27: triệu VND | D27: =Chi_phi!D35 | E27: =Chi_phi!E35 | F27: =Chi_phi!F35 | G27: =Chi_phi!G35 | H27: =Chi_phi!H35 | I27: =Chi_phi!I35 | J27: =Chi_phi!J35 | K27: =Chi_phi!K35 | ... AM27: =Chi_phi!AM35
B28: Marketing thương hiệu & tuyển IP | C28: triệu VND | D28: =Chi_phi!D36 | E28: =Chi_phi!E36 | F28: =Chi_phi!F36 | G28: =Chi_phi!G36 | H28: =Chi_phi!H36 | I28: =Chi_phi!I36 | J28: =Chi_phi!J36 | K28: =Chi_phi!K36 | ... AM28: =Chi_phi!AM36
B29: Công nghệ & nền tảng dùng chung | C29: triệu VND | D29: =Chi_phi!D37 | E29: =Chi_phi!E37 | F29: =Chi_phi!F37 | G29: =Chi_phi!G37 | H29: =Chi_phi!H37 | I29: =Chi_phi!I37 | J29: =Chi_phi!J37 | K29: =Chi_phi!K37 | ... AM29: =Chi_phi!AM37
B30: Văn phòng, pháp lý & chi phí chung | C30: triệu VND | D30: =Chi_phi!D38 | E30: =Chi_phi!E38 | F30: =Chi_phi!F38 | G30: =Chi_phi!G38 | H30: =Chi_phi!H38 | I30: =Chi_phi!I38 | J30: =Chi_phi!J38 | K30: =Chi_phi!K38 | ... AM30: =Chi_phi!AM38
B31: TỔNG CHI PHÍ TẦNG CÔNG TY | C31: triệu VND | D31: =SUM(D27:D30) | E31: =SUM(E27:E30) | F31: =SUM(F27:F30) | G31: =SUM(G27:G30) | H31: =SUM(H27:H30) | I31: =SUM(I27:I30) | J31: =SUM(J27:J30) | K31: =SUM(K27:K30) | ... AM31: =SUM(AM27:AM30)
B33: EBITDA | C33: triệu VND | D33: =D23-D31 | E33: =E23-E31 | F33: =F23-F31 | G33: =G23-G31 | H33: =H23-H31 | I33: =I23-I31 | J33: =J23-J31 | K33: =K23-K31 | ... AM33: =AM23-AM31
B34: Biên EBITDA | C34: % | D34: =IFERROR(D33/D11,0) | E34: =IFERROR(E33/E11,0) | F34: =IFERROR(F33/F11,0) | G34: =IFERROR(G33/G11,0) | H34: =IFERROR(H33/H11,0) | I34: =IFERROR(I33/I11,0) | J34: =IFERROR(J33/J11,0) | K34: =IFERROR(K33/K11,0) | ... AM34: =IFERROR(AM33/AM11,0)
B35: Khấu hao | C35: triệu VND | D35: =Chi_phi!D43 | E35: =Chi_phi!E43 | F35: =Chi_phi!F43 | G35: =Chi_phi!G43 | H35: =Chi_phi!H43 | I35: =Chi_phi!I43 | J35: =Chi_phi!J43 | K35: =Chi_phi!K43 | ... AM35: =Chi_phi!AM43
B36: EBIT (lợi nhuận trước thuế) | C36: triệu VND | D36: =D33-D35 | E36: =E33-E35 | F36: =F33-F35 | G36: =G33-G35 | H36: =H33-H35 | I36: =I33-I35 | J36: =J33-J35 | K36: =K33-K35 | ... AM36: =AM33-AM35
B37: Lỗ luỹ kế đầu kỳ | C37: triệu VND | D37: =0 | E37: =D41 | F37: =E41 | G37: =F41 | H37: =G41 | I37: =H41 | J37: =I41 | K37: =J41 | L37: =K41 | ... AM37: =AL41
B38: Thu nhập chịu thuế | C38: triệu VND | D38: =MAX(0,D36-D37) | E38: =MAX(0,E36-E37) | F38: =MAX(0,F36-F37) | G38: =MAX(0,G36-G37) | H38: =MAX(0,H36-H37) | I38: =MAX(0,I36-I37) | J38: =MAX(0,J36-J37) | K38: =MAX(0,K36-K37) | ... AM38: =MAX(0,AM36-AM37)
B39: Thuế TNDN | C39: triệu VND | D39: =D38*Gia_dinh!$F$94 | E39: =E38*Gia_dinh!$F$94 | F39: =F38*Gia_dinh!$F$94 | G39: =G38*Gia_dinh!$F$94 | H39: =H38*Gia_dinh!$F$94 | I39: =I38*Gia_dinh!$F$94 | J39: =J38*Gia_dinh!$F$94 | K39: =K38*Gia_dinh!$F$94 | ... AM39: =AM38*Gia_dinh!$F$94
B40: LỢI NHUẬN SAU THUẾ | C40: triệu VND | D40: =D36-D39 | E40: =E36-E39 | F40: =F36-F39 | G40: =G36-G39 | H40: =H36-H39 | I40: =I36-I39 | J40: =J36-J39 | K40: =K36-K39 | ... AM40: =AM36-AM39
B41: Lỗ luỹ kế cuối kỳ | C41: triệu VND | D41: =MAX(0,D37-D36) | E41: =MAX(0,E37-E36) | F41: =MAX(0,F37-F36) | G41: =MAX(0,G37-G36) | H41: =MAX(0,H37-H36) | I41: =MAX(0,I37-I36) | J41: =MAX(0,J37-J36) | K41: =MAX(0,K37-K36) | ... AM41: =MAX(0,AM37-AM36)
B42: Lợi nhuận sau thuế luỹ kế | C42: triệu VND | D42: =D40 | E42: =D42+E40 | F42: =E42+F40 | G42: =F42+G40 | H42: =G42+H40 | I42: =H42+I40 | J42: =I42+J40 | K42: =J42+K40 | L42: =K42+L40 | ... AM42: =AL42+AM40
B45: TỔNG HỢP THEO NĂM (triệu VND)
B46: Chỉ tiêu | C46: Năm 1 | D46: Năm 2 | E46: Năm 3 | F46: Cộng 3 năm
B47: Tổng GMV gộp | C47: =SUM(Doanh_thu!D18:O18) | D47: =SUM(Doanh_thu!P18:AA18) | E47: =SUM(Doanh_thu!AB18:AM18) | F47: =SUM(C47:E47)
B48: Tổng GMV ròng | C48: =SUM(Doanh_thu!D21:O21) | D48: =SUM(Doanh_thu!P21:AA21) | E48: =SUM(Doanh_thu!AB21:AM21) | F48: =SUM(C48:E48)
B49: Tổng doanh thu | C49: =SUM(D11:O11) | D49: =SUM(P11:AA11) | E49: =SUM(AB11:AM11) | F49: =SUM(C49:E49)
B50: — từ IP người thật | C50: =SUM(Doanh_thu!D27:O27) | D50: =SUM(Doanh_thu!P27:AA27) | E50: =SUM(Doanh_thu!AB27:AM27) | F50: =SUM(C50:E50)
B51: — từ IP AI | C51: =SUM(D10:O10) | D51: =SUM(P10:AA10) | E51: =SUM(AB10:AM10) | F51: =SUM(C51:E51)
B52: Tổng giá vốn | C52: =SUM(D22:O22) | D52: =SUM(P22:AA22) | E52: =SUM(AB22:AM22) | F52: =SUM(C52:E52)
B53: Lợi nhuận gộp | C53: =SUM(D23:O23) | D53: =SUM(P23:AA23) | E53: =SUM(AB23:AM23) | F53: =SUM(C53:E53)
B54: Tổng chi phí tầng công ty | C54: =SUM(D31:O31) | D54: =SUM(P31:AA31) | E54: =SUM(AB31:AM31) | F54: =SUM(C54:E54)
B55: EBITDA | C55: =SUM(D33:O33) | D55: =SUM(P33:AA33) | E55: =SUM(AB33:AM33) | F55: =SUM(C55:E55)
B56: Khấu hao | C56: =SUM(D35:O35) | D56: =SUM(P35:AA35) | E56: =SUM(AB35:AM35) | F56: =SUM(C56:E56)
B57: EBIT | C57: =SUM(D36:O36) | D57: =SUM(P36:AA36) | E57: =SUM(AB36:AM36) | F57: =SUM(C57:E57)
B58: Thuế TNDN | C58: =SUM(D39:O39) | D58: =SUM(P39:AA39) | E58: =SUM(AB39:AM39) | F58: =SUM(C58:E58)
B59: Lợi nhuận sau thuế | C59: =SUM(D40:O40) | D59: =SUM(P40:AA40) | E59: =SUM(AB40:AM40) | F59: =SUM(C59:E59)
B60: Biên lợi nhuận gộp | C60: =IFERROR(C53/C49,0) | D60: =IFERROR(D53/D49,0) | E60: =IFERROR(E53/E49,0) | F60: =IFERROR(F53/F49,0)
B61: Biên EBITDA | C61: =IFERROR(C55/C49,0) | D61: =IFERROR(D55/D49,0) | E61: =IFERROR(E55/E49,0) | F61: =IFERROR(F55/F49,0)

Sheet Dong_tien
A1: DỰ BÁO DÒNG TIỀN THEO THÁNG (triệu VND)
A2: Tiền hoa hồng về theo DSO; chia sẻ cho talent trả theo DPO; các khoản còn lại trả trong tháng.
B3: Thang | C3: Đơn vị | D3: 1 | E3: 2 | F3: 3 | G3: 4 | H3: 5 | I3: 6 | J3: 7 | K3: 8 | L3: 9 | M3: 10 | N3: 11 | O3: 12 | P3: 13 | Q3: 14 | R3: 15 | S3: 16 | T3: 17 | U3: 18 | V3: 19 | W3: 20 | X3: 21 | Y3: 22 | Z3: 23 | AA3: 24 | AB3: 25 | AC3: 26 | AD3: 27 | AE3: 28 | AF3: 29 | AG3: 30 | AH3: 31 | AI3: 32 | AJ3: 33 | AK3: 34 | AL3: 35 | AM3: 36
B4: Ky | D4: =EDATE(Gia_dinh!$B$5,1-1) | E4: =EDATE(Gia_dinh!$B$5,2-1) | F4: =EDATE(Gia_dinh!$B$5,3-1) | G4: =EDATE(Gia_dinh!$B$5,4-1) | H4: =EDATE(Gia_dinh!$B$5,5-1) | I4: =EDATE(Gia_dinh!$B$5,6-1) | J4: =EDATE(Gia_dinh!$B$5,7-1) | K4: =EDATE(Gia_dinh!$B$5,8-1) | L4: =EDATE(Gia_dinh!$B$5,9-1) | M4: =EDATE(Gia_dinh!$B$5,10-1) | N4: =EDATE(Gia_dinh!$B$5,11-1) | O4: =EDATE(Gia_dinh!$B$5,12-1) | P4: =EDATE(Gia_dinh!$B$5,13-1) | Q4: =EDATE(Gia_dinh!$B$5,14-1) | R4: =EDATE(Gia_dinh!$B$5,15-1) | S4: =EDATE(Gia_dinh!$B$5,16-1) | T4: =EDATE(Gia_dinh!$B$5,17-1) | U4: =EDATE(Gia_dinh!$B$5,18-1) | V4: =EDATE(Gia_dinh!$B$5,19-1) | W4: =EDATE(Gia_dinh!$B$5,20-1) | X4: =EDATE(Gia_dinh!$B$5,21-1) | Y4: =EDATE(Gia_dinh!$B$5,22-1) | Z4: =EDATE(Gia_dinh!$B$5,23-1) | AA4: =EDATE(Gia_dinh!$B$5,24-1) | AB4: =EDATE(Gia_dinh!$B$5,25-1) | AC4: =EDATE(Gia_dinh!$B$5,26-1) | AD4: =EDATE(Gia_dinh!$B$5,27-1) | AE4: =EDATE(Gia_dinh!$B$5,28-1) | AF4: =EDATE(Gia_dinh!$B$5,29-1) | AG4: =EDATE(Gia_dinh!$B$5,30-1) | AH4: =EDATE(Gia_dinh!$B$5,31-1) | AI4: =EDATE(Gia_dinh!$B$5,32-1) | AJ4: =EDATE(Gia_dinh!$B$5,33-1) | AK4: =EDATE(Gia_dinh!$B$5,34-1) | AL4: =EDATE(Gia_dinh!$B$5,35-1) | AM4: =EDATE(Gia_dinh!$B$5,36-1)
B5: Nam | D5: Nam 1 | E5: Nam 1 | F5: Nam 1 | G5: Nam 1 | H5: Nam 1 | I5: Nam 1 | J5: Nam 1 | K5: Nam 1 | L5: Nam 1 | M5: Nam 1 | N5: Nam 1 | O5: Nam 1 | P5: Nam 2 | Q5: Nam 2 | R5: Nam 2 | S5: Nam 2 | T5: Nam 2 | U5: Nam 2 | V5: Nam 2 | W5: Nam 2 | X5: Nam 2 | Y5: Nam 2 | Z5: Nam 2 | AA5: Nam 2 | AB5: Nam 3 | AC5: Nam 3 | AD5: Nam 3 | AE5: Nam 3 | AF5: Nam 3 | AG5: Nam 3 | AH5: Nam 3 | AI5: Nam 3 | AJ5: Nam 3 | AK5: Nam 3 | AL5: Nam 3 | AM5: Nam 3
B6: DÒNG TIỀN VÀO
B7: Thu tiền hoa hồng, booking & thưởng | C7: triệu VND | D7: =PnL!D11*Gia_dinh!$F$109 | E7: =PnL!E11*Gia_dinh!$F$109+PnL!D11*Gia_dinh!$F$110 | F7: =PnL!F11*Gia_dinh!$F$109+PnL!E11*Gia_dinh!$F$110+PnL!D11*Gia_dinh!$F$111 | G7: =PnL!G11*Gia_dinh!$F$109+PnL!F11*Gia_dinh!$F$110+PnL!E11*Gia_dinh!$F$111 | H7: =PnL!H11*Gia_dinh!$F$109+PnL!G11*Gia_dinh!$F$110+PnL!F11*Gia_dinh!$F$111 | I7: =PnL!I11*Gia_dinh!$F$109+PnL!H11*Gia_dinh!$F$110+PnL!G11*Gia_dinh!$F$111 | J7: =PnL!J11*Gia_dinh!$F$109+PnL!I11*Gia_dinh!$F$110+PnL!H11*Gia_dinh!$F$111 | K7: =PnL!K11*Gia_dinh!$F$109+PnL!J11*Gia_dinh!$F$110+PnL!I11*Gia_dinh!$F$111 | L7: =PnL!L11*Gia_dinh!$F$109+PnL!K11*Gia_dinh!$F$110+PnL!J11*Gia_dinh!$F$111 | M7: =PnL!M11*Gia_dinh!$F$109+PnL!L11*Gia_dinh!$F$110+PnL!K11*Gia_dinh!$F$111 | ... AM7: =PnL!AM11*Gia_dinh!$F$109+PnL!AL11*Gia_dinh!$F$110+PnL!AK11*Gia_dinh!$F$111
B9: DÒNG TIỀN RA
B10: Trả chia sẻ hoa hồng cho talent | C10: triệu VND | D10: =PnL!D14*Gia_dinh!$F$112 | E10: =PnL!E14*Gia_dinh!$F$112+PnL!D14*Gia_dinh!$F$113 | F10: =PnL!F14*Gia_dinh!$F$112+PnL!E14*Gia_dinh!$F$113+PnL!D14*Gia_dinh!$F$114 | G10: =PnL!G14*Gia_dinh!$F$112+PnL!F14*Gia_dinh!$F$113+PnL!E14*Gia_dinh!$F$114 | H10: =PnL!H14*Gia_dinh!$F$112+PnL!G14*Gia_dinh!$F$113+PnL!F14*Gia_dinh!$F$114 | I10: =PnL!I14*Gia_dinh!$F$112+PnL!H14*Gia_dinh!$F$113+PnL!G14*Gia_dinh!$F$114 | J10: =PnL!J14*Gia_dinh!$F$112+PnL!I14*Gia_dinh!$F$113+PnL!H14*Gia_dinh!$F$114 | K10: =PnL!K14*Gia_dinh!$F$112+PnL!J14*Gia_dinh!$F$113+PnL!I14*Gia_dinh!$F$114 | L10: =PnL!L14*Gia_dinh!$F$112+PnL!K14*Gia_dinh!$F$113+PnL!J14*Gia_dinh!$F$114 | M10: =PnL!M14*Gia_dinh!$F$112+PnL!L14*Gia_dinh!$F$113+PnL!K14*Gia_dinh!$F$114 | ... AM10: =PnL!AM14*Gia_dinh!$F$112+PnL!AL14*Gia_dinh!$F$113+PnL!AK14*Gia_dinh!$F$114
B11: Chi phí trực tiếp khác (lương talent, ê-kíp, studio, ads, dựng IP) | C11: triệu VND | D11: =PnL!D22-PnL!D14 | E11: =PnL!E22-PnL!E14 | F11: =PnL!F22-PnL!F14 | G11: =PnL!G22-PnL!G14 | H11: =PnL!H22-PnL!H14 | I11: =PnL!I22-PnL!I14 | J11: =PnL!J22-PnL!J14 | K11: =PnL!K22-PnL!K14 | ... AM11: =PnL!AM22-PnL!AM14
B12: Chi phí tầng công ty | C12: triệu VND | D12: =PnL!D31 | E12: =PnL!E31 | F12: =PnL!F31 | G12: =PnL!G31 | H12: =PnL!H31 | I12: =PnL!I31 | J12: =PnL!J31 | K12: =PnL!K31 | ... AM12: =PnL!AM31
B13: Nộp thuế TNDN | C13: triệu VND | D13: =PnL!D39 | E13: =PnL!E39 | F13: =PnL!F39 | G13: =PnL!G39 | H13: =PnL!H39 | I13: =PnL!I39 | J13: =PnL!J39 | K13: =PnL!K39 | ... AM13: =PnL!AM39
B14: Đầu tư tài sản (capex) | C14: triệu VND | D14: =Chi_phi!D42 | E14: =Chi_phi!E42 | F14: =Chi_phi!F42 | G14: =Chi_phi!G42 | H14: =Chi_phi!H42 | I14: =Chi_phi!I42 | J14: =Chi_phi!J42 | K14: =Chi_phi!K42 | ... AM14: =Chi_phi!AM42
B15: TỔNG CHI | C15: triệu VND | D15: =SUM(D10:D14) | E15: =SUM(E10:E14) | F15: =SUM(F10:F14) | G15: =SUM(G10:G14) | H15: =SUM(H10:H14) | I15: =SUM(I10:I14) | J15: =SUM(J10:J14) | K15: =SUM(K10:K14) | ... AM15: =SUM(AM10:AM14)
B17: DÒNG TIỀN TỪ HOẠT ĐỘNG & ĐẦU TƯ | C17: triệu VND | D17: =D7-D15 | E17: =E7-E15 | F17: =F7-F15 | G17: =G7-G15 | H17: =H7-H15 | I17: =I7-I15 | J17: =J7-J15 | K17: =K7-K15 | ... AM17: =AM7-AM15
B18: Vốn góp từ nhà đầu tư | C18: triệu VND | D18: =IF(1=Gia_dinh!$F$97,Gia_dinh!$F$96,0)+IF(1=Gia_dinh!$F$99,Gia_dinh!$F$98,0) | E18: =IF(2=Gia_dinh!$F$97,Gia_dinh!$F$96,0)+IF(2=Gia_dinh!$F$99,Gia_dinh!$F$98,0) | F18: =IF(3=Gia_dinh!$F$97,Gia_dinh!$F$96,0)+IF(3=Gia_dinh!$F$99,Gia_dinh!$F$98,0) | G18: =IF(4=Gia_dinh!$F$97,Gia_dinh!$F$96,0)+IF(4=Gia_dinh!$F$99,Gia_dinh!$F$98,0) | H18: =IF(5=Gia_dinh!$F$97,Gia_dinh!$F$96,0)+IF(5=Gia_dinh!$F$99,Gia_dinh!$F$98,0) | I18: =IF(6=Gia_dinh!$F$97,Gia_dinh!$F$96,0)+IF(6=Gia_dinh!$F$99,Gia_dinh!$F$98,0) | J18: =IF(7=Gia_dinh!$F$97,Gia_dinh!$F$96,0)+IF(7=Gia_dinh!$F$99,Gia_dinh!$F$98,0) | K18: =IF(8=Gia_dinh!$F$97,Gia_dinh!$F$96,0)+IF(8=Gia_dinh!$F$99,Gia_dinh!$F$98,0) | L18: =IF(9=Gia_dinh!$F$97,Gia_dinh!$F$96,0)+IF(9=Gia_dinh!$F$99,Gia_dinh!$F$98,0) | M18: =IF(10=Gia_dinh!$F$97,Gia_dinh!$F$96,0)+IF(10=Gia_dinh!$F$99,Gia_dinh!$F$98,0) | N18: =IF(11=Gia_dinh!$F$97,Gia_dinh!$F$96,0)+IF(11=Gia_dinh!$F$99,Gia_dinh!$F$98,0) | O18: =IF(12=Gia_dinh!$F$97,Gia_dinh!$F$96,0)+IF(12=Gia_dinh!$F$99,Gia_dinh!$F$98,0) | P18: =IF(13=Gia_dinh!$F$97,Gia_dinh!$F$96,0)+IF(13=Gia_dinh!$F$99,Gia_dinh!$F$98,0) | Q18: =IF(14=Gia_dinh!$F$97,Gia_dinh!$F$96,0)+IF(14=Gia_dinh!$F$99,Gia_dinh!$F$98,0) | R18: =IF(15=Gia_dinh!$F$97,Gia_dinh!$F$96,0)+IF(15=Gia_dinh!$F$99,Gia_dinh!$F$98,0) | S18: =IF(16=Gia_dinh!$F$97,Gia_dinh!$F$96,0)+IF(16=Gia_dinh!$F$99,Gia_dinh!$F$98,0) | T18: =IF(17=Gia_dinh!$F$97,Gia_dinh!$F$96,0)+IF(17=Gia_dinh!$F$99,Gia_dinh!$F$98,0) | U18: =IF(18=Gia_dinh!$F$97,Gia_dinh!$F$96,0)+IF(18=Gia_dinh!$F$99,Gia_dinh!$F$98,0) | V18: =IF(19=Gia_dinh!$F$97,Gia_dinh!$F$96,0)+IF(19=Gia_dinh!$F$99,Gia_dinh!$F$98,0) | W18: =IF(20=Gia_dinh!$F$97,Gia_dinh!$F$96,0)+IF(20=Gia_dinh!$F$99,Gia_dinh!$F$98,0) | X18: =IF(21=Gia_dinh!$F$97,Gia_dinh!$F$96,0)+IF(21=Gia_dinh!$F$99,Gia_dinh!$F$98,0) | Y18: =IF(22=Gia_dinh!$F$97,Gia_dinh!$F$96,0)+IF(22=Gia_dinh!$F$99,Gia_dinh!$F$98,0) | Z18: =IF(23=Gia_dinh!$F$97,Gia_dinh!$F$96,0)+IF(23=Gia_dinh!$F$99,Gia_dinh!$F$98,0) | AA18: =IF(24=Gia_dinh!$F$97,Gia_dinh!$F$96,0)+IF(24=Gia_dinh!$F$99,Gia_dinh!$F$98,0) | AB18: =IF(25=Gia_dinh!$F$97,Gia_dinh!$F$96,0)+IF(25=Gia_dinh!$F$99,Gia_dinh!$F$98,0) | AC18: =IF(26=Gia_dinh!$F$97,Gia_dinh!$F$96,0)+IF(26=Gia_dinh!$F$99,Gia_dinh!$F$98,0) | AD18: =IF(27=Gia_dinh!$F$97,Gia_dinh!$F$96,0)+IF(27=Gia_dinh!$F$99,Gia_dinh!$F$98,0) | AE18: =IF(28=Gia_dinh!$F$97,Gia_dinh!$F$96,0)+IF(28=Gia_dinh!$F$99,Gia_dinh!$F$98,0) | AF18: =IF(29=Gia_dinh!$F$97,Gia_dinh!$F$96,0)+IF(29=Gia_dinh!$F$99,Gia_dinh!$F$98,0) | AG18: =IF(30=Gia_dinh!$F$97,Gia_dinh!$F$96,0)+IF(30=Gia_dinh!$F$99,Gia_dinh!$F$98,0) | AH18: =IF(31=Gia_dinh!$F$97,Gia_dinh!$F$96,0)+IF(31=Gia_dinh!$F$99,Gia_dinh!$F$98,0) | AI18: =IF(32=Gia_dinh!$F$97,Gia_dinh!$F$96,0)+IF(32=Gia_dinh!$F$99,Gia_dinh!$F$98,0) | AJ18: =IF(33=Gia_dinh!$F$97,Gia_dinh!$F$96,0)+IF(33=Gia_dinh!$F$99,Gia_dinh!$F$98,0) | AK18: =IF(34=Gia_dinh!$F$97,Gia_dinh!$F$96,0)+IF(34=Gia_dinh!$F$99,Gia_dinh!$F$98,0) | AL18: =IF(35=Gia_dinh!$F$97,Gia_dinh!$F$96,0)+IF(35=Gia_dinh!$F$99,Gia_dinh!$F$98,0) | AM18: =IF(36=Gia_dinh!$F$97,Gia_dinh!$F$96,0)+IF(36=Gia_dinh!$F$99,Gia_dinh!$F$98,0)
B19: DÒNG TIỀN THUẦN TRONG THÁNG | C19: triệu VND | D19: =D17+D18 | E19: =E17+E18 | F19: =F17+F18 | G19: =G17+G18 | H19: =H17+H18 | I19: =I17+I18 | J19: =J17+J18 | K19: =K17+K18 | ... AM19: =AM17+AM18
B20: Tiền đầu kỳ | C20: triệu VND | D20: =Gia_dinh!$F$95 | E20: =D21 | F20: =E21 | G20: =F21 | H20: =G21 | I20: =H21 | J20: =I21 | K20: =J21 | L20: =K21 | ... AM20: =AL21
B21: TIỀN CUỐI KỲ | C21: triệu VND | D21: =D20+D19 | E21: =E20+E19 | F21: =F20+F19 | G21: =G20+G19 | H21: =H20+H19 | I21: =I20+I19 | J21: =J20+J19 | K21: =K20+K19 | ... AM21: =AM20+AM19
B23: NHU CẦU VỐN
B24: Dòng tiền HĐKD & đầu tư luỹ kế (chưa tính vốn góp) | C24: triệu VND | D24: =D17 | E24: =D24+E17 | F24: =E24+F17 | G24: =F24+G17 | H24: =G24+H17 | I24: =H24+I17 | J24: =I24+J17 | K24: =J24+K17 | L24: =K24+L17 | ... AM24: =AL24+AM17
B25: Nhu cầu vốn luỹ kế tối đa tính đến tháng này | C25: triệu VND | D25: =-MIN(0,MIN($D$24:D24)) | E25: =-MIN(0,MIN($D$24:E24)) | F25: =-MIN(0,MIN($D$24:F24)) | G25: =-MIN(0,MIN($D$24:G24)) | H25: =-MIN(0,MIN($D$24:H24)) | I25: =-MIN(0,MIN($D$24:I24)) | J25: =-MIN(0,MIN($D$24:J24)) | K25: =-MIN(0,MIN($D$24:K24)) | ... AM25: =-MIN(0,MIN($D$24:AM24))
B26: Số tháng tiền còn đủ (runway) theo mức đốt hiện tại | C26: thang | D26: =IF(D17>=0,"lãi dương",IFERROR(ROUND(D21/-D17,1),0)) | E26: =IF(E17>=0,"lãi dương",IFERROR(ROUND(E21/-E17,1),0)) | F26: =IF(F17>=0,"lãi dương",IFERROR(ROUND(F21/-F17,1),0)) | G26: =IF(G17>=0,"lãi dương",IFERROR(ROUND(G21/-G17,1),0)) | H26: =IF(H17>=0,"lãi dương",IFERROR(ROUND(H21/-H17,1),0)) | I26: =IF(I17>=0,"lãi dương",IFERROR(ROUND(I21/-I17,1),0)) | J26: =IF(J17>=0,"lãi dương",IFERROR(ROUND(J21/-J17,1),0)) | K26: =IF(K17>=0,"lãi dương",IFERROR(ROUND(K21/-K17,1),0)) | ... AM26: =IF(AM17>=0,"lãi dương",IFERROR(ROUND(AM21/-AM17,1),0))
